2026-04-03 05:28:54,414 - __main__ - INFO - 
############################################################
2026-04-03 05:28:54,414 - __main__ - INFO - Dataset: amazon
2026-04-03 05:28:54,414 - __main__ - INFO - ############################################################
2026-04-03 05:28:54,416 - __main__ - INFO - 

Starting study: capn
2026-04-03 05:28:54,417 - __main__ - INFO - 
============================================================
2026-04-03 05:28:54,418 - __main__ - INFO - Running experiment: CARE-GNN (original RL)
2026-04-03 05:28:54,418 - __main__ - INFO - ============================================================
2026-04-03 05:28:54,418 - __main__ - INFO - Config: {'model': 'CARE', 'use_capn': False}
2026-04-03 05:28:55,644 - train - INFO - Using device: cuda
2026-04-03 05:28:55,653 - utils - INFO - Random seed set to 72
2026-04-03 05:28:55,653 - utils - INFO - Loading cached labels/features from amz_labels.npy, amz_features.npy
2026-04-03 05:29:00,591 - utils - INFO - Loaded amazon dataset: 11944 nodes, 25 features
2026-04-03 05:29:00,596 - train - INFO - Split: train=2159, val=1296, test=5184
2026-04-03 05:29:00,654 - train - INFO - Model: CARE, Inter-AGG: GNN, emb_size: 64
2026-04-03 05:29:02,836 - train - INFO - Epoch: 0, loss: 2.1149, lr: 0.010000, time: 0.85s
2026-04-03 05:29:11,882 - utils - INFO - GNN F1: 0.8243, Acc: 0.9403, Recall: 0.8228, AUC: 0.9100, AP: 0.7567
2026-04-03 05:29:11,882 - utils - INFO - Label F1: 0.4139, Acc: 0.6151, Recall: 0.4086, AUC: 0.5062, AP: 0.0866
2026-04-03 05:29:14,671 - utils - INFO - GNN F1: 0.8333, Acc: 0.9492, Recall: 0.8168, AUC: 0.8965, AP: 0.7030
2026-04-03 05:29:14,672 - utils - INFO - Label F1: 0.3859, Acc: 0.5736, Recall: 0.3663, AUC: 0.4635, AP: 0.0811
2026-04-03 05:29:14,672 - train - INFO - Validation AUC: 0.8965
2026-04-03 05:29:14,678 - utils - INFO - Checkpoint saved to checkpoints\best_CARE_amazon.pt
2026-04-03 05:29:14,678 - train - INFO - New best model saved (AUC: 0.8965)
2026-04-03 05:29:15,502 - train - INFO - Epoch: 1, loss: 2.0111, lr: 0.010000, time: 0.82s
2026-04-03 05:29:16,093 - layers - INFO - RL update - scores: ['0.0310', '0.0359', '0.0357'], rewards: [1, -1, -1], thresholds: ['0.5200', '0.4800', '0.4800']
2026-04-03 05:29:16,451 - train - INFO - Epoch: 2, loss: 1.9323, lr: 0.010000, time: 0.95s
2026-04-03 05:29:17,020 - layers - INFO - RL update - scores: ['0.0291', '0.0338', '0.0367'], rewards: [1, 1, -1], thresholds: ['0.5400', '0.5000', '0.4600']
2026-04-03 05:29:17,348 - train - INFO - Epoch: 3, loss: 1.9010, lr: 0.010000, time: 0.90s
2026-04-03 05:29:28,333 - utils - INFO - GNN F1: 0.6127, Acc: 0.7487, Recall: 0.7826, AUC: 0.8783, AP: 0.7913
2026-04-03 05:29:28,333 - utils - INFO - Label F1: 0.4346, Acc: 0.4987, Recall: 0.6589, AUC: 0.6540, AP: 0.1292
2026-04-03 05:29:31,282 - utils - INFO - GNN F1: 0.6025, Acc: 0.7389, Recall: 0.7611, AUC: 0.8341, AP: 0.7317
2026-04-03 05:29:31,282 - utils - INFO - Label F1: 0.3902, Acc: 0.4421, Recall: 0.6095, AUC: 0.6266, AP: 0.1225
2026-04-03 05:29:31,282 - train - INFO - Validation AUC: 0.8341
2026-04-03 05:29:31,884 - layers - INFO - RL update - scores: ['0.0291', '0.0359', '0.0425'], rewards: [1, -1, -1], thresholds: ['0.5600', '0.4800', '0.4400']
2026-04-03 05:29:32,284 - train - INFO - Epoch: 4, loss: 1.8730, lr: 0.010000, time: 1.00s
2026-04-03 05:29:32,793 - layers - INFO - RL update - scores: ['0.0299', '0.0337', '0.0366'], rewards: [-1, 1, 1], thresholds: ['0.5400', '0.5000', '0.4600']
2026-04-03 05:29:33,150 - train - INFO - Epoch: 5, loss: 1.8261, lr: 0.010000, time: 0.87s
2026-04-03 05:29:33,675 - layers - INFO - RL update - scores: ['0.0297', '0.0321', '0.0414'], rewards: [1, 1, -1], thresholds: ['0.5600', '0.5200', '0.4400']
2026-04-03 05:29:33,994 - train - INFO - Epoch: 6, loss: 1.7504, lr: 0.010000, time: 0.84s
2026-04-03 05:29:45,434 - utils - INFO - GNN F1: 0.8339, Acc: 0.9366, Recall: 0.8736, AUC: 0.8809, AP: 0.7985
2026-04-03 05:29:45,434 - utils - INFO - Label F1: 0.4351, Acc: 0.4994, Recall: 0.6593, AUC: 0.7977, AP: 0.2813
2026-04-03 05:29:47,574 - utils - INFO - GNN F1: 0.8336, Acc: 0.9375, Recall: 0.8713, AUC: 0.8421, AP: 0.7498
2026-04-03 05:29:47,574 - utils - INFO - Label F1: 0.3908, Acc: 0.4421, Recall: 0.6118, AUC: 0.7568, AP: 0.2502
2026-04-03 05:29:47,574 - train - INFO - Validation AUC: 0.8421
2026-04-03 05:29:48,000 - layers - INFO - RL update - scores: ['0.0331', '0.0417', '0.0486'], rewards: [-1, -1, -1], thresholds: ['0.5400', '0.5000', '0.4200']
2026-04-03 05:29:48,268 - train - INFO - Epoch: 7, loss: 1.7544, lr: 0.010000, time: 0.69s
2026-04-03 05:29:48,702 - layers - INFO - RL update - scores: ['0.0348', '0.0425', '0.0427'], rewards: [-1, -1, 1], thresholds: ['0.5200', '0.4800', '0.4400']
2026-04-03 05:29:49,048 - train - INFO - Epoch: 8, loss: 1.7115, lr: 0.010000, time: 0.78s
2026-04-03 05:29:49,525 - layers - INFO - RL update - scores: ['0.0426', '0.0442', '0.0464'], rewards: [-1, -1, -1], thresholds: ['0.5000', '0.4600', '0.4200']
2026-04-03 05:29:49,866 - train - INFO - Epoch: 9, loss: 1.6381, lr: 0.010000, time: 0.82s
2026-04-03 05:30:02,255 - utils - INFO - GNN F1: 0.8729, Acc: 0.9552, Recall: 0.8840, AUC: 0.9045, AP: 0.8128
2026-04-03 05:30:02,256 - utils - INFO - Label F1: 0.4695, Acc: 0.5493, Recall: 0.6847, AUC: 0.8488, AP: 0.5310
2026-04-03 05:30:05,050 - utils - INFO - GNN F1: 0.8614, Acc: 0.9505, Recall: 0.8780, AUC: 0.8809, AP: 0.7710
2026-04-03 05:30:05,050 - utils - INFO - Label F1: 0.4336, Acc: 0.5033, Recall: 0.6434, AUC: 0.8004, AP: 0.4388
2026-04-03 05:30:05,051 - train - INFO - Validation AUC: 0.8809
2026-04-03 05:30:05,548 - layers - INFO - RL update - scores: ['0.0487', '0.0480', '0.0519'], rewards: [-1, -1, -1], thresholds: ['0.4800', '0.4400', '0.4000']
2026-04-03 05:30:05,873 - train - INFO - Epoch: 10, loss: 1.6344, lr: 0.010000, time: 0.82s
2026-04-03 05:30:06,371 - layers - INFO - RL update - scores: ['0.0484', '0.0516', '0.0513'], rewards: [1, -1, 1], thresholds: ['0.5000', '0.4200', '0.4200']
2026-04-03 05:30:06,666 - train - INFO - Epoch: 11, loss: 1.5984, lr: 0.010000, time: 0.79s
2026-04-03 05:30:07,193 - layers - INFO - RL update - scores: ['0.0582', '0.0559', '0.0546'], rewards: [-1, -1, -1], thresholds: ['0.4800', '0.4000', '0.4000']
2026-04-03 05:30:07,551 - train - INFO - Epoch: 12, loss: 1.5776, lr: 0.010000, time: 0.88s
2026-04-03 05:30:19,105 - utils - INFO - GNN F1: 0.8715, Acc: 0.9542, Recall: 0.8864, AUC: 0.9299, AP: 0.8338
2026-04-03 05:30:19,105 - utils - INFO - Label F1: 0.5235, Acc: 0.6276, Recall: 0.7249, AUC: 0.8636, AP: 0.6718
2026-04-03 05:30:22,092 - utils - INFO - GNN F1: 0.8540, Acc: 0.9473, Recall: 0.8740, AUC: 0.9310, AP: 0.8096
2026-04-03 05:30:22,092 - utils - INFO - Label F1: 0.4891, Acc: 0.5833, Recall: 0.6877, AUC: 0.8144, AP: 0.5776
2026-04-03 05:30:22,092 - train - INFO - Validation AUC: 0.9310
2026-04-03 05:30:22,097 - utils - INFO - Checkpoint saved to checkpoints\best_CARE_amazon.pt
2026-04-03 05:30:22,097 - train - INFO - New best model saved (AUC: 0.9310)
2026-04-03 05:30:22,730 - layers - INFO - RL update - scores: ['0.0703', '0.0586', '0.0579'], rewards: [-1, -1, -1], thresholds: ['0.4600', '0.3800', '0.3800']
2026-04-03 05:30:23,063 - train - INFO - Epoch: 13, loss: 1.5680, lr: 0.010000, time: 0.96s
2026-04-03 05:30:23,600 - layers - INFO - RL update - scores: ['0.0729', '0.0620', '0.0581'], rewards: [-1, -1, -1], thresholds: ['0.4400', '0.3600', '0.3600']
2026-04-03 05:30:23,931 - train - INFO - Epoch: 14, loss: 1.5439, lr: 0.010000, time: 0.87s
2026-04-03 05:30:24,586 - layers - INFO - RL update - scores: ['0.0781', '0.0663', '0.0599'], rewards: [-1, -1, -1], thresholds: ['0.4200', '0.3400', '0.3400']
2026-04-03 05:30:24,911 - train - INFO - Epoch: 15, loss: 1.5193, lr: 0.010000, time: 0.98s
2026-04-03 05:30:37,915 - utils - INFO - GNN F1: 0.8905, Acc: 0.9632, Recall: 0.8877, AUC: 0.9340, AP: 0.8424
2026-04-03 05:30:37,916 - utils - INFO - Label F1: 0.5450, Acc: 0.6581, Recall: 0.7403, AUC: 0.8696, AP: 0.7322
2026-04-03 05:30:40,947 - utils - INFO - GNN F1: 0.8748, Acc: 0.9564, Recall: 0.8790, AUC: 0.9350, AP: 0.8213
2026-04-03 05:30:40,947 - utils - INFO - Label F1: 0.5113, Acc: 0.6152, Recall: 0.7054, AUC: 0.8203, AP: 0.6517
2026-04-03 05:30:40,948 - train - INFO - Validation AUC: 0.9350
2026-04-03 05:30:40,954 - utils - INFO - Checkpoint saved to checkpoints\best_CARE_amazon.pt
2026-04-03 05:30:40,954 - train - INFO - New best model saved (AUC: 0.9350)
2026-04-03 05:30:41,477 - layers - INFO - RL update - scores: ['0.0788', '0.0683', '0.0570'], rewards: [-1, -1, 1], thresholds: ['0.4000', '0.3200', '0.3600']
2026-04-03 05:30:41,832 - train - INFO - Epoch: 16, loss: 1.5228, lr: 0.010000, time: 0.88s
2026-04-03 05:30:42,315 - layers - INFO - RL update - scores: ['0.0878', '0.0679', '0.0598'], rewards: [-1, 1, -1], thresholds: ['0.3800', '0.3400', '0.3400']
2026-04-03 05:30:42,632 - train - INFO - Epoch: 17, loss: 1.4884, lr: 0.010000, time: 0.80s
2026-04-03 05:30:43,097 - layers - INFO - RL update - scores: ['0.0934', '0.0758', '0.0601'], rewards: [-1, -1, -1], thresholds: ['0.3600', '0.3200', '0.3200']
2026-04-03 05:30:43,412 - train - INFO - Epoch: 18, loss: 1.4717, lr: 0.010000, time: 0.78s
2026-04-03 05:30:55,223 - utils - INFO - GNN F1: 0.8805, Acc: 0.9581, Recall: 0.8896, AUC: 0.9346, AP: 0.8419
2026-04-03 05:30:55,224 - utils - INFO - Label F1: 0.5879, Acc: 0.7150, Recall: 0.7709, AUC: 0.8733, AP: 0.7594
2026-04-03 05:30:58,055 - utils - INFO - GNN F1: 0.8607, Acc: 0.9499, Recall: 0.8782, AUC: 0.9374, AP: 0.8185
2026-04-03 05:30:58,055 - utils - INFO - Label F1: 0.5651, Acc: 0.6888, Recall: 0.7421, AUC: 0.8245, AP: 0.6893
2026-04-03 05:30:58,055 - train - INFO - Validation AUC: 0.9374
2026-04-03 05:30:58,060 - utils - INFO - Checkpoint saved to checkpoints\best_CARE_amazon.pt
2026-04-03 05:30:58,060 - train - INFO - New best model saved (AUC: 0.9374)
2026-04-03 05:30:58,631 - layers - INFO - RL update - scores: ['0.0956', '0.0819', '0.0620'], rewards: [-1, -1, -1], thresholds: ['0.3400', '0.3000', '0.3000']
2026-04-03 05:30:58,956 - train - INFO - Epoch: 19, loss: 1.4403, lr: 0.010000, time: 0.90s
2026-04-03 05:30:59,519 - layers - INFO - RL update - scores: ['0.1002', '0.0827', '0.0584'], rewards: [-1, -1, 1], thresholds: ['0.3200', '0.2800', '0.3200']
2026-04-03 05:30:59,885 - train - INFO - Epoch: 20, loss: 1.4466, lr: 0.010000, time: 0.93s
2026-04-03 05:31:00,502 - layers - INFO - RL update - scores: ['0.0967', '0.0882', '0.0628'], rewards: [1, -1, -1], thresholds: ['0.3400', '0.2600', '0.3000']
2026-04-03 05:31:00,799 - train - INFO - Epoch: 21, loss: 1.4426, lr: 0.010000, time: 0.91s
2026-04-03 05:31:12,847 - utils - INFO - GNN F1: 0.8788, Acc: 0.9572, Recall: 0.8899, AUC: 0.9319, AP: 0.8408
2026-04-03 05:31:12,848 - utils - INFO - Label F1: 0.6293, Acc: 0.7673, Recall: 0.7943, AUC: 0.8754, AP: 0.7740
2026-04-03 05:31:15,646 - utils - INFO - GNN F1: 0.8658, Acc: 0.9518, Recall: 0.8815, AUC: 0.9345, AP: 0.8187
2026-04-03 05:31:15,646 - utils - INFO - Label F1: 0.6086, Acc: 0.7441, Recall: 0.7728, AUC: 0.8274, AP: 0.7099
2026-04-03 05:31:15,646 - train - INFO - Validation AUC: 0.9345
2026-04-03 05:31:16,126 - layers - INFO - RL update - scores: ['0.1083', '0.0890', '0.0626'], rewards: [-1, -1, 1], thresholds: ['0.3200', '0.2400', '0.3200']
2026-04-03 05:31:16,433 - train - INFO - Epoch: 22, loss: 1.4349, lr: 0.010000, time: 0.79s
2026-04-03 05:31:16,928 - layers - INFO - RL update - scores: ['0.1178', '0.0945', '0.0695'], rewards: [-1, -1, -1], thresholds: ['0.3000', '0.2200', '0.3000']
2026-04-03 05:31:17,251 - train - INFO - Epoch: 23, loss: 1.4501, lr: 0.010000, time: 0.82s
2026-04-03 05:31:17,794 - layers - INFO - RL update - scores: ['0.1151', '0.0919', '0.0695'], rewards: [1, 1, -1], thresholds: ['0.3200', '0.2400', '0.2800']
2026-04-03 05:31:18,099 - train - INFO - Epoch: 24, loss: 1.4282, lr: 0.010000, time: 0.85s
2026-04-03 05:31:29,093 - utils - INFO - GNN F1: 0.8840, Acc: 0.9598, Recall: 0.8914, AUC: 0.9386, AP: 0.8511
2026-04-03 05:31:29,093 - utils - INFO - Label F1: 0.6646, Acc: 0.8060, Recall: 0.8138, AUC: 0.8770, AP: 0.7828
2026-04-03 05:31:31,942 - utils - INFO - GNN F1: 0.8748, Acc: 0.9557, Recall: 0.8859, AUC: 0.9435, AP: 0.8350
2026-04-03 05:31:31,942 - utils - INFO - Label F1: 0.6350, Acc: 0.7754, Recall: 0.7879, AUC: 0.8294, AP: 0.7213
2026-04-03 05:31:31,942 - train - INFO - Validation AUC: 0.9435
2026-04-03 05:31:31,950 - utils - INFO - Checkpoint saved to checkpoints\best_CARE_amazon.pt
2026-04-03 05:31:31,950 - train - INFO - New best model saved (AUC: 0.9435)
2026-04-03 05:31:32,418 - layers - INFO - RL update - scores: ['0.1266', '0.1021', '0.0679'], rewards: [-1, -1, 1], thresholds: ['0.3000', '0.2200', '0.3000']
2026-04-03 05:31:32,705 - train - INFO - Epoch: 25, loss: 1.3995, lr: 0.010000, time: 0.75s
2026-04-03 05:31:33,230 - layers - INFO - RL update - scores: ['0.1259', '0.1009', '0.0750'], rewards: [1, 1, -1], thresholds: ['0.3200', '0.2400', '0.2800']
2026-04-03 05:31:33,601 - train - INFO - Epoch: 26, loss: 1.4136, lr: 0.010000, time: 0.89s
2026-04-03 05:31:34,140 - layers - INFO - RL update - scores: ['0.1356', '0.1051', '0.0703'], rewards: [-1, -1, 1], thresholds: ['0.3000', '0.2200', '0.3000']
2026-04-03 05:31:34,449 - train - INFO - Epoch: 27, loss: 1.4143, lr: 0.010000, time: 0.85s
2026-04-03 05:31:46,029 - utils - INFO - GNN F1: 0.9011, Acc: 0.9671, Recall: 0.8925, AUC: 0.9398, AP: 0.8535
2026-04-03 05:31:46,029 - utils - INFO - Label F1: 0.7215, Acc: 0.8590, Recall: 0.8408, AUC: 0.8786, AP: 0.7908
2026-04-03 05:31:48,651 - utils - INFO - GNN F1: 0.8824, Acc: 0.9596, Recall: 0.8809, AUC: 0.9461, AP: 0.8421
2026-04-03 05:31:48,651 - utils - INFO - Label F1: 0.7101, Acc: 0.8516, Recall: 0.8304, AUC: 0.8315, AP: 0.7323
2026-04-03 05:31:48,651 - train - INFO - Validation AUC: 0.9461
2026-04-03 05:31:48,656 - utils - INFO - Checkpoint saved to checkpoints\best_CARE_amazon.pt
2026-04-03 05:31:48,656 - train - INFO - New best model saved (AUC: 0.9461)
2026-04-03 05:31:49,157 - layers - INFO - RL update - scores: ['0.1455', '0.1122', '0.0779'], rewards: [-1, -1, -1], thresholds: ['0.2800', '0.2000', '0.2800']
2026-04-03 05:31:49,477 - train - INFO - Epoch: 28, loss: 1.3888, lr: 0.010000, time: 0.82s
2026-04-03 05:31:50,063 - layers - INFO - RL update - scores: ['0.1407', '0.1178', '0.0776'], rewards: [1, -1, 1], thresholds: ['0.3000', '0.1800', '0.3000']
2026-04-03 05:31:50,396 - train - INFO - Epoch: 29, loss: 1.3739, lr: 0.010000, time: 0.92s
2026-04-03 05:31:50,937 - layers - INFO - RL update - scores: ['0.1520', '0.1086', '0.0812'], rewards: [-1, 1, -1], thresholds: ['0.2800', '0.2000', '0.2800']
2026-04-03 05:31:51,266 - train - INFO - Epoch: 30, loss: 1.3751, lr: 0.010000, time: 0.87s
2026-04-03 05:32:02,600 - utils - INFO - GNN F1: 0.8891, Acc: 0.9621, Recall: 0.8916, AUC: 0.9354, AP: 0.8468
2026-04-03 05:32:02,600 - utils - INFO - Label F1: 0.7527, Acc: 0.8843, Recall: 0.8530, AUC: 0.8797, AP: 0.7959
2026-04-03 05:32:05,471 - utils - INFO - GNN F1: 0.8865, Acc: 0.9596, Recall: 0.8903, AUC: 0.9385, AP: 0.8295
2026-04-03 05:32:05,471 - utils - INFO - Label F1: 0.7345, Acc: 0.8717, Recall: 0.8415, AUC: 0.8331, AP: 0.7394
2026-04-03 05:32:05,471 - train - INFO - Validation AUC: 0.9385
2026-04-03 05:32:05,471 - train - INFO - Training complete.
2026-04-03 05:32:05,647 - __main__ - INFO - Experiment CARE-GNN (original RL) completed in 191.2s
2026-04-03 05:32:05,647 - __main__ - INFO - Best GNN AUC: 0.939777650267246
2026-04-03 05:32:05,647 - __main__ - INFO - 
============================================================
2026-04-03 05:32:05,647 - __main__ - INFO - Running experiment: CAPN (policy network)
2026-04-03 05:32:05,647 - __main__ - INFO - ============================================================
2026-04-03 05:32:05,648 - __main__ - INFO - Config: {'model': 'CARE', 'use_capn': True}
2026-04-03 05:32:05,648 - train - INFO - Using device: cuda
2026-04-03 05:32:05,654 - utils - INFO - Random seed set to 72
2026-04-03 05:32:05,655 - utils - INFO - Loading cached labels/features from amz_labels.npy, amz_features.npy
2026-04-03 05:32:11,199 - utils - INFO - Loaded amazon dataset: 11944 nodes, 25 features
2026-04-03 05:32:11,205 - train - INFO - Split: train=2159, val=1296, test=5184
2026-04-03 05:32:11,210 - train - INFO - Model: CARE, Inter-AGG: GNN, emb_size: 64
2026-04-03 05:32:11,211 - train - INFO - Using MLP label predictor (hidden=12)
2026-04-03 05:32:11,218 - train - INFO - Policy network state_dim=30
2026-04-03 05:32:11,218 - train - INFO - CAPN mode enabled: policy_hidden=64, policy_lr=0.001, lambda_policy=0.1
2026-04-03 05:32:11,220 - train - INFO - Dual optimizer: GNN params=2946, Policy params=4262
2026-04-03 05:32:39,672 - train - INFO - Epoch: 0, loss: 2.1403, lr: 0.010000, time: 28.45s
2026-04-03 05:42:00,147 - utils - INFO - GNN F1: 0.4997, Acc: 0.5962, Recall: 0.6983, AUC: 0.7042, AP: 0.1516
2026-04-03 05:42:00,147 - utils - INFO - Label F1: 0.5379, Acc: 0.6456, Recall: 0.7409, AUC: 0.8832, AP: 0.7850
2026-04-03 05:44:13,658 - utils - INFO - GNN F1: 0.4707, Acc: 0.5553, Recall: 0.6692, AUC: 0.6608, AP: 0.1319
2026-04-03 05:44:13,658 - utils - INFO - Label F1: 0.5057, Acc: 0.6003, Recall: 0.7159, AUC: 0.8446, AP: 0.7213
2026-04-03 05:44:13,658 - train - INFO - Validation AUC: 0.6608
2026-04-03 05:44:13,668 - utils - INFO - Checkpoint saved to checkpoints\best_CARE_amazon.pt
2026-04-03 05:44:13,668 - train - INFO - New best model saved (AUC: 0.6608)
2026-04-03 05:44:34,148 - train - INFO - Epoch: 1, loss: 2.0143, lr: 0.010000, time: 20.48s
2026-04-03 05:44:53,789 - train - INFO - Epoch: 2, loss: 1.9055, lr: 0.010000, time: 19.64s
2026-04-03 05:45:12,402 - train - INFO - Epoch: 3, loss: 1.8266, lr: 0.010000, time: 18.61s
2026-04-03 05:45:35,965 - utils - INFO - GNN F1: 0.6631, Acc: 0.8056, Recall: 0.8106, AUC: 0.8736, AP: 0.7584
2026-04-03 05:45:35,966 - utils - INFO - Label F1: 0.8113, Acc: 0.9234, Recall: 0.8726, AUC: 0.8764, AP: 0.8114
2026-04-03 05:45:41,750 - utils - INFO - GNN F1: 0.6390, Acc: 0.7826, Recall: 0.7852, AUC: 0.8271, AP: 0.6969
2026-04-03 05:45:41,750 - utils - INFO - Label F1: 0.7884, Acc: 0.9089, Recall: 0.8598, AUC: 0.8265, AP: 0.7646
2026-04-03 05:45:41,750 - train - INFO - Validation AUC: 0.8271
2026-04-03 05:45:41,757 - utils - INFO - Checkpoint saved to checkpoints\best_CARE_amazon.pt
2026-04-03 05:45:41,757 - train - INFO - New best model saved (AUC: 0.8271)
2026-04-03 05:45:54,295 - train - INFO - Epoch: 4, loss: 1.7577, lr: 0.010000, time: 12.54s
2026-04-03 05:46:08,368 - train - INFO - Epoch: 5, loss: 1.6722, lr: 0.010000, time: 14.07s
2026-04-03 05:46:24,073 - train - INFO - Epoch: 6, loss: 1.5670, lr: 0.010000, time: 15.70s
2026-04-03 05:46:48,556 - utils - INFO - GNN F1: 0.8424, Acc: 0.9423, Recall: 0.8678, AUC: 0.8795, AP: 0.7831
2026-04-03 05:46:48,556 - utils - INFO - Label F1: 0.7103, Acc: 0.8499, Recall: 0.8351, AUC: 0.8770, AP: 0.8118
2026-04-03 05:46:54,188 - utils - INFO - GNN F1: 0.8190, Acc: 0.9277, Recall: 0.8584, AUC: 0.8383, AP: 0.7229
2026-04-03 05:46:54,188 - utils - INFO - Label F1: 0.6908, Acc: 0.8346, Recall: 0.8186, AUC: 0.8271, AP: 0.7643
2026-04-03 05:46:54,188 - train - INFO - Validation AUC: 0.8383
2026-04-03 05:46:54,197 - utils - INFO - Checkpoint saved to checkpoints\best_CARE_amazon.pt
2026-04-03 05:46:54,197 - train - INFO - New best model saved (AUC: 0.8383)
2026-04-03 05:47:10,455 - train - INFO - Epoch: 7, loss: 1.5595, lr: 0.010000, time: 16.26s
2026-04-03 05:47:21,168 - train - INFO - Epoch: 8, loss: 1.5042, lr: 0.010000, time: 10.71s
2026-04-03 05:47:29,463 - train - INFO - Epoch: 9, loss: 1.3751, lr: 0.010000, time: 8.29s
2026-04-03 05:47:53,026 - utils - INFO - GNN F1: 0.8448, Acc: 0.9418, Recall: 0.8787, AUC: 0.9073, AP: 0.8030
2026-04-03 05:47:53,026 - utils - INFO - Label F1: 0.8233, Acc: 0.9299, Recall: 0.8762, AUC: 0.8790, AP: 0.8128
2026-04-03 05:48:00,047 - utils - INFO - GNN F1: 0.8176, Acc: 0.9258, Recall: 0.8646, AUC: 0.8978, AP: 0.7556
2026-04-03 05:48:00,047 - utils - INFO - Label F1: 0.8019, Acc: 0.9160, Recall: 0.8637, AUC: 0.8308, AP: 0.7658
2026-04-03 05:48:00,047 - train - INFO - Validation AUC: 0.8978
2026-04-03 05:48:00,058 - utils - INFO - Checkpoint saved to checkpoints\best_CARE_amazon.pt
2026-04-03 05:48:00,058 - train - INFO - New best model saved (AUC: 0.8978)
2026-04-03 05:48:11,427 - train - INFO - Epoch: 10, loss: 1.3701, lr: 0.010000, time: 11.37s
2026-04-03 05:48:17,564 - train - INFO - Epoch: 11, loss: 1.2899, lr: 0.010000, time: 6.14s
2026-04-03 05:48:26,292 - train - INFO - Epoch: 12, loss: 1.2673, lr: 0.010000, time: 8.73s
2026-04-03 05:48:49,950 - utils - INFO - GNN F1: 0.8633, Acc: 0.9511, Recall: 0.8801, AUC: 0.9153, AP: 0.8211
2026-04-03 05:48:49,950 - utils - INFO - Label F1: 0.8273, Acc: 0.9319, Recall: 0.8782, AUC: 0.8825, AP: 0.8145
2026-04-03 05:48:55,750 - utils - INFO - GNN F1: 0.8510, Acc: 0.9460, Recall: 0.8733, AUC: 0.9222, AP: 0.7928
2026-04-03 05:48:55,751 - utils - INFO - Label F1: 0.8065, Acc: 0.9186, Recall: 0.8652, AUC: 0.8365, AP: 0.7684
2026-04-03 05:48:55,751 - train - INFO - Validation AUC: 0.9222
2026-04-03 05:48:55,759 - utils - INFO - Checkpoint saved to checkpoints\best_CARE_amazon.pt
2026-04-03 05:48:55,759 - train - INFO - New best model saved (AUC: 0.9222)
2026-04-03 05:49:03,018 - train - INFO - Epoch: 13, loss: 1.2108, lr: 0.010000, time: 7.26s
2026-04-03 05:49:11,006 - train - INFO - Epoch: 14, loss: 1.1552, lr: 0.010000, time: 7.99s
2026-04-03 05:49:15,973 - train - INFO - Epoch: 15, loss: 1.1193, lr: 0.010000, time: 4.96s
2026-04-03 05:49:40,020 - utils - INFO - GNN F1: 0.8939, Acc: 0.9648, Recall: 0.8859, AUC: 0.9169, AP: 0.8241
2026-04-03 05:49:40,020 - utils - INFO - Label F1: 0.8810, Acc: 0.9585, Recall: 0.8909, AUC: 0.8978, AP: 0.8192
2026-04-03 05:49:46,781 - utils - INFO - GNN F1: 0.8643, Acc: 0.9538, Recall: 0.8638, AUC: 0.9221, AP: 0.7976
2026-04-03 05:49:46,781 - utils - INFO - Label F1: 0.8588, Acc: 0.9486, Recall: 0.8774, AUC: 0.8645, AP: 0.7784
2026-04-03 05:49:46,781 - train - INFO - Validation AUC: 0.9221
2026-04-03 05:49:54,321 - train - INFO - Epoch: 16, loss: 1.0735, lr: 0.010000, time: 7.54s
2026-04-03 05:49:58,498 - train - INFO - Epoch: 17, loss: 1.0412, lr: 0.010000, time: 4.17s
2026-04-03 05:50:01,836 - train - INFO - Epoch: 18, loss: 0.9888, lr: 0.010000, time: 3.34s
2026-04-03 05:50:24,447 - utils - INFO - GNN F1: 0.8734, Acc: 0.9548, Recall: 0.8902, AUC: 0.9375, AP: 0.8456
2026-04-03 05:50:24,447 - utils - INFO - Label F1: 0.8920, Acc: 0.9634, Recall: 0.8901, AUC: 0.9326, AP: 0.8410
2026-04-03 05:50:29,982 - utils - INFO - GNN F1: 0.8614, Acc: 0.9479, Recall: 0.8860, AUC: 0.9516, AP: 0.8299
2026-04-03 05:50:29,982 - utils - INFO - Label F1: 0.8733, Acc: 0.9557, Recall: 0.8764, AUC: 0.9487, AP: 0.8296
2026-04-03 05:50:29,982 - train - INFO - Validation AUC: 0.9516
2026-04-03 05:50:29,988 - utils - INFO - Checkpoint saved to checkpoints\best_CARE_amazon.pt
2026-04-03 05:50:29,989 - train - INFO - New best model saved (AUC: 0.9516)
2026-04-03 05:50:34,223 - train - INFO - Epoch: 19, loss: 0.9657, lr: 0.010000, time: 4.23s
2026-04-03 05:50:37,893 - train - INFO - Epoch: 20, loss: 0.9334, lr: 0.010000, time: 3.67s
2026-04-03 05:50:41,295 - train - INFO - Epoch: 21, loss: 0.9401, lr: 0.010000, time: 3.40s
2026-04-03 05:51:04,439 - utils - INFO - GNN F1: 0.8730, Acc: 0.9548, Recall: 0.8902, AUC: 0.9399, AP: 0.8475
2026-04-03 05:51:04,439 - utils - INFO - Label F1: 0.8925, Acc: 0.9635, Recall: 0.8902, AUC: 0.9321, AP: 0.8410
2026-04-03 05:51:10,339 - utils - INFO - GNN F1: 0.8615, Acc: 0.9486, Recall: 0.8864, AUC: 0.9478, AP: 0.8267
2026-04-03 05:51:10,340 - utils - INFO - Label F1: 0.8733, Acc: 0.9557, Recall: 0.8764, AUC: 0.9483, AP: 0.8311
2026-04-03 05:51:10,340 - train - INFO - Validation AUC: 0.9478
2026-04-03 05:51:15,012 - train - INFO - Epoch: 22, loss: 0.9368, lr: 0.010000, time: 4.67s
2026-04-03 05:51:17,703 - train - INFO - Epoch: 23, loss: 0.8849, lr: 0.010000, time: 2.69s
2026-04-03 05:51:20,607 - train - INFO - Epoch: 24, loss: 0.8880, lr: 0.010000, time: 2.90s
2026-04-03 05:51:43,201 - utils - INFO - GNN F1: 0.8673, Acc: 0.9526, Recall: 0.8878, AUC: 0.9415, AP: 0.8530
2026-04-03 05:51:43,201 - utils - INFO - Label F1: 0.8677, Acc: 0.9522, Recall: 0.8894, AUC: 0.9331, AP: 0.8414
2026-04-03 05:51:49,041 - utils - INFO - GNN F1: 0.8616, Acc: 0.9479, Recall: 0.8860, AUC: 0.9569, AP: 0.8447
2026-04-03 05:51:49,042 - utils - INFO - Label F1: 0.8515, Acc: 0.9440, Recall: 0.8817, AUC: 0.9498, AP: 0.8317
2026-04-03 05:51:49,042 - train - INFO - Validation AUC: 0.9569
2026-04-03 05:51:49,048 - utils - INFO - Checkpoint saved to checkpoints\best_CARE_amazon.pt
2026-04-03 05:51:49,048 - train - INFO - New best model saved (AUC: 0.9569)
2026-04-03 05:51:52,567 - train - INFO - Epoch: 25, loss: 0.8586, lr: 0.010000, time: 3.52s
2026-04-03 05:51:55,710 - train - INFO - Epoch: 26, loss: 0.8978, lr: 0.010000, time: 3.14s
2026-04-03 05:52:00,130 - train - INFO - Epoch: 27, loss: 0.9276, lr: 0.010000, time: 4.42s
2026-04-03 05:52:22,348 - utils - INFO - GNN F1: 0.8994, Acc: 0.9663, Recall: 0.8938, AUC: 0.9445, AP: 0.8568
2026-04-03 05:52:22,349 - utils - INFO - Label F1: 0.8935, Acc: 0.9639, Recall: 0.8918, AUC: 0.9306, AP: 0.8412
2026-04-03 05:52:27,976 - utils - INFO - GNN F1: 0.8766, Acc: 0.9570, Recall: 0.8794, AUC: 0.9557, AP: 0.8419
2026-04-03 05:52:27,977 - utils - INFO - Label F1: 0.8777, Acc: 0.9570, Recall: 0.8821, AUC: 0.9464, AP: 0.8310
2026-04-03 05:52:27,977 - train - INFO - Validation AUC: 0.9557
2026-04-03 05:52:30,761 - train - INFO - Epoch: 28, loss: 0.8894, lr: 0.010000, time: 2.78s
2026-04-03 05:52:33,856 - train - INFO - Epoch: 29, loss: 0.8501, lr: 0.010000, time: 3.09s
2026-04-03 05:52:36,433 - train - INFO - Epoch: 30, loss: 0.8400, lr: 0.010000, time: 2.58s
2026-04-03 05:52:59,469 - utils - INFO - GNN F1: 0.8608, Acc: 0.9492, Recall: 0.8878, AUC: 0.9421, AP: 0.8520
2026-04-03 05:52:59,469 - utils - INFO - Label F1: 0.8922, Acc: 0.9634, Recall: 0.8915, AUC: 0.9312, AP: 0.8433
2026-04-03 05:53:06,392 - utils - INFO - GNN F1: 0.8505, Acc: 0.9434, Recall: 0.8835, AUC: 0.9500, AP: 0.8322
2026-04-03 05:53:06,393 - utils - INFO - Label F1: 0.8775, Acc: 0.9570, Recall: 0.8821, AUC: 0.9467, AP: 0.8326
2026-04-03 05:53:06,393 - train - INFO - Validation AUC: 0.9500
2026-04-03 05:53:06,393 - train - INFO - Training complete.
2026-04-03 05:53:06,610 - __main__ - INFO - Experiment CAPN (policy network) completed in 1261.0s
2026-04-03 05:53:06,611 - __main__ - INFO - Best GNN AUC: 0.9444800215163213
2026-04-03 05:53:06,612 - __main__ - INFO - Results saved to results/ablation\amazon\capn\ablation_results_20260403_055306.json
2026-04-03 05:53:07,313 - __main__ - INFO - 

Starting study: capn_label
2026-04-03 05:53:07,314 - __main__ - INFO - 
============================================================
2026-04-03 05:53:07,314 - __main__ - INFO - Running experiment: Linear predictor (CARE-GNN)
2026-04-03 05:53:07,314 - __main__ - INFO - ============================================================
2026-04-03 05:53:07,314 - __main__ - INFO - Config: {'model': 'CARE', 'use_capn': False, 'use_mlp_label': False}
2026-04-03 05:53:07,314 - train - INFO - Using device: cuda
2026-04-03 05:53:07,315 - utils - INFO - Random seed set to 72
2026-04-03 05:53:07,316 - utils - INFO - Loading cached labels/features from amz_labels.npy, amz_features.npy
2026-04-03 05:53:11,779 - utils - INFO - Loaded amazon dataset: 11944 nodes, 25 features
2026-04-03 05:53:11,785 - train - INFO - Split: train=2159, val=1296, test=5184
2026-04-03 05:53:11,790 - train - INFO - Model: CARE, Inter-AGG: GNN, emb_size: 64
2026-04-03 05:53:12,729 - train - INFO - Epoch: 0, loss: 2.1149, lr: 0.010000, time: 0.94s
2026-04-03 05:53:25,041 - utils - INFO - GNN F1: 0.8243, Acc: 0.9403, Recall: 0.8228, AUC: 0.9100, AP: 0.7567
2026-04-03 05:53:25,041 - utils - INFO - Label F1: 0.4139, Acc: 0.6151, Recall: 0.4086, AUC: 0.5062, AP: 0.0866
2026-04-03 05:53:27,812 - utils - INFO - GNN F1: 0.8333, Acc: 0.9492, Recall: 0.8168, AUC: 0.8965, AP: 0.7030
2026-04-03 05:53:27,813 - utils - INFO - Label F1: 0.3859, Acc: 0.5736, Recall: 0.3663, AUC: 0.4635, AP: 0.0811
2026-04-03 05:53:27,813 - train - INFO - Validation AUC: 0.8965
2026-04-03 05:53:27,818 - utils - INFO - Checkpoint saved to checkpoints\best_CARE_amazon.pt
2026-04-03 05:53:27,818 - train - INFO - New best model saved (AUC: 0.8965)
2026-04-03 05:53:28,792 - train - INFO - Epoch: 1, loss: 2.0111, lr: 0.010000, time: 0.97s
2026-04-03 05:53:29,379 - layers - INFO - RL update - scores: ['0.0310', '0.0359', '0.0357'], rewards: [1, -1, -1], thresholds: ['0.5200', '0.4800', '0.4800']
2026-04-03 05:53:29,796 - train - INFO - Epoch: 2, loss: 1.9323, lr: 0.010000, time: 1.00s
2026-04-03 05:53:30,862 - layers - INFO - RL update - scores: ['0.0291', '0.0338', '0.0367'], rewards: [1, 1, -1], thresholds: ['0.5400', '0.5000', '0.4600']
2026-04-03 05:53:31,163 - train - INFO - Epoch: 3, loss: 1.9010, lr: 0.010000, time: 1.37s
2026-04-03 05:53:42,865 - utils - INFO - GNN F1: 0.6127, Acc: 0.7487, Recall: 0.7826, AUC: 0.8783, AP: 0.7913
2026-04-03 05:53:42,865 - utils - INFO - Label F1: 0.4346, Acc: 0.4987, Recall: 0.6589, AUC: 0.6540, AP: 0.1292
2026-04-03 05:53:45,783 - utils - INFO - GNN F1: 0.6025, Acc: 0.7389, Recall: 0.7611, AUC: 0.8341, AP: 0.7317
2026-04-03 05:53:45,783 - utils - INFO - Label F1: 0.3902, Acc: 0.4421, Recall: 0.6095, AUC: 0.6266, AP: 0.1225
2026-04-03 05:53:45,783 - train - INFO - Validation AUC: 0.8341
2026-04-03 05:53:46,323 - layers - INFO - RL update - scores: ['0.0291', '0.0359', '0.0425'], rewards: [1, -1, -1], thresholds: ['0.5600', '0.4800', '0.4400']
2026-04-03 05:53:46,677 - train - INFO - Epoch: 4, loss: 1.8730, lr: 0.010000, time: 0.89s
2026-04-03 05:53:47,242 - layers - INFO - RL update - scores: ['0.0299', '0.0337', '0.0366'], rewards: [-1, 1, 1], thresholds: ['0.5400', '0.5000', '0.4600']
2026-04-03 05:53:47,574 - train - INFO - Epoch: 5, loss: 1.8261, lr: 0.010000, time: 0.90s
2026-04-03 05:53:48,113 - layers - INFO - RL update - scores: ['0.0297', '0.0321', '0.0414'], rewards: [1, 1, -1], thresholds: ['0.5600', '0.5200', '0.4400']
2026-04-03 05:53:48,484 - train - INFO - Epoch: 6, loss: 1.7504, lr: 0.010000, time: 0.91s
2026-04-03 05:54:00,198 - utils - INFO - GNN F1: 0.8339, Acc: 0.9366, Recall: 0.8736, AUC: 0.8809, AP: 0.7985
2026-04-03 05:54:00,199 - utils - INFO - Label F1: 0.4351, Acc: 0.4994, Recall: 0.6593, AUC: 0.7977, AP: 0.2813
2026-04-03 05:54:03,565 - utils - INFO - GNN F1: 0.8336, Acc: 0.9375, Recall: 0.8713, AUC: 0.8421, AP: 0.7498
2026-04-03 05:54:03,565 - utils - INFO - Label F1: 0.3908, Acc: 0.4421, Recall: 0.6118, AUC: 0.7568, AP: 0.2502
2026-04-03 05:54:03,565 - train - INFO - Validation AUC: 0.8421
2026-04-03 05:54:04,060 - layers - INFO - RL update - scores: ['0.0331', '0.0417', '0.0486'], rewards: [-1, -1, -1], thresholds: ['0.5400', '0.5000', '0.4200']
2026-04-03 05:54:04,393 - train - INFO - Epoch: 7, loss: 1.7544, lr: 0.010000, time: 0.83s
2026-04-03 05:54:04,929 - layers - INFO - RL update - scores: ['0.0348', '0.0425', '0.0427'], rewards: [-1, -1, 1], thresholds: ['0.5200', '0.4800', '0.4400']
2026-04-03 05:54:05,253 - train - INFO - Epoch: 8, loss: 1.7115, lr: 0.010000, time: 0.86s
2026-04-03 05:54:05,813 - layers - INFO - RL update - scores: ['0.0426', '0.0442', '0.0464'], rewards: [-1, -1, -1], thresholds: ['0.5000', '0.4600', '0.4200']
2026-04-03 05:54:06,150 - train - INFO - Epoch: 9, loss: 1.6381, lr: 0.010000, time: 0.90s
2026-04-03 05:54:17,684 - utils - INFO - GNN F1: 0.8729, Acc: 0.9552, Recall: 0.8840, AUC: 0.9045, AP: 0.8128
2026-04-03 05:54:17,685 - utils - INFO - Label F1: 0.4695, Acc: 0.5493, Recall: 0.6847, AUC: 0.8488, AP: 0.5310
2026-04-03 05:54:20,385 - utils - INFO - GNN F1: 0.8614, Acc: 0.9505, Recall: 0.8780, AUC: 0.8809, AP: 0.7710
2026-04-03 05:54:20,385 - utils - INFO - Label F1: 0.4336, Acc: 0.5033, Recall: 0.6434, AUC: 0.8004, AP: 0.4388
2026-04-03 05:54:20,385 - train - INFO - Validation AUC: 0.8809
2026-04-03 05:54:20,932 - layers - INFO - RL update - scores: ['0.0487', '0.0480', '0.0519'], rewards: [-1, -1, -1], thresholds: ['0.4800', '0.4400', '0.4000']
2026-04-03 05:54:21,271 - train - INFO - Epoch: 10, loss: 1.6344, lr: 0.010000, time: 0.89s
2026-04-03 05:54:21,759 - layers - INFO - RL update - scores: ['0.0484', '0.0516', '0.0513'], rewards: [1, -1, 1], thresholds: ['0.5000', '0.4200', '0.4200']
2026-04-03 05:54:22,078 - train - INFO - Epoch: 11, loss: 1.5984, lr: 0.010000, time: 0.81s
2026-04-03 05:54:22,623 - layers - INFO - RL update - scores: ['0.0582', '0.0559', '0.0546'], rewards: [-1, -1, -1], thresholds: ['0.4800', '0.4000', '0.4000']
2026-04-03 05:54:22,934 - train - INFO - Epoch: 12, loss: 1.5776, lr: 0.010000, time: 0.86s
2026-04-03 05:54:34,493 - utils - INFO - GNN F1: 0.8715, Acc: 0.9542, Recall: 0.8864, AUC: 0.9299, AP: 0.8338
2026-04-03 05:54:34,493 - utils - INFO - Label F1: 0.5235, Acc: 0.6276, Recall: 0.7249, AUC: 0.8636, AP: 0.6718
2026-04-03 05:54:37,429 - utils - INFO - GNN F1: 0.8540, Acc: 0.9473, Recall: 0.8740, AUC: 0.9310, AP: 0.8096
2026-04-03 05:54:37,429 - utils - INFO - Label F1: 0.4891, Acc: 0.5833, Recall: 0.6877, AUC: 0.8144, AP: 0.5776
2026-04-03 05:54:37,429 - train - INFO - Validation AUC: 0.9310
2026-04-03 05:54:37,435 - utils - INFO - Checkpoint saved to checkpoints\best_CARE_amazon.pt
2026-04-03 05:54:37,435 - train - INFO - New best model saved (AUC: 0.9310)
2026-04-03 05:54:37,964 - layers - INFO - RL update - scores: ['0.0703', '0.0586', '0.0579'], rewards: [-1, -1, -1], thresholds: ['0.4600', '0.3800', '0.3800']
2026-04-03 05:54:38,296 - train - INFO - Epoch: 13, loss: 1.5680, lr: 0.010000, time: 0.86s
2026-04-03 05:54:38,799 - layers - INFO - RL update - scores: ['0.0729', '0.0620', '0.0581'], rewards: [-1, -1, -1], thresholds: ['0.4400', '0.3600', '0.3600']
2026-04-03 05:54:39,082 - train - INFO - Epoch: 14, loss: 1.5439, lr: 0.010000, time: 0.79s
2026-04-03 05:54:39,566 - layers - INFO - RL update - scores: ['0.0781', '0.0663', '0.0599'], rewards: [-1, -1, -1], thresholds: ['0.4200', '0.3400', '0.3400']
2026-04-03 05:54:39,899 - train - INFO - Epoch: 15, loss: 1.5193, lr: 0.010000, time: 0.82s
2026-04-03 05:54:51,478 - utils - INFO - GNN F1: 0.8905, Acc: 0.9632, Recall: 0.8877, AUC: 0.9340, AP: 0.8424
2026-04-03 05:54:51,479 - utils - INFO - Label F1: 0.5450, Acc: 0.6581, Recall: 0.7403, AUC: 0.8696, AP: 0.7322
2026-04-03 05:54:54,224 - utils - INFO - GNN F1: 0.8748, Acc: 0.9564, Recall: 0.8790, AUC: 0.9350, AP: 0.8213
2026-04-03 05:54:54,224 - utils - INFO - Label F1: 0.5113, Acc: 0.6152, Recall: 0.7054, AUC: 0.8203, AP: 0.6517
2026-04-03 05:54:54,224 - train - INFO - Validation AUC: 0.9350
2026-04-03 05:54:54,230 - utils - INFO - Checkpoint saved to checkpoints\best_CARE_amazon.pt
2026-04-03 05:54:54,230 - train - INFO - New best model saved (AUC: 0.9350)
2026-04-03 05:54:54,731 - layers - INFO - RL update - scores: ['0.0788', '0.0683', '0.0570'], rewards: [-1, -1, 1], thresholds: ['0.4000', '0.3200', '0.3600']
2026-04-03 05:54:55,024 - train - INFO - Epoch: 16, loss: 1.5228, lr: 0.010000, time: 0.79s
2026-04-03 05:54:55,518 - layers - INFO - RL update - scores: ['0.0878', '0.0679', '0.0598'], rewards: [-1, 1, -1], thresholds: ['0.3800', '0.3400', '0.3400']
2026-04-03 05:54:55,972 - train - INFO - Epoch: 17, loss: 1.4884, lr: 0.010000, time: 0.95s
2026-04-03 05:54:56,573 - layers - INFO - RL update - scores: ['0.0934', '0.0758', '0.0601'], rewards: [-1, -1, -1], thresholds: ['0.3600', '0.3200', '0.3200']
2026-04-03 05:54:56,877 - train - INFO - Epoch: 18, loss: 1.4717, lr: 0.010000, time: 0.91s
2026-04-03 05:55:08,599 - utils - INFO - GNN F1: 0.8805, Acc: 0.9581, Recall: 0.8896, AUC: 0.9346, AP: 0.8419
2026-04-03 05:55:08,599 - utils - INFO - Label F1: 0.5879, Acc: 0.7150, Recall: 0.7709, AUC: 0.8733, AP: 0.7594
2026-04-03 05:55:11,373 - utils - INFO - GNN F1: 0.8607, Acc: 0.9499, Recall: 0.8782, AUC: 0.9374, AP: 0.8185
2026-04-03 05:55:11,373 - utils - INFO - Label F1: 0.5651, Acc: 0.6888, Recall: 0.7421, AUC: 0.8245, AP: 0.6893
2026-04-03 05:55:11,373 - train - INFO - Validation AUC: 0.9374
2026-04-03 05:55:11,379 - utils - INFO - Checkpoint saved to checkpoints\best_CARE_amazon.pt
2026-04-03 05:55:11,379 - train - INFO - New best model saved (AUC: 0.9374)
2026-04-03 05:55:11,855 - layers - INFO - RL update - scores: ['0.0956', '0.0819', '0.0620'], rewards: [-1, -1, -1], thresholds: ['0.3400', '0.3000', '0.3000']
2026-04-03 05:55:12,159 - train - INFO - Epoch: 19, loss: 1.4403, lr: 0.010000, time: 0.78s
2026-04-03 05:55:12,632 - layers - INFO - RL update - scores: ['0.1002', '0.0827', '0.0584'], rewards: [-1, -1, 1], thresholds: ['0.3200', '0.2800', '0.3200']
2026-04-03 05:55:12,955 - train - INFO - Epoch: 20, loss: 1.4466, lr: 0.010000, time: 0.80s
2026-04-03 05:55:13,469 - layers - INFO - RL update - scores: ['0.0967', '0.0882', '0.0628'], rewards: [1, -1, -1], thresholds: ['0.3400', '0.2600', '0.3000']
2026-04-03 05:55:13,803 - train - INFO - Epoch: 21, loss: 1.4426, lr: 0.010000, time: 0.85s
2026-04-03 05:55:24,818 - utils - INFO - GNN F1: 0.8788, Acc: 0.9572, Recall: 0.8899, AUC: 0.9319, AP: 0.8408
2026-04-03 05:55:24,819 - utils - INFO - Label F1: 0.6293, Acc: 0.7673, Recall: 0.7943, AUC: 0.8754, AP: 0.7740
2026-04-03 05:55:27,391 - utils - INFO - GNN F1: 0.8658, Acc: 0.9518, Recall: 0.8815, AUC: 0.9345, AP: 0.8187
2026-04-03 05:55:27,391 - utils - INFO - Label F1: 0.6086, Acc: 0.7441, Recall: 0.7728, AUC: 0.8274, AP: 0.7099
2026-04-03 05:55:27,392 - train - INFO - Validation AUC: 0.9345
2026-04-03 05:55:27,863 - layers - INFO - RL update - scores: ['0.1083', '0.0890', '0.0626'], rewards: [-1, -1, 1], thresholds: ['0.3200', '0.2400', '0.3200']
2026-04-03 05:55:28,198 - train - INFO - Epoch: 22, loss: 1.4349, lr: 0.010000, time: 0.81s
2026-04-03 05:55:28,642 - layers - INFO - RL update - scores: ['0.1178', '0.0945', '0.0695'], rewards: [-1, -1, -1], thresholds: ['0.3000', '0.2200', '0.3000']
2026-04-03 05:55:28,965 - train - INFO - Epoch: 23, loss: 1.4501, lr: 0.010000, time: 0.77s
2026-04-03 05:55:29,620 - layers - INFO - RL update - scores: ['0.1151', '0.0919', '0.0695'], rewards: [1, 1, -1], thresholds: ['0.3200', '0.2400', '0.2800']
2026-04-03 05:55:29,939 - train - INFO - Epoch: 24, loss: 1.4282, lr: 0.010000, time: 0.97s
2026-04-03 05:55:40,898 - utils - INFO - GNN F1: 0.8840, Acc: 0.9598, Recall: 0.8914, AUC: 0.9386, AP: 0.8511
2026-04-03 05:55:40,898 - utils - INFO - Label F1: 0.6646, Acc: 0.8060, Recall: 0.8138, AUC: 0.8770, AP: 0.7828
2026-04-03 05:55:43,832 - utils - INFO - GNN F1: 0.8748, Acc: 0.9557, Recall: 0.8859, AUC: 0.9435, AP: 0.8350
2026-04-03 05:55:43,833 - utils - INFO - Label F1: 0.6350, Acc: 0.7754, Recall: 0.7879, AUC: 0.8294, AP: 0.7213
2026-04-03 05:55:43,833 - train - INFO - Validation AUC: 0.9435
2026-04-03 05:55:43,838 - utils - INFO - Checkpoint saved to checkpoints\best_CARE_amazon.pt
2026-04-03 05:55:43,838 - train - INFO - New best model saved (AUC: 0.9435)
2026-04-03 05:55:44,300 - layers - INFO - RL update - scores: ['0.1266', '0.1021', '0.0679'], rewards: [-1, -1, 1], thresholds: ['0.3000', '0.2200', '0.3000']
2026-04-03 05:55:44,640 - train - INFO - Epoch: 25, loss: 1.3995, lr: 0.010000, time: 0.80s
2026-04-03 05:55:45,122 - layers - INFO - RL update - scores: ['0.1259', '0.1009', '0.0750'], rewards: [1, 1, -1], thresholds: ['0.3200', '0.2400', '0.2800']
2026-04-03 05:55:45,417 - train - INFO - Epoch: 26, loss: 1.4136, lr: 0.010000, time: 0.78s
2026-04-03 05:55:46,393 - layers - INFO - RL update - scores: ['0.1356', '0.1051', '0.0703'], rewards: [-1, -1, 1], thresholds: ['0.3000', '0.2200', '0.3000']
2026-04-03 05:55:46,772 - train - INFO - Epoch: 27, loss: 1.4143, lr: 0.010000, time: 1.35s
2026-04-03 05:55:57,470 - utils - INFO - GNN F1: 0.9011, Acc: 0.9671, Recall: 0.8925, AUC: 0.9398, AP: 0.8535
2026-04-03 05:55:57,471 - utils - INFO - Label F1: 0.7215, Acc: 0.8590, Recall: 0.8408, AUC: 0.8786, AP: 0.7908
2026-04-03 05:56:00,175 - utils - INFO - GNN F1: 0.8824, Acc: 0.9596, Recall: 0.8809, AUC: 0.9461, AP: 0.8421
2026-04-03 05:56:00,176 - utils - INFO - Label F1: 0.7101, Acc: 0.8516, Recall: 0.8304, AUC: 0.8315, AP: 0.7323
2026-04-03 05:56:00,176 - train - INFO - Validation AUC: 0.9461
2026-04-03 05:56:00,181 - utils - INFO - Checkpoint saved to checkpoints\best_CARE_amazon.pt
2026-04-03 05:56:00,181 - train - INFO - New best model saved (AUC: 0.9461)
2026-04-03 05:56:00,747 - layers - INFO - RL update - scores: ['0.1455', '0.1122', '0.0779'], rewards: [-1, -1, -1], thresholds: ['0.2800', '0.2000', '0.2800']
2026-04-03 05:56:01,034 - train - INFO - Epoch: 28, loss: 1.3888, lr: 0.010000, time: 0.85s
2026-04-03 05:56:01,570 - layers - INFO - RL update - scores: ['0.1407', '0.1178', '0.0776'], rewards: [1, -1, 1], thresholds: ['0.3000', '0.1800', '0.3000']
2026-04-03 05:56:01,858 - train - INFO - Epoch: 29, loss: 1.3739, lr: 0.010000, time: 0.82s
2026-04-03 05:56:02,335 - layers - INFO - RL update - scores: ['0.1520', '0.1086', '0.0812'], rewards: [-1, 1, -1], thresholds: ['0.2800', '0.2000', '0.2800']
2026-04-03 05:56:02,733 - train - INFO - Epoch: 30, loss: 1.3751, lr: 0.010000, time: 0.88s
2026-04-03 05:56:13,644 - utils - INFO - GNN F1: 0.8891, Acc: 0.9621, Recall: 0.8916, AUC: 0.9354, AP: 0.8468
2026-04-03 05:56:13,644 - utils - INFO - Label F1: 0.7527, Acc: 0.8843, Recall: 0.8530, AUC: 0.8797, AP: 0.7959
2026-04-03 05:56:16,869 - utils - INFO - GNN F1: 0.8865, Acc: 0.9596, Recall: 0.8903, AUC: 0.9385, AP: 0.8295
2026-04-03 05:56:16,869 - utils - INFO - Label F1: 0.7345, Acc: 0.8717, Recall: 0.8415, AUC: 0.8331, AP: 0.7394
2026-04-03 05:56:16,869 - train - INFO - Validation AUC: 0.9385
2026-04-03 05:56:16,869 - train - INFO - Training complete.
2026-04-03 05:56:17,077 - __main__ - INFO - Experiment Linear predictor (CARE-GNN) completed in 189.8s
2026-04-03 05:56:17,078 - __main__ - INFO - Best GNN AUC: 0.939777650267246
2026-04-03 05:56:17,078 - __main__ - INFO - 
============================================================
2026-04-03 05:56:17,078 - __main__ - INFO - Running experiment: MLP predictor (no policy)
2026-04-03 05:56:17,078 - __main__ - INFO - ============================================================
2026-04-03 05:56:17,078 - __main__ - INFO - Config: {'model': 'CARE', 'use_capn': False, 'use_mlp_label': True}
2026-04-03 05:56:17,078 - train - INFO - Using device: cuda
2026-04-03 05:56:17,079 - utils - INFO - Random seed set to 72
2026-04-03 05:56:17,079 - utils - INFO - Loading cached labels/features from amz_labels.npy, amz_features.npy
2026-04-03 05:56:21,462 - utils - INFO - Loaded amazon dataset: 11944 nodes, 25 features
2026-04-03 05:56:21,467 - train - INFO - Split: train=2159, val=1296, test=5184
2026-04-03 05:56:21,472 - train - INFO - Model: CARE, Inter-AGG: GNN, emb_size: 64
2026-04-03 05:56:21,473 - train - INFO - Using MLP label predictor (hidden=12)
2026-04-03 05:56:22,443 - train - INFO - Epoch: 0, loss: 2.0938, lr: 0.010000, time: 0.97s
2026-04-03 05:56:34,524 - utils - INFO - GNN F1: 0.6299, Acc: 0.7695, Recall: 0.7912, AUC: 0.8592, AP: 0.7482
2026-04-03 05:56:34,524 - utils - INFO - Label F1: 0.5379, Acc: 0.6456, Recall: 0.7409, AUC: 0.8832, AP: 0.7850
2026-04-03 05:56:38,355 - utils - INFO - GNN F1: 0.6107, Acc: 0.7474, Recall: 0.7723, AUC: 0.8268, AP: 0.7098
2026-04-03 05:56:38,355 - utils - INFO - Label F1: 0.5057, Acc: 0.6003, Recall: 0.7159, AUC: 0.8446, AP: 0.7213
2026-04-03 05:56:38,356 - train - INFO - Validation AUC: 0.8268
2026-04-03 05:56:38,362 - utils - INFO - Checkpoint saved to checkpoints\best_CARE_amazon.pt
2026-04-03 05:56:38,363 - train - INFO - New best model saved (AUC: 0.8268)
2026-04-03 05:56:39,215 - train - INFO - Epoch: 1, loss: 1.9753, lr: 0.010000, time: 0.85s
2026-04-03 05:56:39,741 - layers - INFO - RL update - scores: ['0.0223', '0.0218', '0.0244'], rewards: [1, 1, 1], thresholds: ['0.5200', '0.5200', '0.5200']
2026-04-03 05:56:40,104 - train - INFO - Epoch: 2, loss: 1.8810, lr: 0.010000, time: 0.89s
2026-04-03 05:56:40,733 - layers - INFO - RL update - scores: ['0.0340', '0.0322', '0.0331'], rewards: [-1, -1, -1], thresholds: ['0.5000', '0.5000', '0.5000']
2026-04-03 05:56:41,093 - train - INFO - Epoch: 3, loss: 1.8139, lr: 0.010000, time: 0.99s
2026-04-03 05:56:52,663 - utils - INFO - GNN F1: 0.7113, Acc: 0.8534, Recall: 0.8298, AUC: 0.8716, AP: 0.7559
2026-04-03 05:56:52,663 - utils - INFO - Label F1: 0.8113, Acc: 0.9234, Recall: 0.8726, AUC: 0.8764, AP: 0.8114
2026-04-03 05:56:55,424 - utils - INFO - GNN F1: 0.6856, Acc: 0.8294, Recall: 0.8111, AUC: 0.8271, AP: 0.7026
2026-04-03 05:56:55,424 - utils - INFO - Label F1: 0.7884, Acc: 0.9089, Recall: 0.8598, AUC: 0.8265, AP: 0.7646
2026-04-03 05:56:55,424 - train - INFO - Validation AUC: 0.8271
2026-04-03 05:56:55,431 - utils - INFO - Checkpoint saved to checkpoints\best_CARE_amazon.pt
2026-04-03 05:56:55,431 - train - INFO - New best model saved (AUC: 0.8271)
2026-04-03 05:56:56,023 - layers - INFO - RL update - scores: ['0.0486', '0.0520', '0.0547'], rewards: [-1, -1, -1], thresholds: ['0.4800', '0.4800', '0.4800']
2026-04-03 05:56:56,389 - train - INFO - Epoch: 4, loss: 1.7606, lr: 0.010000, time: 0.96s
2026-04-03 05:56:56,960 - layers - INFO - RL update - scores: ['0.0601', '0.0690', '0.0611'], rewards: [-1, -1, -1], thresholds: ['0.4600', '0.4600', '0.4600']
2026-04-03 05:56:57,366 - train - INFO - Epoch: 5, loss: 1.6843, lr: 0.010000, time: 0.98s
2026-04-03 05:56:57,858 - layers - INFO - RL update - scores: ['0.0862', '0.0883', '0.0815'], rewards: [-1, -1, -1], thresholds: ['0.4400', '0.4400', '0.4400']
2026-04-03 05:56:58,173 - train - INFO - Epoch: 6, loss: 1.5811, lr: 0.010000, time: 0.81s
2026-04-03 05:57:09,442 - utils - INFO - GNN F1: 0.8109, Acc: 0.9241, Recall: 0.8673, AUC: 0.8781, AP: 0.7826
2026-04-03 05:57:09,442 - utils - INFO - Label F1: 0.7103, Acc: 0.8499, Recall: 0.8351, AUC: 0.8770, AP: 0.8118
2026-04-03 05:57:12,315 - utils - INFO - GNN F1: 0.7942, Acc: 0.9128, Recall: 0.8574, AUC: 0.8313, AP: 0.7277
2026-04-03 05:57:12,316 - utils - INFO - Label F1: 0.6908, Acc: 0.8346, Recall: 0.8186, AUC: 0.8271, AP: 0.7643
2026-04-03 05:57:12,316 - train - INFO - Validation AUC: 0.8313
2026-04-03 05:57:12,322 - utils - INFO - Checkpoint saved to checkpoints\best_CARE_amazon.pt
2026-04-03 05:57:12,322 - train - INFO - New best model saved (AUC: 0.8313)
2026-04-03 05:57:12,855 - layers - INFO - RL update - scores: ['0.1165', '0.1206', '0.0987'], rewards: [-1, -1, -1], thresholds: ['0.4200', '0.4200', '0.4200']
2026-04-03 05:57:13,192 - train - INFO - Epoch: 7, loss: 1.5803, lr: 0.010000, time: 0.87s
2026-04-03 05:57:13,679 - layers - INFO - RL update - scores: ['0.1386', '0.1530', '0.1221'], rewards: [-1, -1, -1], thresholds: ['0.4000', '0.4000', '0.4000']
2026-04-03 05:57:13,983 - train - INFO - Epoch: 8, loss: 1.5188, lr: 0.010000, time: 0.79s
2026-04-03 05:57:14,461 - layers - INFO - RL update - scores: ['0.2037', '0.1808', '0.1341'], rewards: [-1, -1, -1], thresholds: ['0.3800', '0.3800', '0.3800']
2026-04-03 05:57:14,804 - train - INFO - Epoch: 9, loss: 1.3988, lr: 0.010000, time: 0.82s
2026-04-03 05:57:26,643 - utils - INFO - GNN F1: 0.8535, Acc: 0.9462, Recall: 0.8788, AUC: 0.8780, AP: 0.8010
2026-04-03 05:57:26,644 - utils - INFO - Label F1: 0.8233, Acc: 0.9299, Recall: 0.8762, AUC: 0.8790, AP: 0.8128
2026-04-03 05:57:29,396 - utils - INFO - GNN F1: 0.8247, Acc: 0.9290, Recall: 0.8664, AUC: 0.8634, AP: 0.7542
2026-04-03 05:57:29,396 - utils - INFO - Label F1: 0.8019, Acc: 0.9160, Recall: 0.8637, AUC: 0.8308, AP: 0.7658
2026-04-03 05:57:29,397 - train - INFO - Validation AUC: 0.8634
2026-04-03 05:57:29,402 - utils - INFO - Checkpoint saved to checkpoints\best_CARE_amazon.pt
2026-04-03 05:57:29,403 - train - INFO - New best model saved (AUC: 0.8634)
2026-04-03 05:57:29,935 - layers - INFO - RL update - scores: ['0.2128', '0.2165', '0.1474'], rewards: [-1, -1, -1], thresholds: ['0.3600', '0.3600', '0.3600']
2026-04-03 05:57:30,248 - train - INFO - Epoch: 10, loss: 1.3887, lr: 0.010000, time: 0.85s
2026-04-03 05:57:30,780 - layers - INFO - RL update - scores: ['0.2697', '0.2521', '0.1688'], rewards: [-1, -1, -1], thresholds: ['0.3400', '0.3400', '0.3400']
2026-04-03 05:57:31,064 - train - INFO - Epoch: 11, loss: 1.3076, lr: 0.010000, time: 0.81s
2026-04-03 05:57:31,581 - layers - INFO - RL update - scores: ['0.2887', '0.2910', '0.1905'], rewards: [-1, -1, -1], thresholds: ['0.3200', '0.3200', '0.3200']
2026-04-03 05:57:31,889 - train - INFO - Epoch: 12, loss: 1.2807, lr: 0.010000, time: 0.82s
2026-04-03 05:57:43,366 - utils - INFO - GNN F1: 0.8544, Acc: 0.9464, Recall: 0.8813, AUC: 0.9050, AP: 0.8196
2026-04-03 05:57:43,366 - utils - INFO - Label F1: 0.8273, Acc: 0.9319, Recall: 0.8782, AUC: 0.8825, AP: 0.8145
2026-04-03 05:57:46,149 - utils - INFO - GNN F1: 0.8277, Acc: 0.9297, Recall: 0.8713, AUC: 0.9023, AP: 0.7837
2026-04-03 05:57:46,149 - utils - INFO - Label F1: 0.8065, Acc: 0.9186, Recall: 0.8652, AUC: 0.8365, AP: 0.7684
2026-04-03 05:57:46,149 - train - INFO - Validation AUC: 0.9023
2026-04-03 05:57:46,156 - utils - INFO - Checkpoint saved to checkpoints\best_CARE_amazon.pt
2026-04-03 05:57:46,156 - train - INFO - New best model saved (AUC: 0.9023)
2026-04-03 05:57:46,733 - layers - INFO - RL update - scores: ['0.3715', '0.3382', '0.2080'], rewards: [-1, -1, -1], thresholds: ['0.3000', '0.3000', '0.3000']
2026-04-03 05:57:47,124 - train - INFO - Epoch: 13, loss: 1.2245, lr: 0.010000, time: 0.97s
2026-04-03 05:57:47,643 - layers - INFO - RL update - scores: ['0.3872', '0.3647', '0.2029'], rewards: [-1, -1, 1], thresholds: ['0.2800', '0.2800', '0.3200']
2026-04-03 05:57:47,958 - train - INFO - Epoch: 14, loss: 1.1706, lr: 0.010000, time: 0.83s
2026-04-03 05:57:48,460 - layers - INFO - RL update - scores: ['0.3640', '0.4110', '0.2407'], rewards: [1, -1, -1], thresholds: ['0.3000', '0.2600', '0.3000']
2026-04-03 05:57:48,748 - train - INFO - Epoch: 15, loss: 1.1308, lr: 0.010000, time: 0.79s
2026-04-03 05:58:00,418 - utils - INFO - GNN F1: 0.8912, Acc: 0.9635, Recall: 0.8876, AUC: 0.9112, AP: 0.8254
2026-04-03 05:58:00,418 - utils - INFO - Label F1: 0.8810, Acc: 0.9585, Recall: 0.8909, AUC: 0.8978, AP: 0.8192
2026-04-03 05:58:03,185 - utils - INFO - GNN F1: 0.8726, Acc: 0.9557, Recall: 0.8764, AUC: 0.9112, AP: 0.7933
2026-04-03 05:58:03,186 - utils - INFO - Label F1: 0.8588, Acc: 0.9486, Recall: 0.8774, AUC: 0.8645, AP: 0.7784
2026-04-03 05:58:03,186 - train - INFO - Validation AUC: 0.9112
2026-04-03 05:58:03,195 - utils - INFO - Checkpoint saved to checkpoints\best_CARE_amazon.pt
2026-04-03 05:58:03,195 - train - INFO - New best model saved (AUC: 0.9112)
2026-04-03 05:58:03,741 - layers - INFO - RL update - scores: ['0.4286', '0.4449', '0.2428'], rewards: [-1, -1, -1], thresholds: ['0.2800', '0.2400', '0.2800']
2026-04-03 05:58:04,094 - train - INFO - Epoch: 16, loss: 1.0877, lr: 0.010000, time: 0.90s
2026-04-03 05:58:04,530 - layers - INFO - RL update - scores: ['0.5254', '0.4692', '0.2489'], rewards: [-1, -1, -1], thresholds: ['0.2600', '0.2200', '0.2600']
2026-04-03 05:58:04,869 - train - INFO - Epoch: 17, loss: 1.0561, lr: 0.010000, time: 0.77s
2026-04-03 05:58:05,291 - layers - INFO - RL update - scores: ['0.5475', '0.4784', '0.2243'], rewards: [-1, -1, 1], thresholds: ['0.2400', '0.2000', '0.2800']
2026-04-03 05:58:05,633 - train - INFO - Epoch: 18, loss: 1.0058, lr: 0.010000, time: 0.76s
2026-04-03 05:58:16,563 - utils - INFO - GNN F1: 0.8920, Acc: 0.9632, Recall: 0.8926, AUC: 0.9247, AP: 0.8390
2026-04-03 05:58:16,564 - utils - INFO - Label F1: 0.8920, Acc: 0.9634, Recall: 0.8901, AUC: 0.9326, AP: 0.8410
2026-04-03 05:58:19,215 - utils - INFO - GNN F1: 0.8769, Acc: 0.9557, Recall: 0.8837, AUC: 0.9337, AP: 0.8156
2026-04-03 05:58:19,215 - utils - INFO - Label F1: 0.8733, Acc: 0.9557, Recall: 0.8764, AUC: 0.9487, AP: 0.8296
2026-04-03 05:58:19,215 - train - INFO - Validation AUC: 0.9337
2026-04-03 05:58:19,224 - utils - INFO - Checkpoint saved to checkpoints\best_CARE_amazon.pt
2026-04-03 05:58:19,224 - train - INFO - New best model saved (AUC: 0.9337)
2026-04-03 05:58:19,873 - layers - INFO - RL update - scores: ['0.5512', '0.5348', '0.2246'], rewards: [-1, -1, -1], thresholds: ['0.2200', '0.1800', '0.2600']
2026-04-03 05:58:20,188 - train - INFO - Epoch: 19, loss: 0.9830, lr: 0.010000, time: 0.96s
2026-04-03 05:58:20,750 - layers - INFO - RL update - scores: ['0.5762', '0.5495', '0.2539'], rewards: [-1, -1, -1], thresholds: ['0.2000', '0.1600', '0.2400']
2026-04-03 05:58:21,173 - train - INFO - Epoch: 20, loss: 0.9442, lr: 0.010000, time: 0.98s
2026-04-03 05:58:21,637 - layers - INFO - RL update - scores: ['0.5526', '0.5320', '0.2612'], rewards: [1, 1, -1], thresholds: ['0.2200', '0.1800', '0.2200']
2026-04-03 05:58:21,991 - train - INFO - Epoch: 21, loss: 0.9487, lr: 0.010000, time: 0.82s
2026-04-03 05:58:33,515 - utils - INFO - GNN F1: 0.8821, Acc: 0.9587, Recall: 0.8915, AUC: 0.9252, AP: 0.8394
2026-04-03 05:58:33,516 - utils - INFO - Label F1: 0.8925, Acc: 0.9635, Recall: 0.8902, AUC: 0.9321, AP: 0.8410
2026-04-03 05:58:36,130 - utils - INFO - GNN F1: 0.8736, Acc: 0.9538, Recall: 0.8871, AUC: 0.9412, AP: 0.8248
2026-04-03 05:58:36,131 - utils - INFO - Label F1: 0.8733, Acc: 0.9557, Recall: 0.8764, AUC: 0.9483, AP: 0.8311
2026-04-03 05:58:36,131 - train - INFO - Validation AUC: 0.9412
2026-04-03 05:58:36,137 - utils - INFO - Checkpoint saved to checkpoints\best_CARE_amazon.pt
2026-04-03 05:58:36,138 - train - INFO - New best model saved (AUC: 0.9412)
2026-04-03 05:58:36,665 - layers - INFO - RL update - scores: ['0.6148', '0.5930', '0.2600'], rewards: [-1, -1, 1], thresholds: ['0.2000', '0.1600', '0.2400']
2026-04-03 05:58:37,004 - train - INFO - Epoch: 22, loss: 0.9478, lr: 0.010000, time: 0.87s
2026-04-03 05:58:37,437 - layers - INFO - RL update - scores: ['0.6676', '0.5962', '0.3019'], rewards: [-1, -1, -1], thresholds: ['0.1800', '0.1400', '0.2200']
2026-04-03 05:58:37,725 - train - INFO - Epoch: 23, loss: 0.8961, lr: 0.010000, time: 0.72s
2026-04-03 05:58:38,328 - layers - INFO - RL update - scores: ['0.6070', '0.6552', '0.3080'], rewards: [1, -1, -1], thresholds: ['0.2000', '0.1200', '0.2000']
2026-04-03 05:58:38,663 - train - INFO - Epoch: 24, loss: 0.8981, lr: 0.010000, time: 0.94s
2026-04-03 05:58:49,301 - utils - INFO - GNN F1: 0.8753, Acc: 0.9557, Recall: 0.8907, AUC: 0.9278, AP: 0.8417
2026-04-03 05:58:49,302 - utils - INFO - Label F1: 0.8677, Acc: 0.9522, Recall: 0.8894, AUC: 0.9331, AP: 0.8414
2026-04-03 05:58:51,969 - utils - INFO - GNN F1: 0.8608, Acc: 0.9486, Recall: 0.8842, AUC: 0.9476, AP: 0.8349
2026-04-03 05:58:51,969 - utils - INFO - Label F1: 0.8515, Acc: 0.9440, Recall: 0.8817, AUC: 0.9498, AP: 0.8317
2026-04-03 05:58:51,970 - train - INFO - Validation AUC: 0.9476
2026-04-03 05:58:51,976 - utils - INFO - Checkpoint saved to checkpoints\best_CARE_amazon.pt
2026-04-03 05:58:51,976 - train - INFO - New best model saved (AUC: 0.9476)
2026-04-03 05:58:52,393 - layers - INFO - RL update - scores: ['0.6139', '0.6371', '0.3373'], rewards: [-1, 1, -1], thresholds: ['0.1800', '0.1400', '0.1800']
2026-04-03 05:58:52,634 - train - INFO - Epoch: 25, loss: 0.8702, lr: 0.010000, time: 0.66s
2026-04-03 05:58:53,008 - layers - INFO - RL update - scores: ['0.6375', '0.6432', '0.3215'], rewards: [-1, -1, 1], thresholds: ['0.1600', '0.1200', '0.2000']
2026-04-03 05:58:53,229 - train - INFO - Epoch: 26, loss: 0.9078, lr: 0.010000, time: 0.59s
2026-04-03 05:58:53,730 - layers - INFO - RL update - scores: ['0.6020', '0.6460', '0.3023'], rewards: [1, -1, 1], thresholds: ['0.1800', '0.1000', '0.2200']
2026-04-03 05:58:54,013 - train - INFO - Epoch: 27, loss: 0.9248, lr: 0.010000, time: 0.78s
2026-04-03 05:59:05,459 - utils - INFO - GNN F1: 0.9041, Acc: 0.9680, Recall: 0.8955, AUC: 0.9310, AP: 0.8471
2026-04-03 05:59:05,460 - utils - INFO - Label F1: 0.8935, Acc: 0.9639, Recall: 0.8918, AUC: 0.9306, AP: 0.8412
2026-04-03 05:59:08,334 - utils - INFO - GNN F1: 0.8869, Acc: 0.9609, Recall: 0.8843, AUC: 0.9478, AP: 0.8384
2026-04-03 05:59:08,335 - utils - INFO - Label F1: 0.8777, Acc: 0.9570, Recall: 0.8821, AUC: 0.9464, AP: 0.8310
2026-04-03 05:59:08,335 - train - INFO - Validation AUC: 0.9478
2026-04-03 05:59:08,341 - utils - INFO - Checkpoint saved to checkpoints\best_CARE_amazon.pt
2026-04-03 05:59:08,341 - train - INFO - New best model saved (AUC: 0.9478)
2026-04-03 05:59:08,891 - layers - INFO - RL update - scores: ['0.6219', '0.6586', '0.3282'], rewards: [-1, -1, -1], thresholds: ['0.1600', '0.0800', '0.2000']
2026-04-03 05:59:09,166 - train - INFO - Epoch: 28, loss: 0.8899, lr: 0.010000, time: 0.82s
2026-04-03 05:59:09,818 - layers - INFO - RL update - scores: ['0.6850', '0.6035', '0.3633'], rewards: [-1, 1, -1], thresholds: ['0.1400', '0.1000', '0.1800']
2026-04-03 05:59:10,131 - train - INFO - Epoch: 29, loss: 0.8604, lr: 0.010000, time: 0.96s
2026-04-03 05:59:10,568 - layers - INFO - RL update - scores: ['0.6302', '0.6183', '0.3338'], rewards: [1, -1, 1], thresholds: ['0.1600', '0.0800', '0.2000']
2026-04-03 05:59:10,853 - train - INFO - Epoch: 30, loss: 0.8489, lr: 0.010000, time: 0.72s
2026-04-03 05:59:20,227 - utils - INFO - GNN F1: 0.8975, Acc: 0.9654, Recall: 0.8940, AUC: 0.9321, AP: 0.8454
2026-04-03 05:59:20,227 - utils - INFO - Label F1: 0.8922, Acc: 0.9634, Recall: 0.8915, AUC: 0.9312, AP: 0.8433
2026-04-03 05:59:22,715 - utils - INFO - GNN F1: 0.8817, Acc: 0.9583, Recall: 0.8851, AUC: 0.9493, AP: 0.8400
2026-04-03 05:59:22,715 - utils - INFO - Label F1: 0.8775, Acc: 0.9570, Recall: 0.8821, AUC: 0.9467, AP: 0.8326
2026-04-03 05:59:22,715 - train - INFO - Validation AUC: 0.9493
2026-04-03 05:59:22,721 - utils - INFO - Checkpoint saved to checkpoints\best_CARE_amazon.pt
2026-04-03 05:59:22,722 - train - INFO - New best model saved (AUC: 0.9493)
2026-04-03 05:59:22,722 - train - INFO - Training complete.
2026-04-03 05:59:23,159 - __main__ - INFO - Experiment MLP predictor (no policy) completed in 186.1s
2026-04-03 05:59:23,159 - __main__ - INFO - Best GNN AUC: 0.9320930027418608
2026-04-03 05:59:23,159 - __main__ - INFO - 
============================================================
2026-04-03 05:59:23,159 - __main__ - INFO - Running experiment: MLP predictor + policy (CAPN)
2026-04-03 05:59:23,160 - __main__ - INFO - ============================================================
2026-04-03 05:59:23,160 - __main__ - INFO - Config: {'model': 'CARE', 'use_capn': True}
2026-04-03 05:59:23,160 - train - INFO - Using device: cuda
2026-04-03 05:59:23,161 - utils - INFO - Random seed set to 72
2026-04-03 05:59:23,161 - utils - INFO - Loading cached labels/features from amz_labels.npy, amz_features.npy
2026-04-03 05:59:28,322 - utils - INFO - Loaded amazon dataset: 11944 nodes, 25 features
2026-04-03 05:59:28,327 - train - INFO - Split: train=2159, val=1296, test=5184
2026-04-03 05:59:28,332 - train - INFO - Model: CARE, Inter-AGG: GNN, emb_size: 64
2026-04-03 05:59:28,333 - train - INFO - Using MLP label predictor (hidden=12)
2026-04-03 05:59:28,340 - train - INFO - Policy network state_dim=30
2026-04-03 05:59:28,340 - train - INFO - CAPN mode enabled: policy_hidden=64, policy_lr=0.001, lambda_policy=0.1
2026-04-03 05:59:28,342 - train - INFO - Dual optimizer: GNN params=2946, Policy params=4262
2026-04-03 05:59:57,883 - train - INFO - Epoch: 0, loss: 2.1403, lr: 0.010000, time: 29.54s
2026-04-03 06:09:58,016 - utils - INFO - GNN F1: 0.4997, Acc: 0.5962, Recall: 0.6983, AUC: 0.7042, AP: 0.1516
2026-04-03 06:09:58,017 - utils - INFO - Label F1: 0.5379, Acc: 0.6456, Recall: 0.7409, AUC: 0.8832, AP: 0.7850
2026-04-03 06:12:21,124 - utils - INFO - GNN F1: 0.4707, Acc: 0.5553, Recall: 0.6692, AUC: 0.6608, AP: 0.1319
2026-04-03 06:12:21,124 - utils - INFO - Label F1: 0.5057, Acc: 0.6003, Recall: 0.7159, AUC: 0.8446, AP: 0.7213
2026-04-03 06:12:21,125 - train - INFO - Validation AUC: 0.6608
2026-04-03 06:12:21,135 - utils - INFO - Checkpoint saved to checkpoints\best_CARE_amazon.pt
2026-04-03 06:12:21,136 - train - INFO - New best model saved (AUC: 0.6608)
2026-04-03 06:12:43,108 - train - INFO - Epoch: 1, loss: 2.0143, lr: 0.010000, time: 21.97s
2026-04-03 06:13:04,102 - train - INFO - Epoch: 2, loss: 1.9055, lr: 0.010000, time: 20.99s
2026-04-03 06:13:22,606 - train - INFO - Epoch: 3, loss: 1.8266, lr: 0.010000, time: 18.50s
2026-04-03 06:13:47,187 - utils - INFO - GNN F1: 0.6631, Acc: 0.8056, Recall: 0.8106, AUC: 0.8736, AP: 0.7584
2026-04-03 06:13:47,188 - utils - INFO - Label F1: 0.8113, Acc: 0.9234, Recall: 0.8726, AUC: 0.8764, AP: 0.8114
2026-04-03 06:13:53,059 - utils - INFO - GNN F1: 0.6390, Acc: 0.7826, Recall: 0.7852, AUC: 0.8271, AP: 0.6969
2026-04-03 06:13:53,059 - utils - INFO - Label F1: 0.7884, Acc: 0.9089, Recall: 0.8598, AUC: 0.8265, AP: 0.7646
2026-04-03 06:13:53,059 - train - INFO - Validation AUC: 0.8271
2026-04-03 06:13:53,065 - utils - INFO - Checkpoint saved to checkpoints\best_CARE_amazon.pt
2026-04-03 06:13:53,065 - train - INFO - New best model saved (AUC: 0.8271)
2026-04-03 06:14:06,849 - train - INFO - Epoch: 4, loss: 1.7577, lr: 0.010000, time: 13.78s
2026-04-03 06:14:21,548 - train - INFO - Epoch: 5, loss: 1.6722, lr: 0.010000, time: 14.70s
2026-04-03 06:14:38,230 - train - INFO - Epoch: 6, loss: 1.5670, lr: 0.010000, time: 16.68s
2026-04-03 06:15:02,398 - utils - INFO - GNN F1: 0.8424, Acc: 0.9423, Recall: 0.8678, AUC: 0.8795, AP: 0.7831
2026-04-03 06:15:02,399 - utils - INFO - Label F1: 0.7103, Acc: 0.8499, Recall: 0.8351, AUC: 0.8770, AP: 0.8118
2026-04-03 06:15:08,761 - utils - INFO - GNN F1: 0.8190, Acc: 0.9277, Recall: 0.8584, AUC: 0.8383, AP: 0.7229
2026-04-03 06:15:08,761 - utils - INFO - Label F1: 0.6908, Acc: 0.8346, Recall: 0.8186, AUC: 0.8271, AP: 0.7643
2026-04-03 06:15:08,761 - train - INFO - Validation AUC: 0.8383
2026-04-03 06:15:08,768 - utils - INFO - Checkpoint saved to checkpoints\best_CARE_amazon.pt
2026-04-03 06:15:08,768 - train - INFO - New best model saved (AUC: 0.8383)
2026-04-03 06:15:26,707 - train - INFO - Epoch: 7, loss: 1.5595, lr: 0.010000, time: 17.94s
2026-04-03 06:15:38,026 - train - INFO - Epoch: 8, loss: 1.5042, lr: 0.010000, time: 11.32s
2026-04-03 06:15:46,620 - train - INFO - Epoch: 9, loss: 1.3751, lr: 0.010000, time: 8.59s
2026-04-03 06:16:10,107 - utils - INFO - GNN F1: 0.8448, Acc: 0.9418, Recall: 0.8787, AUC: 0.9073, AP: 0.8030
2026-04-03 06:16:10,108 - utils - INFO - Label F1: 0.8233, Acc: 0.9299, Recall: 0.8762, AUC: 0.8790, AP: 0.8128
2026-04-03 06:16:15,836 - utils - INFO - GNN F1: 0.8176, Acc: 0.9258, Recall: 0.8646, AUC: 0.8978, AP: 0.7556
2026-04-03 06:16:15,836 - utils - INFO - Label F1: 0.8019, Acc: 0.9160, Recall: 0.8637, AUC: 0.8308, AP: 0.7658
2026-04-03 06:16:15,836 - train - INFO - Validation AUC: 0.8978
2026-04-03 06:16:15,848 - utils - INFO - Checkpoint saved to checkpoints\best_CARE_amazon.pt
2026-04-03 06:16:15,848 - train - INFO - New best model saved (AUC: 0.8978)
2026-04-03 06:16:27,958 - train - INFO - Epoch: 10, loss: 1.3701, lr: 0.010000, time: 12.11s
2026-04-03 06:16:34,407 - train - INFO - Epoch: 11, loss: 1.2899, lr: 0.010000, time: 6.45s
2026-04-03 06:16:43,273 - train - INFO - Epoch: 12, loss: 1.2673, lr: 0.010000, time: 8.86s
2026-04-03 06:17:07,514 - utils - INFO - GNN F1: 0.8633, Acc: 0.9511, Recall: 0.8801, AUC: 0.9153, AP: 0.8211
2026-04-03 06:17:07,514 - utils - INFO - Label F1: 0.8273, Acc: 0.9319, Recall: 0.8782, AUC: 0.8825, AP: 0.8145
2026-04-03 06:17:13,102 - utils - INFO - GNN F1: 0.8510, Acc: 0.9460, Recall: 0.8733, AUC: 0.9222, AP: 0.7928
2026-04-03 06:17:13,102 - utils - INFO - Label F1: 0.8065, Acc: 0.9186, Recall: 0.8652, AUC: 0.8365, AP: 0.7684
2026-04-03 06:17:13,102 - train - INFO - Validation AUC: 0.9222
2026-04-03 06:17:13,110 - utils - INFO - Checkpoint saved to checkpoints\best_CARE_amazon.pt
2026-04-03 06:17:13,111 - train - INFO - New best model saved (AUC: 0.9222)
2026-04-03 06:17:21,166 - train - INFO - Epoch: 13, loss: 1.2108, lr: 0.010000, time: 8.06s
2026-04-03 06:17:29,695 - train - INFO - Epoch: 14, loss: 1.1552, lr: 0.010000, time: 8.52s
2026-04-03 06:17:34,933 - train - INFO - Epoch: 15, loss: 1.1193, lr: 0.010000, time: 5.24s
2026-04-03 06:17:58,271 - utils - INFO - GNN F1: 0.8939, Acc: 0.9648, Recall: 0.8859, AUC: 0.9169, AP: 0.8241
2026-04-03 06:17:58,271 - utils - INFO - Label F1: 0.8810, Acc: 0.9585, Recall: 0.8909, AUC: 0.8978, AP: 0.8192
2026-04-03 06:18:04,154 - utils - INFO - GNN F1: 0.8643, Acc: 0.9538, Recall: 0.8638, AUC: 0.9221, AP: 0.7976
2026-04-03 06:18:04,154 - utils - INFO - Label F1: 0.8588, Acc: 0.9486, Recall: 0.8774, AUC: 0.8645, AP: 0.7784
2026-04-03 06:18:04,154 - train - INFO - Validation AUC: 0.9221
2026-04-03 06:18:12,335 - train - INFO - Epoch: 16, loss: 1.0735, lr: 0.010000, time: 8.18s
2026-04-03 06:18:16,882 - train - INFO - Epoch: 17, loss: 1.0412, lr: 0.010000, time: 4.54s
2026-04-03 06:18:21,441 - train - INFO - Epoch: 18, loss: 0.9888, lr: 0.010000, time: 4.56s
2026-04-03 06:18:44,920 - utils - INFO - GNN F1: 0.8734, Acc: 0.9548, Recall: 0.8902, AUC: 0.9375, AP: 0.8456
2026-04-03 06:18:44,920 - utils - INFO - Label F1: 0.8920, Acc: 0.9634, Recall: 0.8901, AUC: 0.9326, AP: 0.8410
2026-04-03 06:18:50,489 - utils - INFO - GNN F1: 0.8614, Acc: 0.9479, Recall: 0.8860, AUC: 0.9516, AP: 0.8299
2026-04-03 06:18:50,489 - utils - INFO - Label F1: 0.8733, Acc: 0.9557, Recall: 0.8764, AUC: 0.9487, AP: 0.8296
2026-04-03 06:18:50,490 - train - INFO - Validation AUC: 0.9516
2026-04-03 06:18:50,495 - utils - INFO - Checkpoint saved to checkpoints\best_CARE_amazon.pt
2026-04-03 06:18:50,495 - train - INFO - New best model saved (AUC: 0.9516)
2026-04-03 06:18:55,085 - train - INFO - Epoch: 19, loss: 0.9657, lr: 0.010000, time: 4.59s
2026-04-03 06:18:59,148 - train - INFO - Epoch: 20, loss: 0.9334, lr: 0.010000, time: 4.06s
2026-04-03 06:19:02,667 - train - INFO - Epoch: 21, loss: 0.9401, lr: 0.010000, time: 3.52s
2026-04-03 06:19:26,533 - utils - INFO - GNN F1: 0.8730, Acc: 0.9548, Recall: 0.8902, AUC: 0.9399, AP: 0.8475
2026-04-03 06:19:26,533 - utils - INFO - Label F1: 0.8925, Acc: 0.9635, Recall: 0.8902, AUC: 0.9321, AP: 0.8410
2026-04-03 06:19:33,519 - utils - INFO - GNN F1: 0.8615, Acc: 0.9486, Recall: 0.8864, AUC: 0.9478, AP: 0.8267
2026-04-03 06:19:33,519 - utils - INFO - Label F1: 0.8733, Acc: 0.9557, Recall: 0.8764, AUC: 0.9483, AP: 0.8311
2026-04-03 06:19:33,519 - train - INFO - Validation AUC: 0.9478
2026-04-03 06:19:38,302 - train - INFO - Epoch: 22, loss: 0.9368, lr: 0.010000, time: 4.78s
2026-04-03 06:19:41,184 - train - INFO - Epoch: 23, loss: 0.8849, lr: 0.010000, time: 2.88s
2026-04-03 06:19:44,376 - train - INFO - Epoch: 24, loss: 0.8880, lr: 0.010000, time: 3.19s
2026-04-03 06:20:07,464 - utils - INFO - GNN F1: 0.8673, Acc: 0.9526, Recall: 0.8878, AUC: 0.9415, AP: 0.8530
2026-04-03 06:20:07,464 - utils - INFO - Label F1: 0.8677, Acc: 0.9522, Recall: 0.8894, AUC: 0.9331, AP: 0.8414
2026-04-03 06:20:13,368 - utils - INFO - GNN F1: 0.8616, Acc: 0.9479, Recall: 0.8860, AUC: 0.9569, AP: 0.8447
2026-04-03 06:20:13,368 - utils - INFO - Label F1: 0.8515, Acc: 0.9440, Recall: 0.8817, AUC: 0.9498, AP: 0.8317
2026-04-03 06:20:13,368 - train - INFO - Validation AUC: 0.9569
2026-04-03 06:20:13,375 - utils - INFO - Checkpoint saved to checkpoints\best_CARE_amazon.pt
2026-04-03 06:20:13,375 - train - INFO - New best model saved (AUC: 0.9569)
2026-04-03 06:20:16,982 - train - INFO - Epoch: 25, loss: 0.8586, lr: 0.010000, time: 3.60s
2026-04-03 06:20:20,467 - train - INFO - Epoch: 26, loss: 0.8978, lr: 0.010000, time: 3.48s
2026-04-03 06:20:23,934 - train - INFO - Epoch: 27, loss: 0.9276, lr: 0.010000, time: 3.47s
2026-04-03 06:20:48,767 - utils - INFO - GNN F1: 0.8994, Acc: 0.9663, Recall: 0.8938, AUC: 0.9445, AP: 0.8568
2026-04-03 06:20:48,768 - utils - INFO - Label F1: 0.8935, Acc: 0.9639, Recall: 0.8918, AUC: 0.9306, AP: 0.8412
2026-04-03 06:20:54,713 - utils - INFO - GNN F1: 0.8766, Acc: 0.9570, Recall: 0.8794, AUC: 0.9557, AP: 0.8419
2026-04-03 06:20:54,713 - utils - INFO - Label F1: 0.8777, Acc: 0.9570, Recall: 0.8821, AUC: 0.9464, AP: 0.8310
2026-04-03 06:20:54,714 - train - INFO - Validation AUC: 0.9557
2026-04-03 06:20:57,879 - train - INFO - Epoch: 28, loss: 0.8894, lr: 0.010000, time: 3.16s
2026-04-03 06:21:01,053 - train - INFO - Epoch: 29, loss: 0.8501, lr: 0.010000, time: 3.17s
2026-04-03 06:21:03,652 - train - INFO - Epoch: 30, loss: 0.8400, lr: 0.010000, time: 2.60s
2026-04-03 06:21:26,619 - utils - INFO - GNN F1: 0.8608, Acc: 0.9492, Recall: 0.8878, AUC: 0.9421, AP: 0.8520
2026-04-03 06:21:26,619 - utils - INFO - Label F1: 0.8922, Acc: 0.9634, Recall: 0.8915, AUC: 0.9312, AP: 0.8433
2026-04-03 06:21:32,245 - utils - INFO - GNN F1: 0.8505, Acc: 0.9434, Recall: 0.8835, AUC: 0.9500, AP: 0.8322
2026-04-03 06:21:32,245 - utils - INFO - Label F1: 0.8775, Acc: 0.9570, Recall: 0.8821, AUC: 0.9467, AP: 0.8326
2026-04-03 06:21:32,245 - train - INFO - Validation AUC: 0.9500
2026-04-03 06:21:32,245 - train - INFO - Training complete.
2026-04-03 06:21:32,471 - __main__ - INFO - Experiment MLP predictor + policy (CAPN) completed in 1329.3s
2026-04-03 06:21:32,472 - __main__ - INFO - Best GNN AUC: 0.9444800215163213
2026-04-03 06:21:32,473 - __main__ - INFO - Results saved to results/ablation\amazon\capn_label\ablation_results_20260403_062132.json
2026-04-03 06:21:33,203 - __main__ - INFO - 

Starting study: capn_reward
2026-04-03 06:21:33,204 - __main__ - INFO - 
============================================================
2026-04-03 06:21:33,205 - __main__ - INFO - Running experiment: Binary reward (original)
2026-04-03 06:21:33,205 - __main__ - INFO - ============================================================
2026-04-03 06:21:33,205 - __main__ - INFO - Config: {'model': 'CARE', 'use_capn': False}
2026-04-03 06:21:33,206 - train - INFO - Using device: cuda
2026-04-03 06:21:33,207 - utils - INFO - Random seed set to 72
2026-04-03 06:21:33,208 - utils - INFO - Loading cached labels/features from amz_labels.npy, amz_features.npy
2026-04-03 06:21:38,301 - utils - INFO - Loaded amazon dataset: 11944 nodes, 25 features
2026-04-03 06:21:38,307 - train - INFO - Split: train=2159, val=1296, test=5184
2026-04-03 06:21:38,313 - train - INFO - Model: CARE, Inter-AGG: GNN, emb_size: 64
2026-04-03 06:21:39,243 - train - INFO - Epoch: 0, loss: 2.1149, lr: 0.010000, time: 0.93s
2026-04-03 06:21:50,838 - utils - INFO - GNN F1: 0.8243, Acc: 0.9403, Recall: 0.8228, AUC: 0.9100, AP: 0.7567
2026-04-03 06:21:50,839 - utils - INFO - Label F1: 0.4139, Acc: 0.6151, Recall: 0.4086, AUC: 0.5062, AP: 0.0866
2026-04-03 06:21:53,624 - utils - INFO - GNN F1: 0.8333, Acc: 0.9492, Recall: 0.8168, AUC: 0.8965, AP: 0.7030
2026-04-03 06:21:53,625 - utils - INFO - Label F1: 0.3859, Acc: 0.5736, Recall: 0.3663, AUC: 0.4635, AP: 0.0811
2026-04-03 06:21:53,625 - train - INFO - Validation AUC: 0.8965
2026-04-03 06:21:53,631 - utils - INFO - Checkpoint saved to checkpoints\best_CARE_amazon.pt
2026-04-03 06:21:53,632 - train - INFO - New best model saved (AUC: 0.8965)
2026-04-03 06:21:54,505 - train - INFO - Epoch: 1, loss: 2.0111, lr: 0.010000, time: 0.87s
2026-04-03 06:21:55,028 - layers - INFO - RL update - scores: ['0.0310', '0.0359', '0.0357'], rewards: [1, -1, -1], thresholds: ['0.5200', '0.4800', '0.4800']
2026-04-03 06:21:55,459 - train - INFO - Epoch: 2, loss: 1.9323, lr: 0.010000, time: 0.95s
2026-04-03 06:21:56,051 - layers - INFO - RL update - scores: ['0.0291', '0.0338', '0.0367'], rewards: [1, 1, -1], thresholds: ['0.5400', '0.5000', '0.4600']
2026-04-03 06:21:56,398 - train - INFO - Epoch: 3, loss: 1.9010, lr: 0.010000, time: 0.94s
2026-04-03 06:22:09,048 - utils - INFO - GNN F1: 0.6127, Acc: 0.7487, Recall: 0.7826, AUC: 0.8783, AP: 0.7913
2026-04-03 06:22:09,049 - utils - INFO - Label F1: 0.4346, Acc: 0.4987, Recall: 0.6589, AUC: 0.6540, AP: 0.1292
2026-04-03 06:22:11,746 - utils - INFO - GNN F1: 0.6025, Acc: 0.7389, Recall: 0.7611, AUC: 0.8341, AP: 0.7317
2026-04-03 06:22:11,746 - utils - INFO - Label F1: 0.3902, Acc: 0.4421, Recall: 0.6095, AUC: 0.6266, AP: 0.1225
2026-04-03 06:22:11,747 - train - INFO - Validation AUC: 0.8341
2026-04-03 06:22:12,261 - layers - INFO - RL update - scores: ['0.0291', '0.0359', '0.0425'], rewards: [1, -1, -1], thresholds: ['0.5600', '0.4800', '0.4400']
2026-04-03 06:22:12,628 - train - INFO - Epoch: 4, loss: 1.8730, lr: 0.010000, time: 0.88s
2026-04-03 06:22:13,163 - layers - INFO - RL update - scores: ['0.0299', '0.0337', '0.0366'], rewards: [-1, 1, 1], thresholds: ['0.5400', '0.5000', '0.4600']
2026-04-03 06:22:13,455 - train - INFO - Epoch: 5, loss: 1.8261, lr: 0.010000, time: 0.83s
2026-04-03 06:22:13,975 - layers - INFO - RL update - scores: ['0.0297', '0.0321', '0.0414'], rewards: [1, 1, -1], thresholds: ['0.5600', '0.5200', '0.4400']
2026-04-03 06:22:14,300 - train - INFO - Epoch: 6, loss: 1.7504, lr: 0.010000, time: 0.84s
2026-04-03 06:22:26,270 - utils - INFO - GNN F1: 0.8339, Acc: 0.9366, Recall: 0.8736, AUC: 0.8809, AP: 0.7985
2026-04-03 06:22:26,271 - utils - INFO - Label F1: 0.4351, Acc: 0.4994, Recall: 0.6593, AUC: 0.7977, AP: 0.2813
2026-04-03 06:22:29,475 - utils - INFO - GNN F1: 0.8336, Acc: 0.9375, Recall: 0.8713, AUC: 0.8421, AP: 0.7498
2026-04-03 06:22:29,475 - utils - INFO - Label F1: 0.3908, Acc: 0.4421, Recall: 0.6118, AUC: 0.7568, AP: 0.2502
2026-04-03 06:22:29,475 - train - INFO - Validation AUC: 0.8421
2026-04-03 06:22:29,980 - layers - INFO - RL update - scores: ['0.0331', '0.0417', '0.0486'], rewards: [-1, -1, -1], thresholds: ['0.5400', '0.5000', '0.4200']
2026-04-03 06:22:30,364 - train - INFO - Epoch: 7, loss: 1.7544, lr: 0.010000, time: 0.89s
2026-04-03 06:22:30,834 - layers - INFO - RL update - scores: ['0.0348', '0.0425', '0.0427'], rewards: [-1, -1, 1], thresholds: ['0.5200', '0.4800', '0.4400']
2026-04-03 06:22:31,191 - train - INFO - Epoch: 8, loss: 1.7115, lr: 0.010000, time: 0.83s
2026-04-03 06:22:31,825 - layers - INFO - RL update - scores: ['0.0426', '0.0442', '0.0464'], rewards: [-1, -1, -1], thresholds: ['0.5000', '0.4600', '0.4200']
2026-04-03 06:22:32,168 - train - INFO - Epoch: 9, loss: 1.6381, lr: 0.010000, time: 0.98s
2026-04-03 06:22:44,532 - utils - INFO - GNN F1: 0.8729, Acc: 0.9552, Recall: 0.8840, AUC: 0.9045, AP: 0.8128
2026-04-03 06:22:44,533 - utils - INFO - Label F1: 0.4695, Acc: 0.5493, Recall: 0.6847, AUC: 0.8488, AP: 0.5310
2026-04-03 06:22:47,576 - utils - INFO - GNN F1: 0.8614, Acc: 0.9505, Recall: 0.8780, AUC: 0.8809, AP: 0.7710
2026-04-03 06:22:47,577 - utils - INFO - Label F1: 0.4336, Acc: 0.5033, Recall: 0.6434, AUC: 0.8004, AP: 0.4388
2026-04-03 06:22:47,577 - train - INFO - Validation AUC: 0.8809
2026-04-03 06:22:48,094 - layers - INFO - RL update - scores: ['0.0487', '0.0480', '0.0519'], rewards: [-1, -1, -1], thresholds: ['0.4800', '0.4400', '0.4000']
2026-04-03 06:22:48,436 - train - INFO - Epoch: 10, loss: 1.6344, lr: 0.010000, time: 0.86s
2026-04-03 06:22:48,925 - layers - INFO - RL update - scores: ['0.0484', '0.0516', '0.0513'], rewards: [1, -1, 1], thresholds: ['0.5000', '0.4200', '0.4200']
2026-04-03 06:22:49,273 - train - INFO - Epoch: 11, loss: 1.5984, lr: 0.010000, time: 0.84s
2026-04-03 06:22:49,752 - layers - INFO - RL update - scores: ['0.0582', '0.0559', '0.0546'], rewards: [-1, -1, -1], thresholds: ['0.4800', '0.4000', '0.4000']
2026-04-03 06:22:50,069 - train - INFO - Epoch: 12, loss: 1.5776, lr: 0.010000, time: 0.79s
2026-04-03 06:23:01,168 - utils - INFO - GNN F1: 0.8715, Acc: 0.9542, Recall: 0.8864, AUC: 0.9299, AP: 0.8338
2026-04-03 06:23:01,168 - utils - INFO - Label F1: 0.5235, Acc: 0.6276, Recall: 0.7249, AUC: 0.8636, AP: 0.6718
2026-04-03 06:23:04,216 - utils - INFO - GNN F1: 0.8540, Acc: 0.9473, Recall: 0.8740, AUC: 0.9310, AP: 0.8096
2026-04-03 06:23:04,216 - utils - INFO - Label F1: 0.4891, Acc: 0.5833, Recall: 0.6877, AUC: 0.8144, AP: 0.5776
2026-04-03 06:23:04,216 - train - INFO - Validation AUC: 0.9310
2026-04-03 06:23:04,221 - utils - INFO - Checkpoint saved to checkpoints\best_CARE_amazon.pt
2026-04-03 06:23:04,221 - train - INFO - New best model saved (AUC: 0.9310)
2026-04-03 06:23:04,704 - layers - INFO - RL update - scores: ['0.0703', '0.0586', '0.0579'], rewards: [-1, -1, -1], thresholds: ['0.4600', '0.3800', '0.3800']
2026-04-03 06:23:05,068 - train - INFO - Epoch: 13, loss: 1.5680, lr: 0.010000, time: 0.85s
2026-04-03 06:23:05,643 - layers - INFO - RL update - scores: ['0.0729', '0.0620', '0.0581'], rewards: [-1, -1, -1], thresholds: ['0.4400', '0.3600', '0.3600']
2026-04-03 06:23:05,968 - train - INFO - Epoch: 14, loss: 1.5439, lr: 0.010000, time: 0.90s
2026-04-03 06:23:06,450 - layers - INFO - RL update - scores: ['0.0781', '0.0663', '0.0599'], rewards: [-1, -1, -1], thresholds: ['0.4200', '0.3400', '0.3400']
2026-04-03 06:23:06,745 - train - INFO - Epoch: 15, loss: 1.5193, lr: 0.010000, time: 0.78s
2026-04-03 06:23:18,959 - utils - INFO - GNN F1: 0.8905, Acc: 0.9632, Recall: 0.8877, AUC: 0.9340, AP: 0.8424
2026-04-03 06:23:18,960 - utils - INFO - Label F1: 0.5450, Acc: 0.6581, Recall: 0.7403, AUC: 0.8696, AP: 0.7322
2026-04-03 06:23:21,745 - utils - INFO - GNN F1: 0.8748, Acc: 0.9564, Recall: 0.8790, AUC: 0.9350, AP: 0.8213
2026-04-03 06:23:21,745 - utils - INFO - Label F1: 0.5113, Acc: 0.6152, Recall: 0.7054, AUC: 0.8203, AP: 0.6517
2026-04-03 06:23:21,746 - train - INFO - Validation AUC: 0.9350
2026-04-03 06:23:21,752 - utils - INFO - Checkpoint saved to checkpoints\best_CARE_amazon.pt
2026-04-03 06:23:21,753 - train - INFO - New best model saved (AUC: 0.9350)
2026-04-03 06:23:22,239 - layers - INFO - RL update - scores: ['0.0788', '0.0683', '0.0570'], rewards: [-1, -1, 1], thresholds: ['0.4000', '0.3200', '0.3600']
2026-04-03 06:23:22,659 - train - INFO - Epoch: 16, loss: 1.5228, lr: 0.010000, time: 0.91s
2026-04-03 06:23:23,355 - layers - INFO - RL update - scores: ['0.0878', '0.0679', '0.0598'], rewards: [-1, 1, -1], thresholds: ['0.3800', '0.3400', '0.3400']
2026-04-03 06:23:23,687 - train - INFO - Epoch: 17, loss: 1.4884, lr: 0.010000, time: 1.03s
2026-04-03 06:23:24,161 - layers - INFO - RL update - scores: ['0.0934', '0.0758', '0.0601'], rewards: [-1, -1, -1], thresholds: ['0.3600', '0.3200', '0.3200']
2026-04-03 06:23:24,532 - train - INFO - Epoch: 18, loss: 1.4717, lr: 0.010000, time: 0.85s
2026-04-03 06:23:35,976 - utils - INFO - GNN F1: 0.8805, Acc: 0.9581, Recall: 0.8896, AUC: 0.9346, AP: 0.8419
2026-04-03 06:23:35,976 - utils - INFO - Label F1: 0.5879, Acc: 0.7150, Recall: 0.7709, AUC: 0.8733, AP: 0.7594
2026-04-03 06:23:38,737 - utils - INFO - GNN F1: 0.8607, Acc: 0.9499, Recall: 0.8782, AUC: 0.9374, AP: 0.8185
2026-04-03 06:23:38,737 - utils - INFO - Label F1: 0.5651, Acc: 0.6888, Recall: 0.7421, AUC: 0.8245, AP: 0.6893
2026-04-03 06:23:38,737 - train - INFO - Validation AUC: 0.9374
2026-04-03 06:23:38,742 - utils - INFO - Checkpoint saved to checkpoints\best_CARE_amazon.pt
2026-04-03 06:23:38,743 - train - INFO - New best model saved (AUC: 0.9374)
2026-04-03 06:23:39,268 - layers - INFO - RL update - scores: ['0.0956', '0.0819', '0.0620'], rewards: [-1, -1, -1], thresholds: ['0.3400', '0.3000', '0.3000']
2026-04-03 06:23:39,597 - train - INFO - Epoch: 19, loss: 1.4403, lr: 0.010000, time: 0.85s
2026-04-03 06:23:40,154 - layers - INFO - RL update - scores: ['0.1002', '0.0827', '0.0584'], rewards: [-1, -1, 1], thresholds: ['0.3200', '0.2800', '0.3200']
2026-04-03 06:23:40,470 - train - INFO - Epoch: 20, loss: 1.4466, lr: 0.010000, time: 0.87s
2026-04-03 06:23:40,944 - layers - INFO - RL update - scores: ['0.0967', '0.0882', '0.0628'], rewards: [1, -1, -1], thresholds: ['0.3400', '0.2600', '0.3000']
2026-04-03 06:23:41,261 - train - INFO - Epoch: 21, loss: 1.4426, lr: 0.010000, time: 0.79s
2026-04-03 06:23:52,833 - utils - INFO - GNN F1: 0.8788, Acc: 0.9572, Recall: 0.8899, AUC: 0.9319, AP: 0.8408
2026-04-03 06:23:52,834 - utils - INFO - Label F1: 0.6293, Acc: 0.7673, Recall: 0.7943, AUC: 0.8754, AP: 0.7740
2026-04-03 06:23:55,672 - utils - INFO - GNN F1: 0.8658, Acc: 0.9518, Recall: 0.8815, AUC: 0.9345, AP: 0.8187
2026-04-03 06:23:55,672 - utils - INFO - Label F1: 0.6086, Acc: 0.7441, Recall: 0.7728, AUC: 0.8274, AP: 0.7099
2026-04-03 06:23:55,673 - train - INFO - Validation AUC: 0.9345
2026-04-03 06:23:56,218 - layers - INFO - RL update - scores: ['0.1083', '0.0890', '0.0626'], rewards: [-1, -1, 1], thresholds: ['0.3200', '0.2400', '0.3200']
2026-04-03 06:23:56,572 - train - INFO - Epoch: 22, loss: 1.4349, lr: 0.010000, time: 0.90s
2026-04-03 06:23:57,040 - layers - INFO - RL update - scores: ['0.1178', '0.0945', '0.0695'], rewards: [-1, -1, -1], thresholds: ['0.3000', '0.2200', '0.3000']
2026-04-03 06:23:57,349 - train - INFO - Epoch: 23, loss: 1.4501, lr: 0.010000, time: 0.78s
2026-04-03 06:23:57,844 - layers - INFO - RL update - scores: ['0.1151', '0.0919', '0.0695'], rewards: [1, 1, -1], thresholds: ['0.3200', '0.2400', '0.2800']
2026-04-03 06:23:58,138 - train - INFO - Epoch: 24, loss: 1.4282, lr: 0.010000, time: 0.79s
2026-04-03 06:24:08,701 - utils - INFO - GNN F1: 0.8840, Acc: 0.9598, Recall: 0.8914, AUC: 0.9386, AP: 0.8511
2026-04-03 06:24:08,702 - utils - INFO - Label F1: 0.6646, Acc: 0.8060, Recall: 0.8138, AUC: 0.8770, AP: 0.7828
2026-04-03 06:24:11,307 - utils - INFO - GNN F1: 0.8748, Acc: 0.9557, Recall: 0.8859, AUC: 0.9435, AP: 0.8350
2026-04-03 06:24:11,307 - utils - INFO - Label F1: 0.6350, Acc: 0.7754, Recall: 0.7879, AUC: 0.8294, AP: 0.7213
2026-04-03 06:24:11,307 - train - INFO - Validation AUC: 0.9435
2026-04-03 06:24:11,316 - utils - INFO - Checkpoint saved to checkpoints\best_CARE_amazon.pt
2026-04-03 06:24:11,316 - train - INFO - New best model saved (AUC: 0.9435)
2026-04-03 06:24:11,782 - layers - INFO - RL update - scores: ['0.1266', '0.1021', '0.0679'], rewards: [-1, -1, 1], thresholds: ['0.3000', '0.2200', '0.3000']
2026-04-03 06:24:12,120 - train - INFO - Epoch: 25, loss: 1.3995, lr: 0.010000, time: 0.80s
2026-04-03 06:24:12,613 - layers - INFO - RL update - scores: ['0.1259', '0.1009', '0.0750'], rewards: [1, 1, -1], thresholds: ['0.3200', '0.2400', '0.2800']
2026-04-03 06:24:12,915 - train - INFO - Epoch: 26, loss: 1.4136, lr: 0.010000, time: 0.79s
2026-04-03 06:24:13,404 - layers - INFO - RL update - scores: ['0.1356', '0.1051', '0.0703'], rewards: [-1, -1, 1], thresholds: ['0.3000', '0.2200', '0.3000']
2026-04-03 06:24:13,695 - train - INFO - Epoch: 27, loss: 1.4143, lr: 0.010000, time: 0.78s
2026-04-03 06:24:25,317 - utils - INFO - GNN F1: 0.9011, Acc: 0.9671, Recall: 0.8925, AUC: 0.9398, AP: 0.8535
2026-04-03 06:24:25,317 - utils - INFO - Label F1: 0.7215, Acc: 0.8590, Recall: 0.8408, AUC: 0.8786, AP: 0.7908
2026-04-03 06:24:27,900 - utils - INFO - GNN F1: 0.8824, Acc: 0.9596, Recall: 0.8809, AUC: 0.9461, AP: 0.8421
2026-04-03 06:24:27,901 - utils - INFO - Label F1: 0.7101, Acc: 0.8516, Recall: 0.8304, AUC: 0.8315, AP: 0.7323
2026-04-03 06:24:27,901 - train - INFO - Validation AUC: 0.9461
2026-04-03 06:24:27,907 - utils - INFO - Checkpoint saved to checkpoints\best_CARE_amazon.pt
2026-04-03 06:24:27,907 - train - INFO - New best model saved (AUC: 0.9461)
2026-04-03 06:24:28,368 - layers - INFO - RL update - scores: ['0.1455', '0.1122', '0.0779'], rewards: [-1, -1, -1], thresholds: ['0.2800', '0.2000', '0.2800']
2026-04-03 06:24:28,670 - train - INFO - Epoch: 28, loss: 1.3888, lr: 0.010000, time: 0.76s
2026-04-03 06:24:29,215 - layers - INFO - RL update - scores: ['0.1407', '0.1178', '0.0776'], rewards: [1, -1, 1], thresholds: ['0.3000', '0.1800', '0.3000']
2026-04-03 06:24:29,499 - train - INFO - Epoch: 29, loss: 1.3739, lr: 0.010000, time: 0.83s
2026-04-03 06:24:29,956 - layers - INFO - RL update - scores: ['0.1520', '0.1086', '0.0812'], rewards: [-1, 1, -1], thresholds: ['0.2800', '0.2000', '0.2800']
2026-04-03 06:24:30,240 - train - INFO - Epoch: 30, loss: 1.3751, lr: 0.010000, time: 0.74s
2026-04-03 06:24:40,793 - utils - INFO - GNN F1: 0.8891, Acc: 0.9621, Recall: 0.8916, AUC: 0.9354, AP: 0.8468
2026-04-03 06:24:40,794 - utils - INFO - Label F1: 0.7527, Acc: 0.8843, Recall: 0.8530, AUC: 0.8797, AP: 0.7959
2026-04-03 06:24:43,636 - utils - INFO - GNN F1: 0.8865, Acc: 0.9596, Recall: 0.8903, AUC: 0.9385, AP: 0.8295
2026-04-03 06:24:43,636 - utils - INFO - Label F1: 0.7345, Acc: 0.8717, Recall: 0.8415, AUC: 0.8331, AP: 0.7394
2026-04-03 06:24:43,636 - train - INFO - Validation AUC: 0.9385
2026-04-03 06:24:43,636 - train - INFO - Training complete.
2026-04-03 06:24:43,865 - __main__ - INFO - Experiment Binary reward (original) completed in 190.7s
2026-04-03 06:24:43,865 - __main__ - INFO - Best GNN AUC: 0.939777650267246
2026-04-03 06:24:43,865 - __main__ - INFO - 
============================================================
2026-04-03 06:24:43,866 - __main__ - INFO - Running experiment: Shaped reward (CAPN)
2026-04-03 06:24:43,866 - __main__ - INFO - ============================================================
2026-04-03 06:24:43,866 - __main__ - INFO - Config: {'model': 'CARE', 'use_capn': True}
2026-04-03 06:24:43,866 - train - INFO - Using device: cuda
2026-04-03 06:24:43,867 - utils - INFO - Random seed set to 72
2026-04-03 06:24:43,868 - utils - INFO - Loading cached labels/features from amz_labels.npy, amz_features.npy
2026-04-03 06:24:49,004 - utils - INFO - Loaded amazon dataset: 11944 nodes, 25 features
2026-04-03 06:24:49,010 - train - INFO - Split: train=2159, val=1296, test=5184
2026-04-03 06:24:49,015 - train - INFO - Model: CARE, Inter-AGG: GNN, emb_size: 64
2026-04-03 06:24:49,016 - train - INFO - Using MLP label predictor (hidden=12)
2026-04-03 06:24:49,020 - train - INFO - Policy network state_dim=30
2026-04-03 06:24:49,021 - train - INFO - CAPN mode enabled: policy_hidden=64, policy_lr=0.001, lambda_policy=0.1
2026-04-03 06:24:49,022 - train - INFO - Dual optimizer: GNN params=2946, Policy params=4262
2026-04-03 06:25:19,987 - train - INFO - Epoch: 0, loss: 2.1403, lr: 0.010000, time: 30.96s
2026-04-03 06:35:44,802 - utils - INFO - GNN F1: 0.4997, Acc: 0.5962, Recall: 0.6983, AUC: 0.7042, AP: 0.1516
2026-04-03 06:35:44,802 - utils - INFO - Label F1: 0.5379, Acc: 0.6456, Recall: 0.7409, AUC: 0.8832, AP: 0.7850
2026-04-03 06:38:18,487 - utils - INFO - GNN F1: 0.4707, Acc: 0.5553, Recall: 0.6692, AUC: 0.6608, AP: 0.1319
2026-04-03 06:38:18,487 - utils - INFO - Label F1: 0.5057, Acc: 0.6003, Recall: 0.7159, AUC: 0.8446, AP: 0.7213
2026-04-03 06:38:18,487 - train - INFO - Validation AUC: 0.6608
2026-04-03 06:38:18,495 - utils - INFO - Checkpoint saved to checkpoints\best_CARE_amazon.pt
2026-04-03 06:38:18,496 - train - INFO - New best model saved (AUC: 0.6608)
2026-04-03 06:38:42,556 - train - INFO - Epoch: 1, loss: 2.0143, lr: 0.010000, time: 24.06s
2026-04-03 06:39:04,792 - train - INFO - Epoch: 2, loss: 1.9055, lr: 0.010000, time: 22.24s
2026-04-03 06:39:24,709 - train - INFO - Epoch: 3, loss: 1.8266, lr: 0.010000, time: 19.91s
2026-04-03 06:39:49,768 - utils - INFO - GNN F1: 0.6631, Acc: 0.8056, Recall: 0.8106, AUC: 0.8736, AP: 0.7584
2026-04-03 06:39:49,768 - utils - INFO - Label F1: 0.8113, Acc: 0.9234, Recall: 0.8726, AUC: 0.8764, AP: 0.8114
2026-04-03 06:39:55,866 - utils - INFO - GNN F1: 0.6390, Acc: 0.7826, Recall: 0.7852, AUC: 0.8271, AP: 0.6969
2026-04-03 06:39:55,866 - utils - INFO - Label F1: 0.7884, Acc: 0.9089, Recall: 0.8598, AUC: 0.8265, AP: 0.7646
2026-04-03 06:39:55,866 - train - INFO - Validation AUC: 0.8271
2026-04-03 06:39:55,873 - utils - INFO - Checkpoint saved to checkpoints\best_CARE_amazon.pt
2026-04-03 06:39:55,873 - train - INFO - New best model saved (AUC: 0.8271)
2026-04-03 06:40:10,278 - train - INFO - Epoch: 4, loss: 1.7577, lr: 0.010000, time: 14.40s
2026-04-03 06:40:25,820 - train - INFO - Epoch: 5, loss: 1.6722, lr: 0.010000, time: 15.54s
2026-04-03 06:40:43,653 - train - INFO - Epoch: 6, loss: 1.5670, lr: 0.010000, time: 17.83s
2026-04-03 06:41:09,418 - utils - INFO - GNN F1: 0.8424, Acc: 0.9423, Recall: 0.8678, AUC: 0.8795, AP: 0.7831
2026-04-03 06:41:09,419 - utils - INFO - Label F1: 0.7103, Acc: 0.8499, Recall: 0.8351, AUC: 0.8770, AP: 0.8118
2026-04-03 06:41:15,581 - utils - INFO - GNN F1: 0.8190, Acc: 0.9277, Recall: 0.8584, AUC: 0.8383, AP: 0.7229
2026-04-03 06:41:15,581 - utils - INFO - Label F1: 0.6908, Acc: 0.8346, Recall: 0.8186, AUC: 0.8271, AP: 0.7643
2026-04-03 06:41:15,581 - train - INFO - Validation AUC: 0.8383
2026-04-03 06:41:15,588 - utils - INFO - Checkpoint saved to checkpoints\best_CARE_amazon.pt
2026-04-03 06:41:15,588 - train - INFO - New best model saved (AUC: 0.8383)
2026-04-03 06:41:33,822 - train - INFO - Epoch: 7, loss: 1.5595, lr: 0.010000, time: 18.23s
2026-04-03 06:41:45,880 - train - INFO - Epoch: 8, loss: 1.5042, lr: 0.010000, time: 12.06s
2026-04-03 06:41:54,702 - train - INFO - Epoch: 9, loss: 1.3751, lr: 0.010000, time: 8.82s
2026-04-03 06:42:19,650 - utils - INFO - GNN F1: 0.8448, Acc: 0.9418, Recall: 0.8787, AUC: 0.9073, AP: 0.8030
2026-04-03 06:42:19,650 - utils - INFO - Label F1: 0.8233, Acc: 0.9299, Recall: 0.8762, AUC: 0.8790, AP: 0.8128
2026-04-03 06:42:25,522 - utils - INFO - GNN F1: 0.8176, Acc: 0.9258, Recall: 0.8646, AUC: 0.8978, AP: 0.7556
2026-04-03 06:42:25,522 - utils - INFO - Label F1: 0.8019, Acc: 0.9160, Recall: 0.8637, AUC: 0.8308, AP: 0.7658
2026-04-03 06:42:25,522 - train - INFO - Validation AUC: 0.8978
2026-04-03 06:42:25,529 - utils - INFO - Checkpoint saved to checkpoints\best_CARE_amazon.pt
2026-04-03 06:42:25,530 - train - INFO - New best model saved (AUC: 0.8978)
2026-04-03 06:42:38,275 - train - INFO - Epoch: 10, loss: 1.3701, lr: 0.010000, time: 12.74s
2026-04-03 06:42:46,345 - train - INFO - Epoch: 11, loss: 1.2899, lr: 0.010000, time: 8.07s
2026-04-03 06:42:55,468 - train - INFO - Epoch: 12, loss: 1.2673, lr: 0.010000, time: 9.12s
2026-04-03 06:43:19,290 - utils - INFO - GNN F1: 0.8633, Acc: 0.9511, Recall: 0.8801, AUC: 0.9153, AP: 0.8211
2026-04-03 06:43:19,290 - utils - INFO - Label F1: 0.8273, Acc: 0.9319, Recall: 0.8782, AUC: 0.8825, AP: 0.8145
2026-04-03 06:43:25,290 - utils - INFO - GNN F1: 0.8510, Acc: 0.9460, Recall: 0.8733, AUC: 0.9222, AP: 0.7928
2026-04-03 06:43:25,290 - utils - INFO - Label F1: 0.8065, Acc: 0.9186, Recall: 0.8652, AUC: 0.8365, AP: 0.7684
2026-04-03 06:43:25,290 - train - INFO - Validation AUC: 0.9222
2026-04-03 06:43:25,296 - utils - INFO - Checkpoint saved to checkpoints\best_CARE_amazon.pt
2026-04-03 06:43:25,296 - train - INFO - New best model saved (AUC: 0.9222)
2026-04-03 06:43:33,196 - train - INFO - Epoch: 13, loss: 1.2108, lr: 0.010000, time: 7.90s
2026-04-03 06:43:42,214 - train - INFO - Epoch: 14, loss: 1.1552, lr: 0.010000, time: 9.02s
2026-04-03 06:43:47,724 - train - INFO - Epoch: 15, loss: 1.1193, lr: 0.010000, time: 5.51s
2026-04-03 06:44:12,294 - utils - INFO - GNN F1: 0.8939, Acc: 0.9648, Recall: 0.8859, AUC: 0.9169, AP: 0.8241
2026-04-03 06:44:12,295 - utils - INFO - Label F1: 0.8810, Acc: 0.9585, Recall: 0.8909, AUC: 0.8978, AP: 0.8192
2026-04-03 06:44:17,862 - utils - INFO - GNN F1: 0.8643, Acc: 0.9538, Recall: 0.8638, AUC: 0.9221, AP: 0.7976
2026-04-03 06:44:17,862 - utils - INFO - Label F1: 0.8588, Acc: 0.9486, Recall: 0.8774, AUC: 0.8645, AP: 0.7784
2026-04-03 06:44:17,862 - train - INFO - Validation AUC: 0.9221
2026-04-03 06:44:26,372 - train - INFO - Epoch: 16, loss: 1.0735, lr: 0.010000, time: 8.51s
2026-04-03 06:44:31,045 - train - INFO - Epoch: 17, loss: 1.0412, lr: 0.010000, time: 4.67s
2026-04-03 06:44:34,583 - train - INFO - Epoch: 18, loss: 0.9888, lr: 0.010000, time: 3.53s
2026-04-03 06:44:58,833 - utils - INFO - GNN F1: 0.8734, Acc: 0.9548, Recall: 0.8902, AUC: 0.9375, AP: 0.8456
2026-04-03 06:44:58,833 - utils - INFO - Label F1: 0.8920, Acc: 0.9634, Recall: 0.8901, AUC: 0.9326, AP: 0.8410
2026-04-03 06:45:04,531 - utils - INFO - GNN F1: 0.8614, Acc: 0.9479, Recall: 0.8860, AUC: 0.9516, AP: 0.8299
2026-04-03 06:45:04,531 - utils - INFO - Label F1: 0.8733, Acc: 0.9557, Recall: 0.8764, AUC: 0.9487, AP: 0.8296
2026-04-03 06:45:04,532 - train - INFO - Validation AUC: 0.9516
2026-04-03 06:45:04,539 - utils - INFO - Checkpoint saved to checkpoints\best_CARE_amazon.pt
2026-04-03 06:45:04,540 - train - INFO - New best model saved (AUC: 0.9516)
2026-04-03 06:45:09,214 - train - INFO - Epoch: 19, loss: 0.9657, lr: 0.010000, time: 4.67s
2026-04-03 06:45:13,158 - train - INFO - Epoch: 20, loss: 0.9334, lr: 0.010000, time: 3.94s
2026-04-03 06:45:16,694 - train - INFO - Epoch: 21, loss: 0.9401, lr: 0.010000, time: 3.53s
2026-04-03 06:45:42,069 - utils - INFO - GNN F1: 0.8730, Acc: 0.9548, Recall: 0.8902, AUC: 0.9399, AP: 0.8475
2026-04-03 06:45:42,069 - utils - INFO - Label F1: 0.8925, Acc: 0.9635, Recall: 0.8902, AUC: 0.9321, AP: 0.8410
2026-04-03 06:45:48,099 - utils - INFO - GNN F1: 0.8615, Acc: 0.9486, Recall: 0.8864, AUC: 0.9478, AP: 0.8267
2026-04-03 06:45:48,100 - utils - INFO - Label F1: 0.8733, Acc: 0.9557, Recall: 0.8764, AUC: 0.9483, AP: 0.8311
2026-04-03 06:45:48,100 - train - INFO - Validation AUC: 0.9478
2026-04-03 06:45:53,165 - train - INFO - Epoch: 22, loss: 0.9368, lr: 0.010000, time: 5.06s
2026-04-03 06:45:56,019 - train - INFO - Epoch: 23, loss: 0.8849, lr: 0.010000, time: 2.85s
2026-04-03 06:45:59,108 - train - INFO - Epoch: 24, loss: 0.8880, lr: 0.010000, time: 3.09s
2026-04-03 06:46:23,905 - utils - INFO - GNN F1: 0.8673, Acc: 0.9526, Recall: 0.8878, AUC: 0.9415, AP: 0.8530
2026-04-03 06:46:23,906 - utils - INFO - Label F1: 0.8677, Acc: 0.9522, Recall: 0.8894, AUC: 0.9331, AP: 0.8414
2026-04-03 06:46:29,851 - utils - INFO - GNN F1: 0.8616, Acc: 0.9479, Recall: 0.8860, AUC: 0.9569, AP: 0.8447
2026-04-03 06:46:29,852 - utils - INFO - Label F1: 0.8515, Acc: 0.9440, Recall: 0.8817, AUC: 0.9498, AP: 0.8317
2026-04-03 06:46:29,852 - train - INFO - Validation AUC: 0.9569
2026-04-03 06:46:29,858 - utils - INFO - Checkpoint saved to checkpoints\best_CARE_amazon.pt
2026-04-03 06:46:29,859 - train - INFO - New best model saved (AUC: 0.9569)
2026-04-03 06:46:33,611 - train - INFO - Epoch: 25, loss: 0.8586, lr: 0.010000, time: 3.75s
2026-04-03 06:46:37,104 - train - INFO - Epoch: 26, loss: 0.8978, lr: 0.010000, time: 3.49s
2026-04-03 06:46:42,212 - train - INFO - Epoch: 27, loss: 0.9276, lr: 0.010000, time: 5.11s
2026-04-03 06:47:05,999 - utils - INFO - GNN F1: 0.8994, Acc: 0.9663, Recall: 0.8938, AUC: 0.9445, AP: 0.8568
2026-04-03 06:47:06,000 - utils - INFO - Label F1: 0.8935, Acc: 0.9639, Recall: 0.8918, AUC: 0.9306, AP: 0.8412
2026-04-03 06:47:12,157 - utils - INFO - GNN F1: 0.8766, Acc: 0.9570, Recall: 0.8794, AUC: 0.9557, AP: 0.8419
2026-04-03 06:47:12,157 - utils - INFO - Label F1: 0.8777, Acc: 0.9570, Recall: 0.8821, AUC: 0.9464, AP: 0.8310
2026-04-03 06:47:12,157 - train - INFO - Validation AUC: 0.9557
2026-04-03 06:47:15,506 - train - INFO - Epoch: 28, loss: 0.8894, lr: 0.010000, time: 3.35s
2026-04-03 06:47:18,765 - train - INFO - Epoch: 29, loss: 0.8501, lr: 0.010000, time: 3.26s
2026-04-03 06:47:21,565 - train - INFO - Epoch: 30, loss: 0.8400, lr: 0.010000, time: 2.80s
2026-04-03 06:47:46,021 - utils - INFO - GNN F1: 0.8608, Acc: 0.9492, Recall: 0.8878, AUC: 0.9421, AP: 0.8520
2026-04-03 06:47:46,021 - utils - INFO - Label F1: 0.8922, Acc: 0.9634, Recall: 0.8915, AUC: 0.9312, AP: 0.8433
2026-04-03 06:47:52,876 - utils - INFO - GNN F1: 0.8505, Acc: 0.9434, Recall: 0.8835, AUC: 0.9500, AP: 0.8322
2026-04-03 06:47:52,876 - utils - INFO - Label F1: 0.8775, Acc: 0.9570, Recall: 0.8821, AUC: 0.9467, AP: 0.8326
2026-04-03 06:47:52,876 - train - INFO - Validation AUC: 0.9500
2026-04-03 06:47:52,876 - train - INFO - Training complete.
2026-04-03 06:47:53,105 - __main__ - INFO - Experiment Shaped reward (CAPN) completed in 1389.2s
2026-04-03 06:47:53,105 - __main__ - INFO - Best GNN AUC: 0.9444800215163213
2026-04-03 06:47:53,106 - __main__ - INFO - 
============================================================
2026-04-03 06:47:53,106 - __main__ - INFO - Running experiment: Shaped (dist only)
2026-04-03 06:47:53,106 - __main__ - INFO - ============================================================
2026-04-03 06:47:53,106 - __main__ - INFO - Config: {'model': 'CARE', 'use_capn': True, 'reward_w1': 1.0, 'reward_w2': 0.0, 'reward_w3': 0.0}
2026-04-03 06:47:53,107 - train - INFO - Using device: cuda
2026-04-03 06:47:53,124 - utils - INFO - Random seed set to 72
2026-04-03 06:47:53,125 - utils - INFO - Loading cached labels/features from amz_labels.npy, amz_features.npy
2026-04-03 06:47:58,273 - utils - INFO - Loaded amazon dataset: 11944 nodes, 25 features
2026-04-03 06:47:58,280 - train - INFO - Split: train=2159, val=1296, test=5184
2026-04-03 06:47:58,286 - train - INFO - Model: CARE, Inter-AGG: GNN, emb_size: 64
2026-04-03 06:47:58,287 - train - INFO - Using MLP label predictor (hidden=12)
2026-04-03 06:47:58,291 - train - INFO - Policy network state_dim=30
2026-04-03 06:47:58,291 - train - INFO - CAPN mode enabled: policy_hidden=64, policy_lr=0.001, lambda_policy=0.1
2026-04-03 06:47:58,292 - train - INFO - Dual optimizer: GNN params=2946, Policy params=4262
2026-04-03 06:48:30,545 - train - INFO - Epoch: 0, loss: 2.1402, lr: 0.010000, time: 32.25s
2026-04-03 06:59:35,166 - utils - INFO - GNN F1: 0.5005, Acc: 0.5977, Recall: 0.6983, AUC: 0.7049, AP: 0.1523
2026-04-03 06:59:35,166 - utils - INFO - Label F1: 0.5379, Acc: 0.6456, Recall: 0.7409, AUC: 0.8832, AP: 0.7850
2026-04-03 07:02:14,886 - utils - INFO - GNN F1: 0.4711, Acc: 0.5560, Recall: 0.6696, AUC: 0.6615, AP: 0.1322
2026-04-03 07:02:14,887 - utils - INFO - Label F1: 0.5057, Acc: 0.6003, Recall: 0.7159, AUC: 0.8446, AP: 0.7213
2026-04-03 07:02:14,887 - train - INFO - Validation AUC: 0.6615
2026-04-03 07:02:14,895 - utils - INFO - Checkpoint saved to checkpoints\best_CARE_amazon.pt
2026-04-03 07:02:14,895 - train - INFO - New best model saved (AUC: 0.6615)
2026-04-03 07:02:38,749 - train - INFO - Epoch: 1, loss: 2.0142, lr: 0.010000, time: 23.85s
2026-04-03 07:03:02,045 - train - INFO - Epoch: 2, loss: 1.9073, lr: 0.010000, time: 23.29s
2026-04-03 07:03:22,197 - train - INFO - Epoch: 3, loss: 1.8355, lr: 0.010000, time: 20.15s
2026-04-03 07:03:46,650 - utils - INFO - GNN F1: 0.6649, Acc: 0.8069, Recall: 0.8125, AUC: 0.8741, AP: 0.7610
2026-04-03 07:03:46,650 - utils - INFO - Label F1: 0.8113, Acc: 0.9234, Recall: 0.8726, AUC: 0.8764, AP: 0.8114
2026-04-03 07:03:52,767 - utils - INFO - GNN F1: 0.6394, Acc: 0.7832, Recall: 0.7855, AUC: 0.8276, AP: 0.6982
2026-04-03 07:03:52,767 - utils - INFO - Label F1: 0.7884, Acc: 0.9089, Recall: 0.8598, AUC: 0.8265, AP: 0.7646
2026-04-03 07:03:52,767 - train - INFO - Validation AUC: 0.8276
2026-04-03 07:03:52,780 - utils - INFO - Checkpoint saved to checkpoints\best_CARE_amazon.pt
2026-04-03 07:03:52,780 - train - INFO - New best model saved (AUC: 0.8276)
2026-04-03 07:04:07,585 - train - INFO - Epoch: 4, loss: 1.7624, lr: 0.010000, time: 14.80s
2026-04-03 07:04:23,691 - train - INFO - Epoch: 5, loss: 1.6689, lr: 0.010000, time: 16.10s
2026-04-03 07:04:41,972 - train - INFO - Epoch: 6, loss: 1.5746, lr: 0.010000, time: 18.28s
2026-04-03 07:05:07,429 - utils - INFO - GNN F1: 0.8463, Acc: 0.9438, Recall: 0.8720, AUC: 0.8806, AP: 0.7880
2026-04-03 07:05:07,430 - utils - INFO - Label F1: 0.7103, Acc: 0.8499, Recall: 0.8351, AUC: 0.8770, AP: 0.8118
2026-04-03 07:05:13,844 - utils - INFO - GNN F1: 0.8190, Acc: 0.9277, Recall: 0.8584, AUC: 0.8407, AP: 0.7285
2026-04-03 07:05:13,845 - utils - INFO - Label F1: 0.6908, Acc: 0.8346, Recall: 0.8186, AUC: 0.8271, AP: 0.7643
2026-04-03 07:05:13,845 - train - INFO - Validation AUC: 0.8407
2026-04-03 07:05:13,852 - utils - INFO - Checkpoint saved to checkpoints\best_CARE_amazon.pt
2026-04-03 07:05:13,852 - train - INFO - New best model saved (AUC: 0.8407)
2026-04-03 07:05:32,421 - train - INFO - Epoch: 7, loss: 1.5582, lr: 0.010000, time: 18.57s
2026-04-03 07:05:45,040 - train - INFO - Epoch: 8, loss: 1.5009, lr: 0.010000, time: 12.61s
2026-04-03 07:05:54,571 - train - INFO - Epoch: 9, loss: 1.3761, lr: 0.010000, time: 9.53s
2026-04-03 07:06:19,502 - utils - INFO - GNN F1: 0.8518, Acc: 0.9451, Recall: 0.8815, AUC: 0.9146, AP: 0.8103
2026-04-03 07:06:19,503 - utils - INFO - Label F1: 0.8233, Acc: 0.9299, Recall: 0.8762, AUC: 0.8790, AP: 0.8128
2026-04-03 07:06:25,388 - utils - INFO - GNN F1: 0.8364, Acc: 0.9382, Recall: 0.8739, AUC: 0.9039, AP: 0.7654
2026-04-03 07:06:25,388 - utils - INFO - Label F1: 0.8019, Acc: 0.9160, Recall: 0.8637, AUC: 0.8308, AP: 0.7658
2026-04-03 07:06:25,389 - train - INFO - Validation AUC: 0.9039
2026-04-03 07:06:25,395 - utils - INFO - Checkpoint saved to checkpoints\best_CARE_amazon.pt
2026-04-03 07:06:25,395 - train - INFO - New best model saved (AUC: 0.9039)
2026-04-03 07:06:39,905 - train - INFO - Epoch: 10, loss: 1.3711, lr: 0.010000, time: 14.51s
2026-04-03 07:06:47,167 - train - INFO - Epoch: 11, loss: 1.2855, lr: 0.010000, time: 7.26s
2026-04-03 07:06:56,793 - train - INFO - Epoch: 12, loss: 1.2623, lr: 0.010000, time: 9.62s
2026-04-03 07:07:21,097 - utils - INFO - GNN F1: 0.8695, Acc: 0.9542, Recall: 0.8808, AUC: 0.9163, AP: 0.8230
2026-04-03 07:07:21,097 - utils - INFO - Label F1: 0.8273, Acc: 0.9319, Recall: 0.8782, AUC: 0.8825, AP: 0.8145
2026-04-03 07:07:27,129 - utils - INFO - GNN F1: 0.8584, Acc: 0.9492, Recall: 0.8751, AUC: 0.9259, AP: 0.8008
2026-04-03 07:07:27,129 - utils - INFO - Label F1: 0.8065, Acc: 0.9186, Recall: 0.8652, AUC: 0.8365, AP: 0.7684
2026-04-03 07:07:27,129 - train - INFO - Validation AUC: 0.9259
2026-04-03 07:07:27,138 - utils - INFO - Checkpoint saved to checkpoints\best_CARE_amazon.pt
2026-04-03 07:07:27,138 - train - INFO - New best model saved (AUC: 0.9259)
2026-04-03 07:07:35,157 - train - INFO - Epoch: 13, loss: 1.2052, lr: 0.010000, time: 8.02s
2026-04-03 07:07:44,350 - train - INFO - Epoch: 14, loss: 1.1572, lr: 0.010000, time: 9.19s
2026-04-03 07:07:50,132 - train - INFO - Epoch: 15, loss: 1.1206, lr: 0.010000, time: 5.78s
2026-04-03 07:08:17,211 - utils - INFO - GNN F1: 0.8895, Acc: 0.9630, Recall: 0.8848, AUC: 0.9181, AP: 0.8265
2026-04-03 07:08:17,211 - utils - INFO - Label F1: 0.8810, Acc: 0.9585, Recall: 0.8909, AUC: 0.8978, AP: 0.8192
2026-04-03 07:08:23,258 - utils - INFO - GNN F1: 0.8688, Acc: 0.9544, Recall: 0.8732, AUC: 0.9259, AP: 0.8035
2026-04-03 07:08:23,258 - utils - INFO - Label F1: 0.8588, Acc: 0.9486, Recall: 0.8774, AUC: 0.8645, AP: 0.7784
2026-04-03 07:08:23,258 - train - INFO - Validation AUC: 0.9259
2026-04-03 07:08:32,497 - train - INFO - Epoch: 16, loss: 1.0714, lr: 0.010000, time: 9.24s
2026-04-03 07:08:37,355 - train - INFO - Epoch: 17, loss: 1.0340, lr: 0.010000, time: 4.86s
2026-04-03 07:08:41,186 - train - INFO - Epoch: 18, loss: 0.9885, lr: 0.010000, time: 3.83s
2026-04-03 07:09:06,291 - utils - INFO - GNN F1: 0.8794, Acc: 0.9580, Recall: 0.8892, AUC: 0.9364, AP: 0.8461
2026-04-03 07:09:06,291 - utils - INFO - Label F1: 0.8920, Acc: 0.9634, Recall: 0.8901, AUC: 0.9326, AP: 0.8410
2026-04-03 07:09:12,638 - utils - INFO - GNN F1: 0.8684, Acc: 0.9518, Recall: 0.8855, AUC: 0.9497, AP: 0.8316
2026-04-03 07:09:12,638 - utils - INFO - Label F1: 0.8733, Acc: 0.9557, Recall: 0.8764, AUC: 0.9487, AP: 0.8296
2026-04-03 07:09:12,638 - train - INFO - Validation AUC: 0.9497
2026-04-03 07:09:12,645 - utils - INFO - Checkpoint saved to checkpoints\best_CARE_amazon.pt
2026-04-03 07:09:12,645 - train - INFO - New best model saved (AUC: 0.9497)
2026-04-03 07:09:17,273 - train - INFO - Epoch: 19, loss: 0.9718, lr: 0.010000, time: 4.63s
2026-04-03 07:09:21,564 - train - INFO - Epoch: 20, loss: 0.9343, lr: 0.010000, time: 4.29s
2026-04-03 07:09:25,490 - train - INFO - Epoch: 21, loss: 0.9372, lr: 0.010000, time: 3.92s
2026-04-03 07:09:52,372 - utils - INFO - GNN F1: 0.8627, Acc: 0.9501, Recall: 0.8876, AUC: 0.9395, AP: 0.8474
2026-04-03 07:09:52,373 - utils - INFO - Label F1: 0.8925, Acc: 0.9635, Recall: 0.8902, AUC: 0.9321, AP: 0.8410
2026-04-03 07:09:58,323 - utils - INFO - GNN F1: 0.8501, Acc: 0.9427, Recall: 0.8832, AUC: 0.9486, AP: 0.8278
2026-04-03 07:09:58,323 - utils - INFO - Label F1: 0.8733, Acc: 0.9557, Recall: 0.8764, AUC: 0.9483, AP: 0.8311
2026-04-03 07:09:58,324 - train - INFO - Validation AUC: 0.9486
2026-04-03 07:10:03,688 - train - INFO - Epoch: 22, loss: 0.9457, lr: 0.010000, time: 5.36s
2026-04-03 07:10:06,531 - train - INFO - Epoch: 23, loss: 0.8867, lr: 0.010000, time: 2.84s
2026-04-03 07:10:09,823 - train - INFO - Epoch: 24, loss: 0.8837, lr: 0.010000, time: 3.29s
2026-04-03 07:10:34,118 - utils - INFO - GNN F1: 0.8665, Acc: 0.9522, Recall: 0.8876, AUC: 0.9413, AP: 0.8519
2026-04-03 07:10:34,118 - utils - INFO - Label F1: 0.8677, Acc: 0.9522, Recall: 0.8894, AUC: 0.9331, AP: 0.8414
2026-04-03 07:10:40,868 - utils - INFO - GNN F1: 0.8596, Acc: 0.9473, Recall: 0.8857, AUC: 0.9551, AP: 0.8412
2026-04-03 07:10:40,868 - utils - INFO - Label F1: 0.8515, Acc: 0.9440, Recall: 0.8817, AUC: 0.9498, AP: 0.8317
2026-04-03 07:10:40,868 - train - INFO - Validation AUC: 0.9551
2026-04-03 07:10:40,876 - utils - INFO - Checkpoint saved to checkpoints\best_CARE_amazon.pt
2026-04-03 07:10:40,876 - train - INFO - New best model saved (AUC: 0.9551)
2026-04-03 07:10:44,690 - train - INFO - Epoch: 25, loss: 0.8615, lr: 0.010000, time: 3.81s
2026-04-03 07:10:49,696 - train - INFO - Epoch: 26, loss: 0.8957, lr: 0.010000, time: 5.01s
2026-04-03 07:10:53,725 - train - INFO - Epoch: 27, loss: 0.9275, lr: 0.010000, time: 4.03s
2026-04-03 07:11:18,837 - utils - INFO - GNN F1: 0.8933, Acc: 0.9639, Recall: 0.8924, AUC: 0.9443, AP: 0.8567
2026-04-03 07:11:18,837 - utils - INFO - Label F1: 0.8935, Acc: 0.9639, Recall: 0.8918, AUC: 0.9306, AP: 0.8412
2026-04-03 07:11:25,540 - utils - INFO - GNN F1: 0.8739, Acc: 0.9557, Recall: 0.8809, AUC: 0.9565, AP: 0.8436
2026-04-03 07:11:25,540 - utils - INFO - Label F1: 0.8777, Acc: 0.9570, Recall: 0.8821, AUC: 0.9464, AP: 0.8310
2026-04-03 07:11:25,540 - train - INFO - Validation AUC: 0.9565
2026-04-03 07:11:25,550 - utils - INFO - Checkpoint saved to checkpoints\best_CARE_amazon.pt
2026-04-03 07:11:25,550 - train - INFO - New best model saved (AUC: 0.9565)
2026-04-03 07:11:28,579 - train - INFO - Epoch: 28, loss: 0.8855, lr: 0.010000, time: 3.03s
2026-04-03 07:11:31,760 - train - INFO - Epoch: 29, loss: 0.8493, lr: 0.010000, time: 3.18s
2026-04-03 07:11:34,489 - train - INFO - Epoch: 30, loss: 0.8399, lr: 0.010000, time: 2.73s
2026-04-03 07:11:59,911 - utils - INFO - GNN F1: 0.8684, Acc: 0.9528, Recall: 0.8891, AUC: 0.9434, AP: 0.8538
2026-04-03 07:11:59,911 - utils - INFO - Label F1: 0.8922, Acc: 0.9634, Recall: 0.8915, AUC: 0.9312, AP: 0.8433
2026-04-03 07:12:07,461 - utils - INFO - GNN F1: 0.8586, Acc: 0.9473, Recall: 0.8857, AUC: 0.9516, AP: 0.8353
2026-04-03 07:12:07,462 - utils - INFO - Label F1: 0.8775, Acc: 0.9570, Recall: 0.8821, AUC: 0.9467, AP: 0.8326
2026-04-03 07:12:07,462 - train - INFO - Validation AUC: 0.9516
2026-04-03 07:12:07,462 - train - INFO - Training complete.
2026-04-03 07:12:08,284 - __main__ - INFO - Experiment Shaped (dist only) completed in 1455.2s
2026-04-03 07:12:08,284 - __main__ - INFO - Best GNN AUC: 0.9443048987249765
2026-04-03 07:12:08,284 - __main__ - INFO - 
============================================================
2026-04-03 07:12:08,284 - __main__ - INFO - Running experiment: Shaped (acc only)
2026-04-03 07:12:08,285 - __main__ - INFO - ============================================================
2026-04-03 07:12:08,285 - __main__ - INFO - Config: {'model': 'CARE', 'use_capn': True, 'reward_w1': 0.0, 'reward_w2': 1.0, 'reward_w3': 0.0}
2026-04-03 07:12:08,285 - train - INFO - Using device: cuda
2026-04-03 07:12:08,286 - utils - INFO - Random seed set to 72
2026-04-03 07:12:08,286 - utils - INFO - Loading cached labels/features from amz_labels.npy, amz_features.npy
2026-04-03 07:12:13,174 - utils - INFO - Loaded amazon dataset: 11944 nodes, 25 features
2026-04-03 07:12:13,180 - train - INFO - Split: train=2159, val=1296, test=5184
2026-04-03 07:12:13,186 - train - INFO - Model: CARE, Inter-AGG: GNN, emb_size: 64
2026-04-03 07:12:13,187 - train - INFO - Using MLP label predictor (hidden=12)
2026-04-03 07:12:13,193 - train - INFO - Policy network state_dim=30
2026-04-03 07:12:13,194 - train - INFO - CAPN mode enabled: policy_hidden=64, policy_lr=0.001, lambda_policy=0.1
2026-04-03 07:12:13,196 - train - INFO - Dual optimizer: GNN params=2946, Policy params=4262
2026-04-03 07:12:46,638 - train - INFO - Epoch: 0, loss: 2.1402, lr: 0.010000, time: 33.44s
2026-04-03 07:24:10,330 - utils - INFO - GNN F1: 0.5008, Acc: 0.5980, Recall: 0.6985, AUC: 0.7051, AP: 0.1524
2026-04-03 07:24:10,331 - utils - INFO - Label F1: 0.5379, Acc: 0.6456, Recall: 0.7409, AUC: 0.8832, AP: 0.7850
2026-04-03 07:26:55,951 - utils - INFO - GNN F1: 0.4711, Acc: 0.5560, Recall: 0.6696, AUC: 0.6616, AP: 0.1323
2026-04-03 07:26:55,951 - utils - INFO - Label F1: 0.5057, Acc: 0.6003, Recall: 0.7159, AUC: 0.8446, AP: 0.7213
2026-04-03 07:26:55,951 - train - INFO - Validation AUC: 0.6616
2026-04-03 07:26:55,959 - utils - INFO - Checkpoint saved to checkpoints\best_CARE_amazon.pt
2026-04-03 07:26:55,959 - train - INFO - New best model saved (AUC: 0.6616)
2026-04-03 07:27:20,619 - train - INFO - Epoch: 1, loss: 2.0126, lr: 0.010000, time: 24.66s
2026-04-03 07:27:44,546 - train - INFO - Epoch: 2, loss: 1.9047, lr: 0.010000, time: 23.93s
2026-04-03 07:28:05,610 - train - INFO - Epoch: 3, loss: 1.8326, lr: 0.010000, time: 21.06s
2026-04-03 07:28:30,525 - utils - INFO - GNN F1: 0.6677, Acc: 0.8101, Recall: 0.8131, AUC: 0.8743, AP: 0.7616
2026-04-03 07:28:30,525 - utils - INFO - Label F1: 0.8113, Acc: 0.9234, Recall: 0.8726, AUC: 0.8764, AP: 0.8114
2026-04-03 07:28:37,392 - utils - INFO - GNN F1: 0.6447, Acc: 0.7871, Recall: 0.7923, AUC: 0.8279, AP: 0.6990
2026-04-03 07:28:37,392 - utils - INFO - Label F1: 0.7884, Acc: 0.9089, Recall: 0.8598, AUC: 0.8265, AP: 0.7646
2026-04-03 07:28:37,393 - train - INFO - Validation AUC: 0.8279
2026-04-03 07:28:37,401 - utils - INFO - Checkpoint saved to checkpoints\best_CARE_amazon.pt
2026-04-03 07:28:37,401 - train - INFO - New best model saved (AUC: 0.8279)
2026-04-03 07:28:53,008 - train - INFO - Epoch: 4, loss: 1.7588, lr: 0.010000, time: 15.61s
2026-04-03 07:29:09,730 - train - INFO - Epoch: 5, loss: 1.6718, lr: 0.010000, time: 16.72s
2026-04-03 07:29:28,770 - train - INFO - Epoch: 6, loss: 1.5657, lr: 0.010000, time: 19.04s
2026-04-03 07:29:56,315 - utils - INFO - GNN F1: 0.8464, Acc: 0.9442, Recall: 0.8704, AUC: 0.8806, AP: 0.7880
2026-04-03 07:29:56,315 - utils - INFO - Label F1: 0.7103, Acc: 0.8499, Recall: 0.8351, AUC: 0.8770, AP: 0.8118
2026-04-03 07:30:02,607 - utils - INFO - GNN F1: 0.8167, Acc: 0.9271, Recall: 0.8553, AUC: 0.8410, AP: 0.7286
2026-04-03 07:30:02,608 - utils - INFO - Label F1: 0.6908, Acc: 0.8346, Recall: 0.8186, AUC: 0.8271, AP: 0.7643
2026-04-03 07:30:02,608 - train - INFO - Validation AUC: 0.8410
2026-04-03 07:30:02,618 - utils - INFO - Checkpoint saved to checkpoints\best_CARE_amazon.pt
2026-04-03 07:30:02,618 - train - INFO - New best model saved (AUC: 0.8410)
2026-04-03 07:30:22,382 - train - INFO - Epoch: 7, loss: 1.5603, lr: 0.010000, time: 19.76s
2026-04-03 07:30:35,057 - train - INFO - Epoch: 8, loss: 1.4963, lr: 0.010000, time: 12.67s
2026-04-03 07:30:44,743 - train - INFO - Epoch: 9, loss: 1.3710, lr: 0.010000, time: 9.68s
2026-04-03 07:31:11,225 - utils - INFO - GNN F1: 0.8491, Acc: 0.9438, Recall: 0.8808, AUC: 0.9151, AP: 0.8106
2026-04-03 07:31:11,225 - utils - INFO - Label F1: 0.8233, Acc: 0.9299, Recall: 0.8762, AUC: 0.8790, AP: 0.8128
2026-04-03 07:31:17,342 - utils - INFO - GNN F1: 0.8340, Acc: 0.9368, Recall: 0.8732, AUC: 0.9039, AP: 0.7648
2026-04-03 07:31:17,342 - utils - INFO - Label F1: 0.8019, Acc: 0.9160, Recall: 0.8637, AUC: 0.8308, AP: 0.7658
2026-04-03 07:31:17,342 - train - INFO - Validation AUC: 0.9039
2026-04-03 07:31:17,350 - utils - INFO - Checkpoint saved to checkpoints\best_CARE_amazon.pt
2026-04-03 07:31:17,350 - train - INFO - New best model saved (AUC: 0.9039)
2026-04-03 07:31:31,341 - train - INFO - Epoch: 10, loss: 1.3711, lr: 0.010000, time: 13.99s
2026-04-03 07:31:40,023 - train - INFO - Epoch: 11, loss: 1.2887, lr: 0.010000, time: 8.68s
2026-04-03 07:31:50,331 - train - INFO - Epoch: 12, loss: 1.2595, lr: 0.010000, time: 10.31s
2026-04-03 07:32:16,442 - utils - INFO - GNN F1: 0.8734, Acc: 0.9559, Recall: 0.8817, AUC: 0.9164, AP: 0.8230
2026-04-03 07:32:16,442 - utils - INFO - Label F1: 0.8273, Acc: 0.9319, Recall: 0.8782, AUC: 0.8825, AP: 0.8145
2026-04-03 07:32:22,742 - utils - INFO - GNN F1: 0.8573, Acc: 0.9492, Recall: 0.8708, AUC: 0.9254, AP: 0.7991
2026-04-03 07:32:22,743 - utils - INFO - Label F1: 0.8065, Acc: 0.9186, Recall: 0.8652, AUC: 0.8365, AP: 0.7684
2026-04-03 07:32:22,743 - train - INFO - Validation AUC: 0.9254
2026-04-03 07:32:22,751 - utils - INFO - Checkpoint saved to checkpoints\best_CARE_amazon.pt
2026-04-03 07:32:22,752 - train - INFO - New best model saved (AUC: 0.9254)
2026-04-03 07:32:31,179 - train - INFO - Epoch: 13, loss: 1.2086, lr: 0.010000, time: 8.43s
2026-04-03 07:32:40,845 - train - INFO - Epoch: 14, loss: 1.1524, lr: 0.010000, time: 9.66s
2026-04-03 07:32:46,717 - train - INFO - Epoch: 15, loss: 1.1158, lr: 0.010000, time: 5.87s
2026-04-03 07:33:14,123 - utils - INFO - GNN F1: 0.8892, Acc: 0.9626, Recall: 0.8873, AUC: 0.9189, AP: 0.8271
2026-04-03 07:33:14,124 - utils - INFO - Label F1: 0.8810, Acc: 0.9585, Recall: 0.8909, AUC: 0.8978, AP: 0.8192
2026-04-03 07:33:20,173 - utils - INFO - GNN F1: 0.8702, Acc: 0.9544, Recall: 0.8775, AUC: 0.9274, AP: 0.8056
2026-04-03 07:33:20,174 - utils - INFO - Label F1: 0.8588, Acc: 0.9486, Recall: 0.8774, AUC: 0.8645, AP: 0.7784
2026-04-03 07:33:20,174 - train - INFO - Validation AUC: 0.9274
2026-04-03 07:33:20,187 - utils - INFO - Checkpoint saved to checkpoints\best_CARE_amazon.pt
2026-04-03 07:33:20,188 - train - INFO - New best model saved (AUC: 0.9274)
2026-04-03 07:33:29,323 - train - INFO - Epoch: 16, loss: 1.0708, lr: 0.010000, time: 9.13s
2026-04-03 07:33:34,054 - train - INFO - Epoch: 17, loss: 1.0382, lr: 0.010000, time: 4.73s
2026-04-03 07:33:37,747 - train - INFO - Epoch: 18, loss: 0.9885, lr: 0.010000, time: 3.69s
2026-04-03 07:34:03,239 - utils - INFO - GNN F1: 0.8825, Acc: 0.9593, Recall: 0.8899, AUC: 0.9359, AP: 0.8459
2026-04-03 07:34:03,239 - utils - INFO - Label F1: 0.8920, Acc: 0.9634, Recall: 0.8901, AUC: 0.9326, AP: 0.8410
2026-04-03 07:34:09,348 - utils - INFO - GNN F1: 0.8715, Acc: 0.9531, Recall: 0.8862, AUC: 0.9502, AP: 0.8316
2026-04-03 07:34:09,348 - utils - INFO - Label F1: 0.8733, Acc: 0.9557, Recall: 0.8764, AUC: 0.9487, AP: 0.8296
2026-04-03 07:34:09,349 - train - INFO - Validation AUC: 0.9502
2026-04-03 07:34:09,357 - utils - INFO - Checkpoint saved to checkpoints\best_CARE_amazon.pt
2026-04-03 07:34:09,357 - train - INFO - New best model saved (AUC: 0.9502)
2026-04-03 07:34:14,624 - train - INFO - Epoch: 19, loss: 0.9670, lr: 0.010000, time: 5.27s
2026-04-03 07:34:18,798 - train - INFO - Epoch: 20, loss: 0.9377, lr: 0.010000, time: 4.17s
2026-04-03 07:34:22,699 - train - INFO - Epoch: 21, loss: 0.9389, lr: 0.010000, time: 3.90s
2026-04-03 07:34:50,737 - utils - INFO - GNN F1: 0.8619, Acc: 0.9498, Recall: 0.8874, AUC: 0.9398, AP: 0.8480
2026-04-03 07:34:50,737 - utils - INFO - Label F1: 0.8925, Acc: 0.9635, Recall: 0.8902, AUC: 0.9321, AP: 0.8410
2026-04-03 07:34:57,064 - utils - INFO - GNN F1: 0.8501, Acc: 0.9427, Recall: 0.8832, AUC: 0.9504, AP: 0.8294
2026-04-03 07:34:57,064 - utils - INFO - Label F1: 0.8733, Acc: 0.9557, Recall: 0.8764, AUC: 0.9483, AP: 0.8311
2026-04-03 07:34:57,064 - train - INFO - Validation AUC: 0.9504
2026-04-03 07:34:57,071 - utils - INFO - Checkpoint saved to checkpoints\best_CARE_amazon.pt
2026-04-03 07:34:57,071 - train - INFO - New best model saved (AUC: 0.9504)
2026-04-03 07:35:02,394 - train - INFO - Epoch: 22, loss: 0.9416, lr: 0.010000, time: 5.32s
2026-04-03 07:35:05,288 - train - INFO - Epoch: 23, loss: 0.8845, lr: 0.010000, time: 2.89s
2026-04-03 07:35:08,833 - train - INFO - Epoch: 24, loss: 0.8906, lr: 0.010000, time: 3.55s
2026-04-03 07:35:34,201 - utils - INFO - GNN F1: 0.8749, Acc: 0.9559, Recall: 0.8896, AUC: 0.9401, AP: 0.8517
2026-04-03 07:35:34,202 - utils - INFO - Label F1: 0.8677, Acc: 0.9522, Recall: 0.8894, AUC: 0.9331, AP: 0.8414
2026-04-03 07:35:41,097 - utils - INFO - GNN F1: 0.8683, Acc: 0.9512, Recall: 0.8879, AUC: 0.9553, AP: 0.8434
2026-04-03 07:35:41,097 - utils - INFO - Label F1: 0.8515, Acc: 0.9440, Recall: 0.8817, AUC: 0.9498, AP: 0.8317
2026-04-03 07:35:41,097 - train - INFO - Validation AUC: 0.9553
2026-04-03 07:35:41,106 - utils - INFO - Checkpoint saved to checkpoints\best_CARE_amazon.pt
2026-04-03 07:35:41,106 - train - INFO - New best model saved (AUC: 0.9553)
2026-04-03 07:35:44,984 - train - INFO - Epoch: 25, loss: 0.8613, lr: 0.010000, time: 3.88s
2026-04-03 07:35:48,503 - train - INFO - Epoch: 26, loss: 0.9055, lr: 0.010000, time: 3.52s
2026-04-03 07:35:54,009 - train - INFO - Epoch: 27, loss: 0.9319, lr: 0.010000, time: 5.50s
2026-04-03 07:36:19,823 - utils - INFO - GNN F1: 0.8938, Acc: 0.9641, Recall: 0.8926, AUC: 0.9445, AP: 0.8572
2026-04-03 07:36:19,823 - utils - INFO - Label F1: 0.8935, Acc: 0.9639, Recall: 0.8918, AUC: 0.9306, AP: 0.8412
2026-04-03 07:36:26,562 - utils - INFO - GNN F1: 0.8739, Acc: 0.9557, Recall: 0.8809, AUC: 0.9578, AP: 0.8462
2026-04-03 07:36:26,562 - utils - INFO - Label F1: 0.8777, Acc: 0.9570, Recall: 0.8821, AUC: 0.9464, AP: 0.8310
2026-04-03 07:36:26,562 - train - INFO - Validation AUC: 0.9578
2026-04-03 07:36:26,568 - utils - INFO - Checkpoint saved to checkpoints\best_CARE_amazon.pt
2026-04-03 07:36:26,568 - train - INFO - New best model saved (AUC: 0.9578)
2026-04-03 07:36:29,886 - train - INFO - Epoch: 28, loss: 0.8869, lr: 0.010000, time: 3.32s
2026-04-03 07:36:33,317 - train - INFO - Epoch: 29, loss: 0.8545, lr: 0.010000, time: 3.43s
2026-04-03 07:36:36,230 - train - INFO - Epoch: 30, loss: 0.8425, lr: 0.010000, time: 2.91s
2026-04-03 07:37:02,202 - utils - INFO - GNN F1: 0.8607, Acc: 0.9492, Recall: 0.8871, AUC: 0.9428, AP: 0.8529
2026-04-03 07:37:02,202 - utils - INFO - Label F1: 0.8922, Acc: 0.9634, Recall: 0.8915, AUC: 0.9312, AP: 0.8433
2026-04-03 07:37:08,519 - utils - INFO - GNN F1: 0.8575, Acc: 0.9466, Recall: 0.8853, AUC: 0.9503, AP: 0.8335
2026-04-03 07:37:08,520 - utils - INFO - Label F1: 0.8775, Acc: 0.9570, Recall: 0.8821, AUC: 0.9467, AP: 0.8326
2026-04-03 07:37:08,520 - train - INFO - Validation AUC: 0.9503
2026-04-03 07:37:08,520 - train - INFO - Training complete.
2026-04-03 07:37:09,376 - __main__ - INFO - Experiment Shaped (acc only) completed in 1501.1s
2026-04-03 07:37:09,376 - __main__ - INFO - Best GNN AUC: 0.9444618606342559
2026-04-03 07:37:09,379 - __main__ - INFO - Results saved to results/ablation\amazon\capn_reward\ablation_results_20260403_073709.json
2026-04-03 07:37:10,266 - __main__ - INFO - 

Starting study: capn_llm
2026-04-03 07:37:10,267 - __main__ - INFO - 
============================================================
2026-04-03 07:37:10,268 - __main__ - INFO - Running experiment: CAPN (no priors)
2026-04-03 07:37:10,268 - __main__ - INFO - ============================================================
2026-04-03 07:37:10,268 - __main__ - INFO - Config: {'model': 'CARE', 'use_capn': True, 'llm_priors_file': ''}
2026-04-03 07:37:10,268 - train - INFO - Using device: cuda
2026-04-03 07:37:10,270 - utils - INFO - Random seed set to 72
2026-04-03 07:37:10,271 - utils - INFO - Loading cached labels/features from amz_labels.npy, amz_features.npy
2026-04-03 07:37:15,330 - utils - INFO - Loaded amazon dataset: 11944 nodes, 25 features
2026-04-03 07:37:15,336 - train - INFO - Split: train=2159, val=1296, test=5184
2026-04-03 07:37:15,342 - train - INFO - Model: CARE, Inter-AGG: GNN, emb_size: 64
2026-04-03 07:37:15,343 - train - INFO - Using MLP label predictor (hidden=12)
2026-04-03 07:37:15,350 - train - INFO - Policy network state_dim=30
2026-04-03 07:37:15,350 - train - INFO - CAPN mode enabled: policy_hidden=64, policy_lr=0.001, lambda_policy=0.1
2026-04-03 07:37:15,351 - train - INFO - Dual optimizer: GNN params=2946, Policy params=4262
2026-04-03 07:37:48,953 - train - INFO - Epoch: 0, loss: 2.1403, lr: 0.010000, time: 33.60s
2026-04-03 07:49:10,457 - utils - INFO - GNN F1: 0.4997, Acc: 0.5962, Recall: 0.6983, AUC: 0.7042, AP: 0.1516
2026-04-03 07:49:10,457 - utils - INFO - Label F1: 0.5379, Acc: 0.6456, Recall: 0.7409, AUC: 0.8832, AP: 0.7850
2026-04-03 07:51:53,781 - utils - INFO - GNN F1: 0.4707, Acc: 0.5553, Recall: 0.6692, AUC: 0.6608, AP: 0.1319
2026-04-03 07:51:53,781 - utils - INFO - Label F1: 0.5057, Acc: 0.6003, Recall: 0.7159, AUC: 0.8446, AP: 0.7213
2026-04-03 07:51:53,782 - train - INFO - Validation AUC: 0.6608
2026-04-03 07:51:53,792 - utils - INFO - Checkpoint saved to checkpoints\best_CARE_amazon.pt
2026-04-03 07:51:53,792 - train - INFO - New best model saved (AUC: 0.6608)
2026-04-03 07:52:18,483 - train - INFO - Epoch: 1, loss: 2.0143, lr: 0.010000, time: 24.69s
2026-04-03 07:52:42,103 - train - INFO - Epoch: 2, loss: 1.9055, lr: 0.010000, time: 23.62s
2026-04-03 07:53:03,089 - train - INFO - Epoch: 3, loss: 1.8266, lr: 0.010000, time: 20.98s
2026-04-03 07:53:27,983 - utils - INFO - GNN F1: 0.6631, Acc: 0.8056, Recall: 0.8106, AUC: 0.8736, AP: 0.7584
2026-04-03 07:53:27,983 - utils - INFO - Label F1: 0.8113, Acc: 0.9234, Recall: 0.8726, AUC: 0.8764, AP: 0.8114
2026-04-03 07:53:35,213 - utils - INFO - GNN F1: 0.6390, Acc: 0.7826, Recall: 0.7852, AUC: 0.8271, AP: 0.6969
2026-04-03 07:53:35,214 - utils - INFO - Label F1: 0.7884, Acc: 0.9089, Recall: 0.8598, AUC: 0.8265, AP: 0.7646
2026-04-03 07:53:35,214 - train - INFO - Validation AUC: 0.8271
2026-04-03 07:53:35,222 - utils - INFO - Checkpoint saved to checkpoints\best_CARE_amazon.pt
2026-04-03 07:53:35,222 - train - INFO - New best model saved (AUC: 0.8271)
2026-04-03 07:53:50,899 - train - INFO - Epoch: 4, loss: 1.7577, lr: 0.010000, time: 15.67s
2026-04-03 07:54:07,755 - train - INFO - Epoch: 5, loss: 1.6722, lr: 0.010000, time: 16.85s
2026-04-03 07:54:26,828 - train - INFO - Epoch: 6, loss: 1.5670, lr: 0.010000, time: 19.07s
2026-04-03 07:54:51,805 - utils - INFO - GNN F1: 0.8424, Acc: 0.9423, Recall: 0.8678, AUC: 0.8795, AP: 0.7831
2026-04-03 07:54:51,805 - utils - INFO - Label F1: 0.7103, Acc: 0.8499, Recall: 0.8351, AUC: 0.8770, AP: 0.8118
2026-04-03 07:54:58,129 - utils - INFO - GNN F1: 0.8190, Acc: 0.9277, Recall: 0.8584, AUC: 0.8383, AP: 0.7229
2026-04-03 07:54:58,129 - utils - INFO - Label F1: 0.6908, Acc: 0.8346, Recall: 0.8186, AUC: 0.8271, AP: 0.7643
2026-04-03 07:54:58,130 - train - INFO - Validation AUC: 0.8383
2026-04-03 07:54:58,137 - utils - INFO - Checkpoint saved to checkpoints\best_CARE_amazon.pt
2026-04-03 07:54:58,137 - train - INFO - New best model saved (AUC: 0.8383)
2026-04-03 07:55:17,298 - train - INFO - Epoch: 7, loss: 1.5595, lr: 0.010000, time: 19.16s
2026-04-03 07:55:30,195 - train - INFO - Epoch: 8, loss: 1.5042, lr: 0.010000, time: 12.90s
2026-04-03 07:55:39,839 - train - INFO - Epoch: 9, loss: 1.3751, lr: 0.010000, time: 9.64s
2026-04-03 07:56:04,398 - utils - INFO - GNN F1: 0.8448, Acc: 0.9418, Recall: 0.8787, AUC: 0.9073, AP: 0.8030
2026-04-03 07:56:04,398 - utils - INFO - Label F1: 0.8233, Acc: 0.9299, Recall: 0.8762, AUC: 0.8790, AP: 0.8128
2026-04-03 07:56:11,143 - utils - INFO - GNN F1: 0.8176, Acc: 0.9258, Recall: 0.8646, AUC: 0.8978, AP: 0.7556
2026-04-03 07:56:11,144 - utils - INFO - Label F1: 0.8019, Acc: 0.9160, Recall: 0.8637, AUC: 0.8308, AP: 0.7658
2026-04-03 07:56:11,144 - train - INFO - Validation AUC: 0.8978
2026-04-03 07:56:11,153 - utils - INFO - Checkpoint saved to checkpoints\best_CARE_amazon.pt
2026-04-03 07:56:11,154 - train - INFO - New best model saved (AUC: 0.8978)
2026-04-03 07:56:25,157 - train - INFO - Epoch: 10, loss: 1.3701, lr: 0.010000, time: 14.00s
2026-04-03 07:56:32,371 - train - INFO - Epoch: 11, loss: 1.2899, lr: 0.010000, time: 7.21s
2026-04-03 07:56:42,272 - train - INFO - Epoch: 12, loss: 1.2673, lr: 0.010000, time: 9.90s
2026-04-03 07:57:07,571 - utils - INFO - GNN F1: 0.8633, Acc: 0.9511, Recall: 0.8801, AUC: 0.9153, AP: 0.8211
2026-04-03 07:57:07,571 - utils - INFO - Label F1: 0.8273, Acc: 0.9319, Recall: 0.8782, AUC: 0.8825, AP: 0.8145
2026-04-03 07:57:13,675 - utils - INFO - GNN F1: 0.8510, Acc: 0.9460, Recall: 0.8733, AUC: 0.9222, AP: 0.7928
2026-04-03 07:57:13,675 - utils - INFO - Label F1: 0.8065, Acc: 0.9186, Recall: 0.8652, AUC: 0.8365, AP: 0.7684
2026-04-03 07:57:13,675 - train - INFO - Validation AUC: 0.9222
2026-04-03 07:57:13,682 - utils - INFO - Checkpoint saved to checkpoints\best_CARE_amazon.pt
2026-04-03 07:57:13,682 - train - INFO - New best model saved (AUC: 0.9222)
2026-04-03 07:57:22,336 - train - INFO - Epoch: 13, loss: 1.2108, lr: 0.010000, time: 8.65s
2026-04-03 07:57:31,647 - train - INFO - Epoch: 14, loss: 1.1552, lr: 0.010000, time: 9.31s
2026-04-03 07:57:37,397 - train - INFO - Epoch: 15, loss: 1.1193, lr: 0.010000, time: 5.75s
2026-04-03 07:58:02,208 - utils - INFO - GNN F1: 0.8939, Acc: 0.9648, Recall: 0.8859, AUC: 0.9169, AP: 0.8241
2026-04-03 07:58:02,209 - utils - INFO - Label F1: 0.8810, Acc: 0.9585, Recall: 0.8909, AUC: 0.8978, AP: 0.8192
2026-04-03 07:58:08,025 - utils - INFO - GNN F1: 0.8643, Acc: 0.9538, Recall: 0.8638, AUC: 0.9221, AP: 0.7976
2026-04-03 07:58:08,026 - utils - INFO - Label F1: 0.8588, Acc: 0.9486, Recall: 0.8774, AUC: 0.8645, AP: 0.7784
2026-04-03 07:58:08,026 - train - INFO - Validation AUC: 0.9221
2026-04-03 07:58:16,869 - train - INFO - Epoch: 16, loss: 1.0735, lr: 0.010000, time: 8.84s
2026-04-03 07:58:21,484 - train - INFO - Epoch: 17, loss: 1.0412, lr: 0.010000, time: 4.61s
2026-04-03 07:58:26,082 - train - INFO - Epoch: 18, loss: 0.9888, lr: 0.010000, time: 4.59s
2026-04-03 07:58:50,187 - utils - INFO - GNN F1: 0.8734, Acc: 0.9548, Recall: 0.8902, AUC: 0.9375, AP: 0.8456
2026-04-03 07:58:50,188 - utils - INFO - Label F1: 0.8920, Acc: 0.9634, Recall: 0.8901, AUC: 0.9326, AP: 0.8410
2026-04-03 07:58:56,608 - utils - INFO - GNN F1: 0.8614, Acc: 0.9479, Recall: 0.8860, AUC: 0.9516, AP: 0.8299
2026-04-03 07:58:56,608 - utils - INFO - Label F1: 0.8733, Acc: 0.9557, Recall: 0.8764, AUC: 0.9487, AP: 0.8296
2026-04-03 07:58:56,609 - train - INFO - Validation AUC: 0.9516
2026-04-03 07:58:56,619 - utils - INFO - Checkpoint saved to checkpoints\best_CARE_amazon.pt
2026-04-03 07:58:56,619 - train - INFO - New best model saved (AUC: 0.9516)
2026-04-03 07:59:01,593 - train - INFO - Epoch: 19, loss: 0.9657, lr: 0.010000, time: 4.97s
2026-04-03 07:59:05,631 - train - INFO - Epoch: 20, loss: 0.9334, lr: 0.010000, time: 4.04s
2026-04-03 07:59:09,915 - train - INFO - Epoch: 21, loss: 0.9401, lr: 0.010000, time: 4.28s
2026-04-03 07:59:35,463 - utils - INFO - GNN F1: 0.8730, Acc: 0.9548, Recall: 0.8902, AUC: 0.9399, AP: 0.8475
2026-04-03 07:59:35,463 - utils - INFO - Label F1: 0.8925, Acc: 0.9635, Recall: 0.8902, AUC: 0.9321, AP: 0.8410
2026-04-03 07:59:41,777 - utils - INFO - GNN F1: 0.8615, Acc: 0.9486, Recall: 0.8864, AUC: 0.9478, AP: 0.8267
2026-04-03 07:59:41,777 - utils - INFO - Label F1: 0.8733, Acc: 0.9557, Recall: 0.8764, AUC: 0.9483, AP: 0.8311
2026-04-03 07:59:41,777 - train - INFO - Validation AUC: 0.9478
2026-04-03 07:59:46,962 - train - INFO - Epoch: 22, loss: 0.9368, lr: 0.010000, time: 5.18s
2026-04-03 07:59:49,902 - train - INFO - Epoch: 23, loss: 0.8849, lr: 0.010000, time: 2.94s
2026-04-03 07:59:53,181 - train - INFO - Epoch: 24, loss: 0.8880, lr: 0.010000, time: 3.28s
2026-04-03 08:00:18,057 - utils - INFO - GNN F1: 0.8673, Acc: 0.9526, Recall: 0.8878, AUC: 0.9415, AP: 0.8530
2026-04-03 08:00:18,057 - utils - INFO - Label F1: 0.8677, Acc: 0.9522, Recall: 0.8894, AUC: 0.9331, AP: 0.8414
2026-04-03 08:00:23,983 - utils - INFO - GNN F1: 0.8616, Acc: 0.9479, Recall: 0.8860, AUC: 0.9569, AP: 0.8447
2026-04-03 08:00:23,984 - utils - INFO - Label F1: 0.8515, Acc: 0.9440, Recall: 0.8817, AUC: 0.9498, AP: 0.8317
2026-04-03 08:00:23,984 - train - INFO - Validation AUC: 0.9569
2026-04-03 08:00:23,991 - utils - INFO - Checkpoint saved to checkpoints\best_CARE_amazon.pt
2026-04-03 08:00:23,991 - train - INFO - New best model saved (AUC: 0.9569)
2026-04-03 08:00:27,854 - train - INFO - Epoch: 25, loss: 0.8586, lr: 0.010000, time: 3.86s
2026-04-03 08:00:31,433 - train - INFO - Epoch: 26, loss: 0.8978, lr: 0.010000, time: 3.58s
2026-04-03 08:00:36,242 - train - INFO - Epoch: 27, loss: 0.9276, lr: 0.010000, time: 4.81s
2026-04-03 08:01:01,160 - utils - INFO - GNN F1: 0.8994, Acc: 0.9663, Recall: 0.8938, AUC: 0.9445, AP: 0.8568
2026-04-03 08:01:01,160 - utils - INFO - Label F1: 0.8935, Acc: 0.9639, Recall: 0.8918, AUC: 0.9306, AP: 0.8412
2026-04-03 08:01:07,231 - utils - INFO - GNN F1: 0.8766, Acc: 0.9570, Recall: 0.8794, AUC: 0.9557, AP: 0.8419
2026-04-03 08:01:07,231 - utils - INFO - Label F1: 0.8777, Acc: 0.9570, Recall: 0.8821, AUC: 0.9464, AP: 0.8310
2026-04-03 08:01:07,232 - train - INFO - Validation AUC: 0.9557
2026-04-03 08:01:10,465 - train - INFO - Epoch: 28, loss: 0.8894, lr: 0.010000, time: 3.23s
2026-04-03 08:01:13,874 - train - INFO - Epoch: 29, loss: 0.8501, lr: 0.010000, time: 3.41s
2026-04-03 08:01:16,744 - train - INFO - Epoch: 30, loss: 0.8400, lr: 0.010000, time: 2.87s
2026-04-03 08:01:43,125 - utils - INFO - GNN F1: 0.8608, Acc: 0.9492, Recall: 0.8878, AUC: 0.9421, AP: 0.8520
2026-04-03 08:01:43,125 - utils - INFO - Label F1: 0.8922, Acc: 0.9634, Recall: 0.8915, AUC: 0.9312, AP: 0.8433
2026-04-03 08:01:49,318 - utils - INFO - GNN F1: 0.8505, Acc: 0.9434, Recall: 0.8835, AUC: 0.9500, AP: 0.8322
2026-04-03 08:01:49,318 - utils - INFO - Label F1: 0.8775, Acc: 0.9570, Recall: 0.8821, AUC: 0.9467, AP: 0.8326
2026-04-03 08:01:49,319 - train - INFO - Validation AUC: 0.9500
2026-04-03 08:01:49,319 - train - INFO - Training complete.
2026-04-03 08:01:49,319 - __main__ - INFO - Experiment CAPN (no priors) completed in 1479.1s
2026-04-03 08:01:49,320 - __main__ - INFO - Best GNN AUC: 0.9444800215163213
2026-04-03 08:01:49,320 - __main__ - INFO - 
============================================================
2026-04-03 08:01:49,320 - __main__ - INFO - Running experiment: CAPN (LLM priors)
2026-04-03 08:01:49,320 - __main__ - INFO - ============================================================
2026-04-03 08:01:49,320 - __main__ - INFO - Config: {'model': 'CARE', 'use_capn': True, 'llm_priors_file': 'data/llm_priors/amazon_priors.json'}
2026-04-03 08:01:49,321 - train - INFO - Using device: cuda
2026-04-03 08:01:49,321 - utils - INFO - Random seed set to 72
2026-04-03 08:01:49,322 - utils - INFO - Loading cached labels/features from amz_labels.npy, amz_features.npy
2026-04-03 08:01:54,141 - utils - INFO - Loaded amazon dataset: 11944 nodes, 25 features
2026-04-03 08:01:54,147 - train - INFO - Split: train=2159, val=1296, test=5184
2026-04-03 08:01:54,153 - train - INFO - Model: CARE, Inter-AGG: GNN, emb_size: 64
2026-04-03 08:01:54,154 - train - INFO - Using MLP label predictor (hidden=12)
2026-04-03 08:01:54,158 - capn - INFO - Loaded LLM priors from data/llm_priors/amazon_priors.json
2026-04-03 08:01:54,164 - train - INFO - Policy network state_dim=30
2026-04-03 08:01:54,164 - train - INFO - CAPN mode enabled: policy_hidden=64, policy_lr=0.001, lambda_policy=0.1
2026-04-03 08:01:54,166 - train - INFO - Dual optimizer: GNN params=2946, Policy params=4262
2026-04-03 08:02:28,430 - train - INFO - Epoch: 0, loss: 2.1362, lr: 0.010000, time: 34.26s
2026-04-03 08:14:12,100 - utils - INFO - GNN F1: 0.5697, Acc: 0.6994, Recall: 0.7389, AUC: 0.7674, AP: 0.2065
2026-04-03 08:14:12,100 - utils - INFO - Label F1: 0.5379, Acc: 0.6456, Recall: 0.7409, AUC: 0.8832, AP: 0.7850
2026-04-03 08:17:01,876 - utils - INFO - GNN F1: 0.5503, Acc: 0.6771, Recall: 0.7136, AUC: 0.7115, AP: 0.1662
2026-04-03 08:17:01,876 - utils - INFO - Label F1: 0.5057, Acc: 0.6003, Recall: 0.7159, AUC: 0.8446, AP: 0.7213
2026-04-03 08:17:01,876 - train - INFO - Validation AUC: 0.7115
2026-04-03 08:17:01,889 - utils - INFO - Checkpoint saved to checkpoints\best_CARE_amazon.pt
2026-04-03 08:17:01,889 - train - INFO - New best model saved (AUC: 0.7115)
2026-04-03 08:17:27,488 - train - INFO - Epoch: 1, loss: 2.0104, lr: 0.010000, time: 25.60s
2026-04-03 08:17:51,860 - train - INFO - Epoch: 2, loss: 1.9087, lr: 0.010000, time: 24.37s
2026-04-03 08:18:13,319 - train - INFO - Epoch: 3, loss: 1.8339, lr: 0.010000, time: 21.46s
2026-04-03 08:18:38,051 - utils - INFO - GNN F1: 0.6864, Acc: 0.8289, Recall: 0.8235, AUC: 0.8782, AP: 0.7851
2026-04-03 08:18:38,052 - utils - INFO - Label F1: 0.8113, Acc: 0.9234, Recall: 0.8726, AUC: 0.8764, AP: 0.8114
2026-04-03 08:18:44,198 - utils - INFO - GNN F1: 0.6577, Acc: 0.8008, Recall: 0.7998, AUC: 0.8278, AP: 0.7245
2026-04-03 08:18:44,198 - utils - INFO - Label F1: 0.7884, Acc: 0.9089, Recall: 0.8598, AUC: 0.8265, AP: 0.7646
2026-04-03 08:18:44,199 - train - INFO - Validation AUC: 0.8278
2026-04-03 08:18:44,206 - utils - INFO - Checkpoint saved to checkpoints\best_CARE_amazon.pt
2026-04-03 08:18:44,206 - train - INFO - New best model saved (AUC: 0.8278)
2026-04-03 08:18:59,829 - train - INFO - Epoch: 4, loss: 1.7634, lr: 0.010000, time: 15.62s
2026-04-03 08:19:18,274 - train - INFO - Epoch: 5, loss: 1.6734, lr: 0.010000, time: 18.44s
2026-04-03 08:19:37,674 - train - INFO - Epoch: 6, loss: 1.5666, lr: 0.010000, time: 19.40s
2026-04-03 08:20:02,860 - utils - INFO - GNN F1: 0.8636, Acc: 0.9518, Recall: 0.8746, AUC: 0.8812, AP: 0.7997
2026-04-03 08:20:02,860 - utils - INFO - Label F1: 0.7103, Acc: 0.8499, Recall: 0.8351, AUC: 0.8770, AP: 0.8118
2026-04-03 08:20:08,720 - utils - INFO - GNN F1: 0.8407, Acc: 0.9427, Recall: 0.8592, AUC: 0.8362, AP: 0.7451
2026-04-03 08:20:08,720 - utils - INFO - Label F1: 0.6908, Acc: 0.8346, Recall: 0.8186, AUC: 0.8271, AP: 0.7643
2026-04-03 08:20:08,721 - train - INFO - Validation AUC: 0.8362
2026-04-03 08:20:08,727 - utils - INFO - Checkpoint saved to checkpoints\best_CARE_amazon.pt
2026-04-03 08:20:08,727 - train - INFO - New best model saved (AUC: 0.8362)
2026-04-03 08:20:28,233 - train - INFO - Epoch: 7, loss: 1.5567, lr: 0.010000, time: 19.50s
2026-04-03 08:20:41,572 - train - INFO - Epoch: 8, loss: 1.4923, lr: 0.010000, time: 13.34s
2026-04-03 08:20:51,579 - train - INFO - Epoch: 9, loss: 1.3696, lr: 0.010000, time: 10.01s
2026-04-03 08:21:18,016 - utils - INFO - GNN F1: 0.8609, Acc: 0.9501, Recall: 0.8784, AUC: 0.9153, AP: 0.8160
2026-04-03 08:21:18,016 - utils - INFO - Label F1: 0.8233, Acc: 0.9299, Recall: 0.8762, AUC: 0.8790, AP: 0.8128
2026-04-03 08:21:24,161 - utils - INFO - GNN F1: 0.8439, Acc: 0.9421, Recall: 0.8716, AUC: 0.9031, AP: 0.7720
2026-04-03 08:21:24,161 - utils - INFO - Label F1: 0.8019, Acc: 0.9160, Recall: 0.8637, AUC: 0.8308, AP: 0.7658
2026-04-03 08:21:24,161 - train - INFO - Validation AUC: 0.9031
2026-04-03 08:21:24,169 - utils - INFO - Checkpoint saved to checkpoints\best_CARE_amazon.pt
2026-04-03 08:21:24,169 - train - INFO - New best model saved (AUC: 0.9031)
2026-04-03 08:21:38,656 - train - INFO - Epoch: 10, loss: 1.3660, lr: 0.010000, time: 14.48s
2026-04-03 08:21:46,286 - train - INFO - Epoch: 11, loss: 1.2837, lr: 0.010000, time: 7.63s
2026-04-03 08:21:56,478 - train - INFO - Epoch: 12, loss: 1.2648, lr: 0.010000, time: 10.19s
2026-04-03 08:22:22,888 - utils - INFO - GNN F1: 0.8700, Acc: 0.9537, Recall: 0.8846, AUC: 0.9178, AP: 0.8272
2026-04-03 08:22:22,888 - utils - INFO - Label F1: 0.8273, Acc: 0.9319, Recall: 0.8782, AUC: 0.8825, AP: 0.8145
2026-04-03 08:22:29,650 - utils - INFO - GNN F1: 0.8552, Acc: 0.9473, Recall: 0.8767, AUC: 0.9294, AP: 0.8073
2026-04-03 08:22:29,650 - utils - INFO - Label F1: 0.8065, Acc: 0.9186, Recall: 0.8652, AUC: 0.8365, AP: 0.7684
2026-04-03 08:22:29,650 - train - INFO - Validation AUC: 0.9294
2026-04-03 08:22:29,657 - utils - INFO - Checkpoint saved to checkpoints\best_CARE_amazon.pt
2026-04-03 08:22:29,657 - train - INFO - New best model saved (AUC: 0.9294)
2026-04-03 08:22:38,533 - train - INFO - Epoch: 13, loss: 1.2053, lr: 0.010000, time: 8.87s
2026-04-03 08:22:48,514 - train - INFO - Epoch: 14, loss: 1.1552, lr: 0.010000, time: 9.98s
2026-04-03 08:22:54,542 - train - INFO - Epoch: 15, loss: 1.1120, lr: 0.010000, time: 6.03s
2026-04-03 08:23:19,995 - utils - INFO - GNN F1: 0.8942, Acc: 0.9650, Recall: 0.8860, AUC: 0.9165, AP: 0.8270
2026-04-03 08:23:19,995 - utils - INFO - Label F1: 0.8810, Acc: 0.9585, Recall: 0.8909, AUC: 0.8978, AP: 0.8192
2026-04-03 08:23:26,670 - utils - INFO - GNN F1: 0.8722, Acc: 0.9564, Recall: 0.8768, AUC: 0.9247, AP: 0.8058
2026-04-03 08:23:26,670 - utils - INFO - Label F1: 0.8588, Acc: 0.9486, Recall: 0.8774, AUC: 0.8645, AP: 0.7784
2026-04-03 08:23:26,671 - train - INFO - Validation AUC: 0.9247
2026-04-03 08:23:36,298 - train - INFO - Epoch: 16, loss: 1.0724, lr: 0.010000, time: 9.62s
2026-04-03 08:23:41,171 - train - INFO - Epoch: 17, loss: 1.0367, lr: 0.010000, time: 4.87s
2026-04-03 08:23:44,980 - train - INFO - Epoch: 18, loss: 0.9894, lr: 0.010000, time: 3.81s
2026-04-03 08:24:10,126 - utils - INFO - GNN F1: 0.8785, Acc: 0.9572, Recall: 0.8915, AUC: 0.9381, AP: 0.8495
2026-04-03 08:24:10,126 - utils - INFO - Label F1: 0.8920, Acc: 0.9634, Recall: 0.8901, AUC: 0.9326, AP: 0.8410
2026-04-03 08:24:16,130 - utils - INFO - GNN F1: 0.8688, Acc: 0.9518, Recall: 0.8882, AUC: 0.9524, AP: 0.8369
2026-04-03 08:24:16,130 - utils - INFO - Label F1: 0.8733, Acc: 0.9557, Recall: 0.8764, AUC: 0.9487, AP: 0.8296
2026-04-03 08:24:16,130 - train - INFO - Validation AUC: 0.9524
2026-04-03 08:24:16,135 - utils - INFO - Checkpoint saved to checkpoints\best_CARE_amazon.pt
2026-04-03 08:24:16,136 - train - INFO - New best model saved (AUC: 0.9524)
2026-04-03 08:24:21,331 - train - INFO - Epoch: 19, loss: 0.9703, lr: 0.010000, time: 5.19s
2026-04-03 08:24:26,585 - train - INFO - Epoch: 20, loss: 0.9320, lr: 0.010000, time: 5.25s
2026-04-03 08:24:30,567 - train - INFO - Epoch: 21, loss: 0.9426, lr: 0.010000, time: 3.98s
2026-04-03 08:24:56,624 - utils - INFO - GNN F1: 0.8726, Acc: 0.9546, Recall: 0.8901, AUC: 0.9403, AP: 0.8482
2026-04-03 08:24:56,624 - utils - INFO - Label F1: 0.8925, Acc: 0.9635, Recall: 0.8902, AUC: 0.9321, AP: 0.8410
2026-04-03 08:25:02,950 - utils - INFO - GNN F1: 0.8670, Acc: 0.9512, Recall: 0.8879, AUC: 0.9496, AP: 0.8295
2026-04-03 08:25:02,950 - utils - INFO - Label F1: 0.8733, Acc: 0.9557, Recall: 0.8764, AUC: 0.9483, AP: 0.8311
2026-04-03 08:25:02,950 - train - INFO - Validation AUC: 0.9496
2026-04-03 08:25:08,151 - train - INFO - Epoch: 22, loss: 0.9368, lr: 0.010000, time: 5.20s
2026-04-03 08:25:11,301 - train - INFO - Epoch: 23, loss: 0.8891, lr: 0.010000, time: 3.15s
2026-04-03 08:25:14,896 - train - INFO - Epoch: 24, loss: 0.8920, lr: 0.010000, time: 3.59s
2026-04-03 08:25:40,669 - utils - INFO - GNN F1: 0.8658, Acc: 0.9516, Recall: 0.8885, AUC: 0.9409, AP: 0.8539
2026-04-03 08:25:40,669 - utils - INFO - Label F1: 0.8677, Acc: 0.9522, Recall: 0.8894, AUC: 0.9331, AP: 0.8414
2026-04-03 08:25:47,201 - utils - INFO - GNN F1: 0.8612, Acc: 0.9479, Recall: 0.8888, AUC: 0.9563, AP: 0.8458
2026-04-03 08:25:47,202 - utils - INFO - Label F1: 0.8515, Acc: 0.9440, Recall: 0.8817, AUC: 0.9498, AP: 0.8317
2026-04-03 08:25:47,202 - train - INFO - Validation AUC: 0.9563
2026-04-03 08:25:47,213 - utils - INFO - Checkpoint saved to checkpoints\best_CARE_amazon.pt
2026-04-03 08:25:47,213 - train - INFO - New best model saved (AUC: 0.9563)
2026-04-03 08:25:52,498 - train - INFO - Epoch: 25, loss: 0.8638, lr: 0.010000, time: 5.28s
2026-04-03 08:25:56,058 - train - INFO - Epoch: 26, loss: 0.9039, lr: 0.010000, time: 3.56s
2026-04-03 08:25:59,947 - train - INFO - Epoch: 27, loss: 0.9268, lr: 0.010000, time: 3.89s
2026-04-03 08:26:25,154 - utils - INFO - GNN F1: 0.9038, Acc: 0.9682, Recall: 0.8948, AUC: 0.9453, AP: 0.8587
2026-04-03 08:26:25,155 - utils - INFO - Label F1: 0.8935, Acc: 0.9639, Recall: 0.8918, AUC: 0.9306, AP: 0.8412
2026-04-03 08:26:31,513 - utils - INFO - GNN F1: 0.8768, Acc: 0.9570, Recall: 0.8816, AUC: 0.9561, AP: 0.8484
2026-04-03 08:26:31,514 - utils - INFO - Label F1: 0.8777, Acc: 0.9570, Recall: 0.8821, AUC: 0.9464, AP: 0.8310
2026-04-03 08:26:31,514 - train - INFO - Validation AUC: 0.9561
2026-04-03 08:26:34,713 - train - INFO - Epoch: 28, loss: 0.8893, lr: 0.010000, time: 3.20s
2026-04-03 08:26:38,025 - train - INFO - Epoch: 29, loss: 0.8571, lr: 0.010000, time: 3.31s
2026-04-03 08:26:41,061 - train - INFO - Epoch: 30, loss: 0.8410, lr: 0.010000, time: 3.03s
2026-04-03 08:27:04,954 - utils - INFO - GNN F1: 0.8627, Acc: 0.9501, Recall: 0.8876, AUC: 0.9425, AP: 0.8531
2026-04-03 08:27:04,954 - utils - INFO - Label F1: 0.8922, Acc: 0.9634, Recall: 0.8915, AUC: 0.9312, AP: 0.8433
2026-04-03 08:27:12,397 - utils - INFO - GNN F1: 0.8555, Acc: 0.9460, Recall: 0.8850, AUC: 0.9500, AP: 0.8352
2026-04-03 08:27:12,397 - utils - INFO - Label F1: 0.8775, Acc: 0.9570, Recall: 0.8821, AUC: 0.9467, AP: 0.8326
2026-04-03 08:27:12,398 - train - INFO - Validation AUC: 0.9500
2026-04-03 08:27:12,398 - train - INFO - Training complete.
2026-04-03 08:27:13,289 - __main__ - INFO - Experiment CAPN (LLM priors) completed in 1524.0s
2026-04-03 08:27:13,289 - __main__ - INFO - Best GNN AUC: 0.9452509942001927
2026-04-03 08:27:13,290 - __main__ - INFO - Results saved to results/ablation\amazon\capn_llm\ablation_results_20260403_082713.json
2026-04-03 08:27:14,203 - __main__ - INFO - 

Starting study: capn_lambda
2026-04-03 08:27:14,204 - __main__ - INFO - 
============================================================
2026-04-03 08:27:14,204 - __main__ - INFO - Running experiment: lambda_policy=0.01
2026-04-03 08:27:14,204 - __main__ - INFO - ============================================================
2026-04-03 08:27:14,205 - __main__ - INFO - Config: {'model': 'CARE', 'use_capn': True, 'lambda_policy': 0.01}
2026-04-03 08:27:14,205 - train - INFO - Using device: cuda
2026-04-03 08:27:14,208 - utils - INFO - Random seed set to 72
2026-04-03 08:27:14,208 - utils - INFO - Loading cached labels/features from amz_labels.npy, amz_features.npy
2026-04-03 08:27:18,841 - utils - INFO - Loaded amazon dataset: 11944 nodes, 25 features
2026-04-03 08:27:18,848 - train - INFO - Split: train=2159, val=1296, test=5184
2026-04-03 08:27:18,853 - train - INFO - Model: CARE, Inter-AGG: GNN, emb_size: 64
2026-04-03 08:27:18,855 - train - INFO - Using MLP label predictor (hidden=12)
2026-04-03 08:27:18,861 - train - INFO - Policy network state_dim=30
2026-04-03 08:27:18,862 - train - INFO - CAPN mode enabled: policy_hidden=64, policy_lr=0.001, lambda_policy=0.01
2026-04-03 08:27:18,863 - train - INFO - Dual optimizer: GNN params=2946, Policy params=4262
2026-04-03 08:27:52,419 - train - INFO - Epoch: 0, loss: 2.1402, lr: 0.010000, time: 33.55s
2026-04-03 08:39:26,257 - utils - INFO - GNN F1: 0.4997, Acc: 0.5962, Recall: 0.6983, AUC: 0.7042, AP: 0.1517
2026-04-03 08:39:26,257 - utils - INFO - Label F1: 0.5379, Acc: 0.6456, Recall: 0.7409, AUC: 0.8832, AP: 0.7850
2026-04-03 08:42:12,351 - utils - INFO - GNN F1: 0.4707, Acc: 0.5553, Recall: 0.6692, AUC: 0.6608, AP: 0.1319
2026-04-03 08:42:12,351 - utils - INFO - Label F1: 0.5057, Acc: 0.6003, Recall: 0.7159, AUC: 0.8446, AP: 0.7213
2026-04-03 08:42:12,352 - train - INFO - Validation AUC: 0.6608
2026-04-03 08:42:12,360 - utils - INFO - Checkpoint saved to checkpoints\best_CARE_amazon.pt
2026-04-03 08:42:12,360 - train - INFO - New best model saved (AUC: 0.6608)
2026-04-03 08:42:37,364 - train - INFO - Epoch: 1, loss: 2.0147, lr: 0.010000, time: 25.00s
2026-04-03 08:43:01,863 - train - INFO - Epoch: 2, loss: 1.9057, lr: 0.010000, time: 24.50s
2026-04-03 08:43:23,098 - train - INFO - Epoch: 3, loss: 1.8270, lr: 0.010000, time: 21.23s
2026-04-03 08:43:48,151 - utils - INFO - GNN F1: 0.6631, Acc: 0.8056, Recall: 0.8106, AUC: 0.8736, AP: 0.7584
2026-04-03 08:43:48,151 - utils - INFO - Label F1: 0.8113, Acc: 0.9234, Recall: 0.8726, AUC: 0.8764, AP: 0.8114
2026-04-03 08:43:54,278 - utils - INFO - GNN F1: 0.6390, Acc: 0.7826, Recall: 0.7852, AUC: 0.8271, AP: 0.6968
2026-04-03 08:43:54,278 - utils - INFO - Label F1: 0.7884, Acc: 0.9089, Recall: 0.8598, AUC: 0.8265, AP: 0.7646
2026-04-03 08:43:54,279 - train - INFO - Validation AUC: 0.8271
2026-04-03 08:43:54,285 - utils - INFO - Checkpoint saved to checkpoints\best_CARE_amazon.pt
2026-04-03 08:43:54,286 - train - INFO - New best model saved (AUC: 0.8271)
2026-04-03 08:44:10,526 - train - INFO - Epoch: 4, loss: 1.7580, lr: 0.010000, time: 16.24s
2026-04-03 08:44:27,366 - train - INFO - Epoch: 5, loss: 1.6730, lr: 0.010000, time: 16.84s
2026-04-03 08:44:46,501 - train - INFO - Epoch: 6, loss: 1.5715, lr: 0.010000, time: 19.13s
2026-04-03 08:45:11,034 - utils - INFO - GNN F1: 0.8414, Acc: 0.9418, Recall: 0.8675, AUC: 0.8796, AP: 0.7833
2026-04-03 08:45:11,035 - utils - INFO - Label F1: 0.7103, Acc: 0.8499, Recall: 0.8351, AUC: 0.8770, AP: 0.8118
2026-04-03 08:45:17,885 - utils - INFO - GNN F1: 0.8190, Acc: 0.9277, Recall: 0.8584, AUC: 0.8384, AP: 0.7233
2026-04-03 08:45:17,886 - utils - INFO - Label F1: 0.6908, Acc: 0.8346, Recall: 0.8186, AUC: 0.8271, AP: 0.7643
2026-04-03 08:45:17,886 - train - INFO - Validation AUC: 0.8384
2026-04-03 08:45:17,895 - utils - INFO - Checkpoint saved to checkpoints\best_CARE_amazon.pt
2026-04-03 08:45:17,895 - train - INFO - New best model saved (AUC: 0.8384)
2026-04-03 08:45:36,944 - train - INFO - Epoch: 7, loss: 1.5594, lr: 0.010000, time: 19.05s
2026-04-03 08:45:49,925 - train - INFO - Epoch: 8, loss: 1.5033, lr: 0.010000, time: 12.98s
2026-04-03 08:45:59,719 - train - INFO - Epoch: 9, loss: 1.3694, lr: 0.010000, time: 9.79s
2026-04-03 08:46:26,273 - utils - INFO - GNN F1: 0.8467, Acc: 0.9427, Recall: 0.8792, AUC: 0.9104, AP: 0.8049
2026-04-03 08:46:26,274 - utils - INFO - Label F1: 0.8233, Acc: 0.9299, Recall: 0.8762, AUC: 0.8790, AP: 0.8128
2026-04-03 08:46:32,404 - utils - INFO - GNN F1: 0.8190, Acc: 0.9264, Recall: 0.8650, AUC: 0.9017, AP: 0.7575
2026-04-03 08:46:32,404 - utils - INFO - Label F1: 0.8019, Acc: 0.9160, Recall: 0.8637, AUC: 0.8308, AP: 0.7658
2026-04-03 08:46:32,404 - train - INFO - Validation AUC: 0.9017
2026-04-03 08:46:32,411 - utils - INFO - Checkpoint saved to checkpoints\best_CARE_amazon.pt
2026-04-03 08:46:32,411 - train - INFO - New best model saved (AUC: 0.9017)
2026-04-03 08:46:46,333 - train - INFO - Epoch: 10, loss: 1.3697, lr: 0.010000, time: 13.92s
2026-04-03 08:46:53,648 - train - INFO - Epoch: 11, loss: 1.2896, lr: 0.010000, time: 7.31s
2026-04-03 08:47:03,691 - train - INFO - Epoch: 12, loss: 1.2672, lr: 0.010000, time: 10.04s
2026-04-03 08:47:28,802 - utils - INFO - GNN F1: 0.8630, Acc: 0.9513, Recall: 0.8790, AUC: 0.9156, AP: 0.8216
2026-04-03 08:47:28,802 - utils - INFO - Label F1: 0.8273, Acc: 0.9319, Recall: 0.8782, AUC: 0.8825, AP: 0.8145
2026-04-03 08:47:35,748 - utils - INFO - GNN F1: 0.8522, Acc: 0.9466, Recall: 0.8736, AUC: 0.9242, AP: 0.7955
2026-04-03 08:47:35,749 - utils - INFO - Label F1: 0.8065, Acc: 0.9186, Recall: 0.8652, AUC: 0.8365, AP: 0.7684
2026-04-03 08:47:35,749 - train - INFO - Validation AUC: 0.9242
2026-04-03 08:47:35,756 - utils - INFO - Checkpoint saved to checkpoints\best_CARE_amazon.pt
2026-04-03 08:47:35,756 - train - INFO - New best model saved (AUC: 0.9242)
2026-04-03 08:47:44,490 - train - INFO - Epoch: 13, loss: 1.2129, lr: 0.010000, time: 8.73s
2026-04-03 08:47:53,809 - train - INFO - Epoch: 14, loss: 1.1567, lr: 0.010000, time: 9.32s
2026-04-03 08:47:59,624 - train - INFO - Epoch: 15, loss: 1.1153, lr: 0.010000, time: 5.81s
2026-04-03 08:48:25,032 - utils - INFO - GNN F1: 0.8885, Acc: 0.9626, Recall: 0.8846, AUC: 0.9161, AP: 0.8240
2026-04-03 08:48:25,033 - utils - INFO - Label F1: 0.8810, Acc: 0.9585, Recall: 0.8909, AUC: 0.8978, AP: 0.8192
2026-04-03 08:48:31,677 - utils - INFO - GNN F1: 0.8688, Acc: 0.9544, Recall: 0.8732, AUC: 0.9209, AP: 0.7968
2026-04-03 08:48:31,677 - utils - INFO - Label F1: 0.8588, Acc: 0.9486, Recall: 0.8774, AUC: 0.8645, AP: 0.7784
2026-04-03 08:48:31,677 - train - INFO - Validation AUC: 0.9209
2026-04-03 08:48:40,761 - train - INFO - Epoch: 16, loss: 1.0700, lr: 0.010000, time: 9.08s
2026-04-03 08:48:45,656 - train - INFO - Epoch: 17, loss: 1.0390, lr: 0.010000, time: 4.89s
2026-04-03 08:48:49,462 - train - INFO - Epoch: 18, loss: 0.9895, lr: 0.010000, time: 3.80s
2026-04-03 08:49:15,717 - utils - INFO - GNN F1: 0.8784, Acc: 0.9572, Recall: 0.8916, AUC: 0.9361, AP: 0.8460
2026-04-03 08:49:15,717 - utils - INFO - Label F1: 0.8920, Acc: 0.9634, Recall: 0.8901, AUC: 0.9326, AP: 0.8410
2026-04-03 08:49:22,056 - utils - INFO - GNN F1: 0.8663, Acc: 0.9505, Recall: 0.8875, AUC: 0.9501, AP: 0.8324
2026-04-03 08:49:22,056 - utils - INFO - Label F1: 0.8733, Acc: 0.9557, Recall: 0.8764, AUC: 0.9487, AP: 0.8296
2026-04-03 08:49:22,057 - train - INFO - Validation AUC: 0.9501
2026-04-03 08:49:22,064 - utils - INFO - Checkpoint saved to checkpoints\best_CARE_amazon.pt
2026-04-03 08:49:22,064 - train - INFO - New best model saved (AUC: 0.9501)
2026-04-03 08:49:27,257 - train - INFO - Epoch: 19, loss: 0.9688, lr: 0.010000, time: 5.19s
2026-04-03 08:49:31,299 - train - INFO - Epoch: 20, loss: 0.9366, lr: 0.010000, time: 4.04s
2026-04-03 08:49:35,204 - train - INFO - Epoch: 21, loss: 0.9367, lr: 0.010000, time: 3.90s
2026-04-03 08:50:01,523 - utils - INFO - GNN F1: 0.8685, Acc: 0.9528, Recall: 0.8891, AUC: 0.9393, AP: 0.8473
2026-04-03 08:50:01,523 - utils - INFO - Label F1: 0.8925, Acc: 0.9635, Recall: 0.8902, AUC: 0.9321, AP: 0.8410
2026-04-03 08:50:07,577 - utils - INFO - GNN F1: 0.8615, Acc: 0.9486, Recall: 0.8864, AUC: 0.9490, AP: 0.8282
2026-04-03 08:50:07,578 - utils - INFO - Label F1: 0.8733, Acc: 0.9557, Recall: 0.8764, AUC: 0.9483, AP: 0.8311
2026-04-03 08:50:07,578 - train - INFO - Validation AUC: 0.9490
2026-04-03 08:50:12,908 - train - INFO - Epoch: 22, loss: 0.9406, lr: 0.010000, time: 5.33s
2026-04-03 08:50:15,887 - train - INFO - Epoch: 23, loss: 0.8870, lr: 0.010000, time: 2.98s
2026-04-03 08:50:19,322 - train - INFO - Epoch: 24, loss: 0.8887, lr: 0.010000, time: 3.43s
2026-04-03 08:50:44,540 - utils - INFO - GNN F1: 0.8649, Acc: 0.9513, Recall: 0.8883, AUC: 0.9413, AP: 0.8516
2026-04-03 08:50:44,540 - utils - INFO - Label F1: 0.8677, Acc: 0.9522, Recall: 0.8894, AUC: 0.9331, AP: 0.8414
2026-04-03 08:50:50,700 - utils - INFO - GNN F1: 0.8584, Acc: 0.9466, Recall: 0.8853, AUC: 0.9545, AP: 0.8409
2026-04-03 08:50:50,700 - utils - INFO - Label F1: 0.8515, Acc: 0.9440, Recall: 0.8817, AUC: 0.9498, AP: 0.8317
2026-04-03 08:50:50,700 - train - INFO - Validation AUC: 0.9545
2026-04-03 08:50:50,710 - utils - INFO - Checkpoint saved to checkpoints\best_CARE_amazon.pt
2026-04-03 08:50:50,710 - train - INFO - New best model saved (AUC: 0.9545)
2026-04-03 08:50:54,718 - train - INFO - Epoch: 25, loss: 0.8638, lr: 0.010000, time: 4.01s
2026-04-03 08:50:58,368 - train - INFO - Epoch: 26, loss: 0.9057, lr: 0.010000, time: 3.65s
2026-04-03 08:51:02,154 - train - INFO - Epoch: 27, loss: 0.9298, lr: 0.010000, time: 3.79s
2026-04-03 08:51:27,684 - utils - INFO - GNN F1: 0.8971, Acc: 0.9654, Recall: 0.8933, AUC: 0.9441, AP: 0.8568
2026-04-03 08:51:27,685 - utils - INFO - Label F1: 0.8935, Acc: 0.9639, Recall: 0.8918, AUC: 0.9306, AP: 0.8412
2026-04-03 08:51:33,753 - utils - INFO - GNN F1: 0.8753, Acc: 0.9564, Recall: 0.8790, AUC: 0.9557, AP: 0.8427
2026-04-03 08:51:33,753 - utils - INFO - Label F1: 0.8777, Acc: 0.9570, Recall: 0.8821, AUC: 0.9464, AP: 0.8310
2026-04-03 08:51:33,753 - train - INFO - Validation AUC: 0.9557
2026-04-03 08:51:33,759 - utils - INFO - Checkpoint saved to checkpoints\best_CARE_amazon.pt
2026-04-03 08:51:33,760 - train - INFO - New best model saved (AUC: 0.9557)
2026-04-03 08:51:37,245 - train - INFO - Epoch: 28, loss: 0.8878, lr: 0.010000, time: 3.49s
2026-04-03 08:51:40,463 - train - INFO - Epoch: 29, loss: 0.8528, lr: 0.010000, time: 3.22s
2026-04-03 08:51:43,568 - train - INFO - Epoch: 30, loss: 0.8405, lr: 0.010000, time: 3.10s
2026-04-03 08:52:07,307 - utils - INFO - GNN F1: 0.8605, Acc: 0.9490, Recall: 0.8877, AUC: 0.9423, AP: 0.8524
2026-04-03 08:52:07,307 - utils - INFO - Label F1: 0.8922, Acc: 0.9634, Recall: 0.8915, AUC: 0.9312, AP: 0.8433
2026-04-03 08:52:14,574 - utils - INFO - GNN F1: 0.8516, Acc: 0.9440, Recall: 0.8839, AUC: 0.9500, AP: 0.8330
2026-04-03 08:52:14,574 - utils - INFO - Label F1: 0.8775, Acc: 0.9570, Recall: 0.8821, AUC: 0.9467, AP: 0.8326
2026-04-03 08:52:14,575 - train - INFO - Validation AUC: 0.9500
2026-04-03 08:52:14,575 - train - INFO - Training complete.
2026-04-03 08:52:14,576 - __main__ - INFO - Experiment lambda_policy=0.01 completed in 1500.4s
2026-04-03 08:52:14,576 - __main__ - INFO - Best GNN AUC: 0.9440567000034159
2026-04-03 08:52:14,576 - __main__ - INFO - 
============================================================
2026-04-03 08:52:14,576 - __main__ - INFO - Running experiment: lambda_policy=0.05
2026-04-03 08:52:14,576 - __main__ - INFO - ============================================================
2026-04-03 08:52:14,576 - __main__ - INFO - Config: {'model': 'CARE', 'use_capn': True, 'lambda_policy': 0.05}
2026-04-03 08:52:14,576 - train - INFO - Using device: cuda
2026-04-03 08:52:14,577 - utils - INFO - Random seed set to 72
2026-04-03 08:52:14,577 - utils - INFO - Loading cached labels/features from amz_labels.npy, amz_features.npy
2026-04-03 08:52:19,515 - utils - INFO - Loaded amazon dataset: 11944 nodes, 25 features
2026-04-03 08:52:19,521 - train - INFO - Split: train=2159, val=1296, test=5184
2026-04-03 08:52:19,527 - train - INFO - Model: CARE, Inter-AGG: GNN, emb_size: 64
2026-04-03 08:52:19,528 - train - INFO - Using MLP label predictor (hidden=12)
2026-04-03 08:52:19,534 - train - INFO - Policy network state_dim=30
2026-04-03 08:52:19,534 - train - INFO - CAPN mode enabled: policy_hidden=64, policy_lr=0.001, lambda_policy=0.05
2026-04-03 08:52:19,536 - train - INFO - Dual optimizer: GNN params=2946, Policy params=4262
2026-04-03 08:52:54,225 - train - INFO - Epoch: 0, loss: 2.1403, lr: 0.010000, time: 34.69s
2026-04-03 09:04:53,748 - utils - INFO - GNN F1: 0.4997, Acc: 0.5962, Recall: 0.6983, AUC: 0.7042, AP: 0.1516
2026-04-03 09:04:53,748 - utils - INFO - Label F1: 0.5379, Acc: 0.6456, Recall: 0.7409, AUC: 0.8832, AP: 0.7850
2026-04-03 09:07:46,526 - utils - INFO - GNN F1: 0.4707, Acc: 0.5553, Recall: 0.6692, AUC: 0.6608, AP: 0.1319
2026-04-03 09:07:46,526 - utils - INFO - Label F1: 0.5057, Acc: 0.6003, Recall: 0.7159, AUC: 0.8446, AP: 0.7213
2026-04-03 09:07:46,526 - train - INFO - Validation AUC: 0.6608
2026-04-03 09:07:46,537 - utils - INFO - Checkpoint saved to checkpoints\best_CARE_amazon.pt
2026-04-03 09:07:46,537 - train - INFO - New best model saved (AUC: 0.6608)
2026-04-03 09:08:12,520 - train - INFO - Epoch: 1, loss: 2.0145, lr: 0.010000, time: 25.98s
2026-04-03 09:08:37,434 - train - INFO - Epoch: 2, loss: 1.9056, lr: 0.010000, time: 24.91s
2026-04-03 09:08:59,682 - train - INFO - Epoch: 3, loss: 1.8268, lr: 0.010000, time: 22.24s
2026-04-03 09:09:25,677 - utils - INFO - GNN F1: 0.6631, Acc: 0.8056, Recall: 0.8106, AUC: 0.8736, AP: 0.7584
2026-04-03 09:09:25,677 - utils - INFO - Label F1: 0.8113, Acc: 0.9234, Recall: 0.8726, AUC: 0.8764, AP: 0.8114
2026-04-03 09:09:32,134 - utils - INFO - GNN F1: 0.6390, Acc: 0.7826, Recall: 0.7852, AUC: 0.8271, AP: 0.6969
2026-04-03 09:09:32,135 - utils - INFO - Label F1: 0.7884, Acc: 0.9089, Recall: 0.8598, AUC: 0.8265, AP: 0.7646
2026-04-03 09:09:32,135 - train - INFO - Validation AUC: 0.8271
2026-04-03 09:09:32,141 - utils - INFO - Checkpoint saved to checkpoints\best_CARE_amazon.pt
2026-04-03 09:09:32,141 - train - INFO - New best model saved (AUC: 0.8271)
2026-04-03 09:09:48,365 - train - INFO - Epoch: 4, loss: 1.7579, lr: 0.010000, time: 16.22s
2026-04-03 09:10:06,230 - train - INFO - Epoch: 5, loss: 1.6724, lr: 0.010000, time: 17.86s
2026-04-03 09:10:27,421 - train - INFO - Epoch: 6, loss: 1.5670, lr: 0.010000, time: 21.19s
2026-04-03 09:10:53,475 - utils - INFO - GNN F1: 0.8424, Acc: 0.9423, Recall: 0.8678, AUC: 0.8795, AP: 0.7831
2026-04-03 09:10:53,475 - utils - INFO - Label F1: 0.7103, Acc: 0.8499, Recall: 0.8351, AUC: 0.8770, AP: 0.8118
2026-04-03 09:11:00,169 - utils - INFO - GNN F1: 0.8190, Acc: 0.9277, Recall: 0.8584, AUC: 0.8383, AP: 0.7229
2026-04-03 09:11:00,169 - utils - INFO - Label F1: 0.6908, Acc: 0.8346, Recall: 0.8186, AUC: 0.8271, AP: 0.7643
2026-04-03 09:11:00,169 - train - INFO - Validation AUC: 0.8383
2026-04-03 09:11:00,177 - utils - INFO - Checkpoint saved to checkpoints\best_CARE_amazon.pt
2026-04-03 09:11:00,177 - train - INFO - New best model saved (AUC: 0.8383)
2026-04-03 09:11:20,276 - train - INFO - Epoch: 7, loss: 1.5597, lr: 0.010000, time: 20.10s
2026-04-03 09:11:34,271 - train - INFO - Epoch: 8, loss: 1.5043, lr: 0.010000, time: 13.99s
2026-04-03 09:11:44,264 - train - INFO - Epoch: 9, loss: 1.3751, lr: 0.010000, time: 9.99s
2026-04-03 09:12:10,858 - utils - INFO - GNN F1: 0.8448, Acc: 0.9418, Recall: 0.8787, AUC: 0.9073, AP: 0.8030
2026-04-03 09:12:10,858 - utils - INFO - Label F1: 0.8233, Acc: 0.9299, Recall: 0.8762, AUC: 0.8790, AP: 0.8128
2026-04-03 09:12:17,555 - utils - INFO - GNN F1: 0.8176, Acc: 0.9258, Recall: 0.8646, AUC: 0.8978, AP: 0.7556
2026-04-03 09:12:17,555 - utils - INFO - Label F1: 0.8019, Acc: 0.9160, Recall: 0.8637, AUC: 0.8308, AP: 0.7658
2026-04-03 09:12:17,555 - train - INFO - Validation AUC: 0.8978
2026-04-03 09:12:17,566 - utils - INFO - Checkpoint saved to checkpoints\best_CARE_amazon.pt
2026-04-03 09:12:17,566 - train - INFO - New best model saved (AUC: 0.8978)
2026-04-03 09:12:32,160 - train - INFO - Epoch: 10, loss: 1.3702, lr: 0.010000, time: 14.59s
2026-04-03 09:12:39,929 - train - INFO - Epoch: 11, loss: 1.2900, lr: 0.010000, time: 7.77s
2026-04-03 09:12:50,315 - train - INFO - Epoch: 12, loss: 1.2673, lr: 0.010000, time: 10.38s
2026-04-03 09:13:17,338 - utils - INFO - GNN F1: 0.8633, Acc: 0.9511, Recall: 0.8801, AUC: 0.9153, AP: 0.8211
2026-04-03 09:13:17,338 - utils - INFO - Label F1: 0.8273, Acc: 0.9319, Recall: 0.8782, AUC: 0.8825, AP: 0.8145
2026-04-03 09:13:23,877 - utils - INFO - GNN F1: 0.8510, Acc: 0.9460, Recall: 0.8733, AUC: 0.9222, AP: 0.7928
2026-04-03 09:13:23,877 - utils - INFO - Label F1: 0.8065, Acc: 0.9186, Recall: 0.8652, AUC: 0.8365, AP: 0.7684
2026-04-03 09:13:23,878 - train - INFO - Validation AUC: 0.9222
2026-04-03 09:13:23,885 - utils - INFO - Checkpoint saved to checkpoints\best_CARE_amazon.pt
2026-04-03 09:13:23,885 - train - INFO - New best model saved (AUC: 0.9222)
2026-04-03 09:13:32,795 - train - INFO - Epoch: 13, loss: 1.2108, lr: 0.010000, time: 8.91s
2026-04-03 09:13:42,500 - train - INFO - Epoch: 14, loss: 1.1551, lr: 0.010000, time: 9.70s
2026-04-03 09:13:48,601 - train - INFO - Epoch: 15, loss: 1.1193, lr: 0.010000, time: 6.10s
2026-04-03 09:14:16,431 - utils - INFO - GNN F1: 0.8939, Acc: 0.9648, Recall: 0.8859, AUC: 0.9169, AP: 0.8241
2026-04-03 09:14:16,431 - utils - INFO - Label F1: 0.8810, Acc: 0.9585, Recall: 0.8909, AUC: 0.8978, AP: 0.8192
2026-04-03 09:14:22,952 - utils - INFO - GNN F1: 0.8643, Acc: 0.9538, Recall: 0.8638, AUC: 0.9221, AP: 0.7976
2026-04-03 09:14:22,953 - utils - INFO - Label F1: 0.8588, Acc: 0.9486, Recall: 0.8774, AUC: 0.8645, AP: 0.7784
2026-04-03 09:14:22,953 - train - INFO - Validation AUC: 0.9221
2026-04-03 09:14:32,536 - train - INFO - Epoch: 16, loss: 1.0736, lr: 0.010000, time: 9.58s
2026-04-03 09:14:37,771 - train - INFO - Epoch: 17, loss: 1.0412, lr: 0.010000, time: 5.23s
2026-04-03 09:14:41,714 - train - INFO - Epoch: 18, loss: 0.9888, lr: 0.010000, time: 3.94s
2026-04-03 09:15:07,088 - utils - INFO - GNN F1: 0.8734, Acc: 0.9548, Recall: 0.8902, AUC: 0.9375, AP: 0.8456
2026-04-03 09:15:07,089 - utils - INFO - Label F1: 0.8920, Acc: 0.9634, Recall: 0.8901, AUC: 0.9326, AP: 0.8410
2026-04-03 09:15:13,397 - utils - INFO - GNN F1: 0.8614, Acc: 0.9479, Recall: 0.8860, AUC: 0.9516, AP: 0.8298
2026-04-03 09:15:13,397 - utils - INFO - Label F1: 0.8733, Acc: 0.9557, Recall: 0.8764, AUC: 0.9487, AP: 0.8296
2026-04-03 09:15:13,398 - train - INFO - Validation AUC: 0.9516
2026-04-03 09:15:13,404 - utils - INFO - Checkpoint saved to checkpoints\best_CARE_amazon.pt
2026-04-03 09:15:13,405 - train - INFO - New best model saved (AUC: 0.9516)
2026-04-03 09:15:18,482 - train - INFO - Epoch: 19, loss: 0.9657, lr: 0.010000, time: 5.08s
2026-04-03 09:15:22,648 - train - INFO - Epoch: 20, loss: 0.9333, lr: 0.010000, time: 4.16s
2026-04-03 09:15:28,145 - train - INFO - Epoch: 21, loss: 0.9399, lr: 0.010000, time: 5.49s
2026-04-03 09:15:53,690 - utils - INFO - GNN F1: 0.8730, Acc: 0.9548, Recall: 0.8902, AUC: 0.9399, AP: 0.8475
2026-04-03 09:15:53,690 - utils - INFO - Label F1: 0.8925, Acc: 0.9635, Recall: 0.8902, AUC: 0.9321, AP: 0.8410
2026-04-03 09:16:00,057 - utils - INFO - GNN F1: 0.8615, Acc: 0.9486, Recall: 0.8864, AUC: 0.9479, AP: 0.8268
2026-04-03 09:16:00,057 - utils - INFO - Label F1: 0.8733, Acc: 0.9557, Recall: 0.8764, AUC: 0.9483, AP: 0.8311
2026-04-03 09:16:00,057 - train - INFO - Validation AUC: 0.9479
2026-04-03 09:16:05,408 - train - INFO - Epoch: 22, loss: 0.9367, lr: 0.010000, time: 5.35s
2026-04-03 09:16:08,396 - train - INFO - Epoch: 23, loss: 0.8853, lr: 0.010000, time: 2.99s
2026-04-03 09:16:11,967 - train - INFO - Epoch: 24, loss: 0.8881, lr: 0.010000, time: 3.57s
2026-04-03 09:16:37,758 - utils - INFO - GNN F1: 0.8673, Acc: 0.9526, Recall: 0.8878, AUC: 0.9415, AP: 0.8530
2026-04-03 09:16:37,759 - utils - INFO - Label F1: 0.8677, Acc: 0.9522, Recall: 0.8894, AUC: 0.9331, AP: 0.8414
2026-04-03 09:16:44,487 - utils - INFO - GNN F1: 0.8616, Acc: 0.9479, Recall: 0.8860, AUC: 0.9568, AP: 0.8447
2026-04-03 09:16:44,487 - utils - INFO - Label F1: 0.8515, Acc: 0.9440, Recall: 0.8817, AUC: 0.9498, AP: 0.8317
2026-04-03 09:16:44,487 - train - INFO - Validation AUC: 0.9568
2026-04-03 09:16:44,497 - utils - INFO - Checkpoint saved to checkpoints\best_CARE_amazon.pt
2026-04-03 09:16:44,497 - train - INFO - New best model saved (AUC: 0.9568)
2026-04-03 09:16:48,680 - train - INFO - Epoch: 25, loss: 0.8585, lr: 0.010000, time: 4.18s
2026-04-03 09:16:53,783 - train - INFO - Epoch: 26, loss: 0.8976, lr: 0.010000, time: 5.10s
2026-04-03 09:16:57,837 - train - INFO - Epoch: 27, loss: 0.9275, lr: 0.010000, time: 4.05s
2026-04-03 09:17:23,350 - utils - INFO - GNN F1: 0.8999, Acc: 0.9665, Recall: 0.8939, AUC: 0.9445, AP: 0.8568
2026-04-03 09:17:23,351 - utils - INFO - Label F1: 0.8935, Acc: 0.9639, Recall: 0.8918, AUC: 0.9306, AP: 0.8412
2026-04-03 09:17:29,723 - utils - INFO - GNN F1: 0.8766, Acc: 0.9570, Recall: 0.8794, AUC: 0.9557, AP: 0.8419
2026-04-03 09:17:29,724 - utils - INFO - Label F1: 0.8777, Acc: 0.9570, Recall: 0.8821, AUC: 0.9464, AP: 0.8310
2026-04-03 09:17:29,724 - train - INFO - Validation AUC: 0.9557
2026-04-03 09:17:33,072 - train - INFO - Epoch: 28, loss: 0.8893, lr: 0.010000, time: 3.35s
2026-04-03 09:17:36,433 - train - INFO - Epoch: 29, loss: 0.8500, lr: 0.010000, time: 3.36s
2026-04-03 09:17:39,535 - train - INFO - Epoch: 30, loss: 0.8400, lr: 0.010000, time: 3.10s
2026-04-03 09:18:05,818 - utils - INFO - GNN F1: 0.8612, Acc: 0.9494, Recall: 0.8879, AUC: 0.9421, AP: 0.8520
2026-04-03 09:18:05,818 - utils - INFO - Label F1: 0.8922, Acc: 0.9634, Recall: 0.8915, AUC: 0.9312, AP: 0.8433
2026-04-03 09:18:12,381 - utils - INFO - GNN F1: 0.8505, Acc: 0.9434, Recall: 0.8835, AUC: 0.9500, AP: 0.8322
2026-04-03 09:18:12,381 - utils - INFO - Label F1: 0.8775, Acc: 0.9570, Recall: 0.8821, AUC: 0.9467, AP: 0.8326
2026-04-03 09:18:12,381 - train - INFO - Validation AUC: 0.9500
2026-04-03 09:18:12,381 - train - INFO - Training complete.
2026-04-03 09:18:13,269 - __main__ - INFO - Experiment lambda_policy=0.05 completed in 1558.7s
2026-04-03 09:18:13,270 - __main__ - INFO - Best GNN AUC: 0.944481318722183
2026-04-03 09:18:13,270 - __main__ - INFO - 
============================================================
2026-04-03 09:18:13,270 - __main__ - INFO - Running experiment: lambda_policy=0.1
2026-04-03 09:18:13,271 - __main__ - INFO - ============================================================
2026-04-03 09:18:13,271 - __main__ - INFO - Config: {'model': 'CARE', 'use_capn': True, 'lambda_policy': 0.1}
2026-04-03 09:18:13,271 - train - INFO - Using device: cuda
2026-04-03 09:18:13,272 - utils - INFO - Random seed set to 72
2026-04-03 09:18:13,272 - utils - INFO - Loading cached labels/features from amz_labels.npy, amz_features.npy
2026-04-03 09:18:18,823 - utils - INFO - Loaded amazon dataset: 11944 nodes, 25 features
2026-04-03 09:18:18,829 - train - INFO - Split: train=2159, val=1296, test=5184
2026-04-03 09:18:18,835 - train - INFO - Model: CARE, Inter-AGG: GNN, emb_size: 64
2026-04-03 09:18:18,836 - train - INFO - Using MLP label predictor (hidden=12)
2026-04-03 09:18:18,840 - train - INFO - Policy network state_dim=30
2026-04-03 09:18:18,840 - train - INFO - CAPN mode enabled: policy_hidden=64, policy_lr=0.001, lambda_policy=0.1
2026-04-03 09:18:18,841 - train - INFO - Dual optimizer: GNN params=2946, Policy params=4262
2026-04-03 09:18:53,845 - train - INFO - Epoch: 0, loss: 2.1403, lr: 0.010000, time: 35.00s
2026-04-03 09:30:57,832 - utils - INFO - GNN F1: 0.4997, Acc: 0.5962, Recall: 0.6983, AUC: 0.7042, AP: 0.1516
2026-04-03 09:30:57,832 - utils - INFO - Label F1: 0.5379, Acc: 0.6456, Recall: 0.7409, AUC: 0.8832, AP: 0.7850
2026-04-03 09:33:52,585 - utils - INFO - GNN F1: 0.4707, Acc: 0.5553, Recall: 0.6692, AUC: 0.6608, AP: 0.1319
2026-04-03 09:33:52,586 - utils - INFO - Label F1: 0.5057, Acc: 0.6003, Recall: 0.7159, AUC: 0.8446, AP: 0.7213
2026-04-03 09:33:52,586 - train - INFO - Validation AUC: 0.6608
2026-04-03 09:33:52,594 - utils - INFO - Checkpoint saved to checkpoints\best_CARE_amazon.pt
2026-04-03 09:33:52,594 - train - INFO - New best model saved (AUC: 0.6608)
2026-04-03 09:34:18,778 - train - INFO - Epoch: 1, loss: 2.0143, lr: 0.010000, time: 26.18s
2026-04-03 09:34:44,132 - train - INFO - Epoch: 2, loss: 1.9055, lr: 0.010000, time: 25.35s
2026-04-03 09:35:07,481 - train - INFO - Epoch: 3, loss: 1.8266, lr: 0.010000, time: 23.35s
2026-04-03 09:35:34,478 - utils - INFO - GNN F1: 0.6631, Acc: 0.8056, Recall: 0.8106, AUC: 0.8736, AP: 0.7584
2026-04-03 09:35:34,478 - utils - INFO - Label F1: 0.8113, Acc: 0.9234, Recall: 0.8726, AUC: 0.8764, AP: 0.8114
2026-04-03 09:35:41,317 - utils - INFO - GNN F1: 0.6390, Acc: 0.7826, Recall: 0.7852, AUC: 0.8271, AP: 0.6969
2026-04-03 09:35:41,317 - utils - INFO - Label F1: 0.7884, Acc: 0.9089, Recall: 0.8598, AUC: 0.8265, AP: 0.7646
2026-04-03 09:35:41,317 - train - INFO - Validation AUC: 0.8271
2026-04-03 09:35:41,325 - utils - INFO - Checkpoint saved to checkpoints\best_CARE_amazon.pt
2026-04-03 09:35:41,325 - train - INFO - New best model saved (AUC: 0.8271)
2026-04-03 09:35:58,321 - train - INFO - Epoch: 4, loss: 1.7577, lr: 0.010000, time: 16.99s
2026-04-03 09:36:16,070 - train - INFO - Epoch: 5, loss: 1.6722, lr: 0.010000, time: 17.75s
2026-04-03 09:36:37,382 - train - INFO - Epoch: 6, loss: 1.5670, lr: 0.010000, time: 21.31s
2026-04-03 09:37:02,942 - utils - INFO - GNN F1: 0.8424, Acc: 0.9423, Recall: 0.8678, AUC: 0.8795, AP: 0.7831
2026-04-03 09:37:02,943 - utils - INFO - Label F1: 0.7103, Acc: 0.8499, Recall: 0.8351, AUC: 0.8770, AP: 0.8118
2026-04-03 09:37:09,619 - utils - INFO - GNN F1: 0.8190, Acc: 0.9277, Recall: 0.8584, AUC: 0.8383, AP: 0.7229
2026-04-03 09:37:09,620 - utils - INFO - Label F1: 0.6908, Acc: 0.8346, Recall: 0.8186, AUC: 0.8271, AP: 0.7643
2026-04-03 09:37:09,620 - train - INFO - Validation AUC: 0.8383
2026-04-03 09:37:09,626 - utils - INFO - Checkpoint saved to checkpoints\best_CARE_amazon.pt
2026-04-03 09:37:09,627 - train - INFO - New best model saved (AUC: 0.8383)
2026-04-03 09:37:29,783 - train - INFO - Epoch: 7, loss: 1.5595, lr: 0.010000, time: 20.15s
2026-04-03 09:37:43,556 - train - INFO - Epoch: 8, loss: 1.5042, lr: 0.010000, time: 13.77s
2026-04-03 09:37:53,694 - train - INFO - Epoch: 9, loss: 1.3751, lr: 0.010000, time: 10.14s
2026-04-03 09:38:19,212 - utils - INFO - GNN F1: 0.8448, Acc: 0.9418, Recall: 0.8787, AUC: 0.9073, AP: 0.8030
2026-04-03 09:38:19,212 - utils - INFO - Label F1: 0.8233, Acc: 0.9299, Recall: 0.8762, AUC: 0.8790, AP: 0.8128
2026-04-03 09:38:25,521 - utils - INFO - GNN F1: 0.8176, Acc: 0.9258, Recall: 0.8646, AUC: 0.8978, AP: 0.7556
2026-04-03 09:38:25,522 - utils - INFO - Label F1: 0.8019, Acc: 0.9160, Recall: 0.8637, AUC: 0.8308, AP: 0.7658
2026-04-03 09:38:25,522 - train - INFO - Validation AUC: 0.8978
2026-04-03 09:38:25,529 - utils - INFO - Checkpoint saved to checkpoints\best_CARE_amazon.pt
2026-04-03 09:38:25,529 - train - INFO - New best model saved (AUC: 0.8978)
2026-04-03 09:38:41,298 - train - INFO - Epoch: 10, loss: 1.3701, lr: 0.010000, time: 15.77s
2026-04-03 09:38:49,037 - train - INFO - Epoch: 11, loss: 1.2899, lr: 0.010000, time: 7.74s
2026-04-03 09:38:59,342 - train - INFO - Epoch: 12, loss: 1.2673, lr: 0.010000, time: 10.30s
2026-04-03 09:39:24,638 - utils - INFO - GNN F1: 0.8633, Acc: 0.9511, Recall: 0.8801, AUC: 0.9153, AP: 0.8211
2026-04-03 09:39:24,639 - utils - INFO - Label F1: 0.8273, Acc: 0.9319, Recall: 0.8782, AUC: 0.8825, AP: 0.8145
2026-04-03 09:39:30,969 - utils - INFO - GNN F1: 0.8510, Acc: 0.9460, Recall: 0.8733, AUC: 0.9222, AP: 0.7928
2026-04-03 09:39:30,969 - utils - INFO - Label F1: 0.8065, Acc: 0.9186, Recall: 0.8652, AUC: 0.8365, AP: 0.7684
2026-04-03 09:39:30,969 - train - INFO - Validation AUC: 0.9222
2026-04-03 09:39:30,979 - utils - INFO - Checkpoint saved to checkpoints\best_CARE_amazon.pt
2026-04-03 09:39:30,980 - train - INFO - New best model saved (AUC: 0.9222)
2026-04-03 09:39:39,906 - train - INFO - Epoch: 13, loss: 1.2108, lr: 0.010000, time: 8.92s
2026-04-03 09:39:49,917 - train - INFO - Epoch: 14, loss: 1.1552, lr: 0.010000, time: 10.01s
2026-04-03 09:39:56,087 - train - INFO - Epoch: 15, loss: 1.1193, lr: 0.010000, time: 6.17s
2026-04-03 09:40:23,047 - utils - INFO - GNN F1: 0.8939, Acc: 0.9648, Recall: 0.8859, AUC: 0.9169, AP: 0.8241
2026-04-03 09:40:23,047 - utils - INFO - Label F1: 0.8810, Acc: 0.9585, Recall: 0.8909, AUC: 0.8978, AP: 0.8192
2026-04-03 09:40:29,748 - utils - INFO - GNN F1: 0.8643, Acc: 0.9538, Recall: 0.8638, AUC: 0.9221, AP: 0.7976
2026-04-03 09:40:29,748 - utils - INFO - Label F1: 0.8588, Acc: 0.9486, Recall: 0.8774, AUC: 0.8645, AP: 0.7784
2026-04-03 09:40:29,748 - train - INFO - Validation AUC: 0.9221
2026-04-03 09:40:39,416 - train - INFO - Epoch: 16, loss: 1.0735, lr: 0.010000, time: 9.67s
2026-04-03 09:40:44,516 - train - INFO - Epoch: 17, loss: 1.0412, lr: 0.010000, time: 5.10s
2026-04-03 09:40:48,705 - train - INFO - Epoch: 18, loss: 0.9888, lr: 0.010000, time: 4.19s
2026-04-03 09:41:15,991 - utils - INFO - GNN F1: 0.8734, Acc: 0.9548, Recall: 0.8902, AUC: 0.9375, AP: 0.8456
2026-04-03 09:41:15,991 - utils - INFO - Label F1: 0.8920, Acc: 0.9634, Recall: 0.8901, AUC: 0.9326, AP: 0.8410
2026-04-03 09:41:22,358 - utils - INFO - GNN F1: 0.8614, Acc: 0.9479, Recall: 0.8860, AUC: 0.9516, AP: 0.8299
2026-04-03 09:41:22,358 - utils - INFO - Label F1: 0.8733, Acc: 0.9557, Recall: 0.8764, AUC: 0.9487, AP: 0.8296
2026-04-03 09:41:22,358 - train - INFO - Validation AUC: 0.9516
2026-04-03 09:41:22,366 - utils - INFO - Checkpoint saved to checkpoints\best_CARE_amazon.pt
2026-04-03 09:41:22,366 - train - INFO - New best model saved (AUC: 0.9516)
2026-04-03 09:41:27,596 - train - INFO - Epoch: 19, loss: 0.9657, lr: 0.010000, time: 5.23s
2026-04-03 09:41:31,954 - train - INFO - Epoch: 20, loss: 0.9334, lr: 0.010000, time: 4.36s
2026-04-03 09:41:36,061 - train - INFO - Epoch: 21, loss: 0.9401, lr: 0.010000, time: 4.11s
2026-04-03 09:42:03,096 - utils - INFO - GNN F1: 0.8730, Acc: 0.9548, Recall: 0.8902, AUC: 0.9399, AP: 0.8475
2026-04-03 09:42:03,096 - utils - INFO - Label F1: 0.8925, Acc: 0.9635, Recall: 0.8902, AUC: 0.9321, AP: 0.8410
2026-04-03 09:42:09,811 - utils - INFO - GNN F1: 0.8615, Acc: 0.9486, Recall: 0.8864, AUC: 0.9478, AP: 0.8267
2026-04-03 09:42:09,811 - utils - INFO - Label F1: 0.8733, Acc: 0.9557, Recall: 0.8764, AUC: 0.9483, AP: 0.8311
2026-04-03 09:42:09,812 - train - INFO - Validation AUC: 0.9478
2026-04-03 09:42:15,223 - train - INFO - Epoch: 22, loss: 0.9368, lr: 0.010000, time: 5.41s
2026-04-03 09:42:18,305 - train - INFO - Epoch: 23, loss: 0.8849, lr: 0.010000, time: 3.08s
2026-04-03 09:42:22,065 - train - INFO - Epoch: 24, loss: 0.8880, lr: 0.010000, time: 3.76s
2026-04-03 09:42:47,916 - utils - INFO - GNN F1: 0.8673, Acc: 0.9526, Recall: 0.8878, AUC: 0.9415, AP: 0.8530
2026-04-03 09:42:47,917 - utils - INFO - Label F1: 0.8677, Acc: 0.9522, Recall: 0.8894, AUC: 0.9331, AP: 0.8414
2026-04-03 09:42:53,994 - utils - INFO - GNN F1: 0.8616, Acc: 0.9479, Recall: 0.8860, AUC: 0.9569, AP: 0.8447
2026-04-03 09:42:53,994 - utils - INFO - Label F1: 0.8515, Acc: 0.9440, Recall: 0.8817, AUC: 0.9498, AP: 0.8317
2026-04-03 09:42:53,994 - train - INFO - Validation AUC: 0.9569
2026-04-03 09:42:54,002 - utils - INFO - Checkpoint saved to checkpoints\best_CARE_amazon.pt
2026-04-03 09:42:54,002 - train - INFO - New best model saved (AUC: 0.9569)
2026-04-03 09:42:58,226 - train - INFO - Epoch: 25, loss: 0.8586, lr: 0.010000, time: 4.22s
2026-04-03 09:43:03,356 - train - INFO - Epoch: 26, loss: 0.8978, lr: 0.010000, time: 5.13s
2026-04-03 09:43:07,469 - train - INFO - Epoch: 27, loss: 0.9276, lr: 0.010000, time: 4.11s
2026-04-03 09:43:32,984 - utils - INFO - GNN F1: 0.8994, Acc: 0.9663, Recall: 0.8938, AUC: 0.9445, AP: 0.8568
2026-04-03 09:43:32,985 - utils - INFO - Label F1: 0.8935, Acc: 0.9639, Recall: 0.8918, AUC: 0.9306, AP: 0.8412
2026-04-03 09:43:39,821 - utils - INFO - GNN F1: 0.8766, Acc: 0.9570, Recall: 0.8794, AUC: 0.9557, AP: 0.8419
2026-04-03 09:43:39,821 - utils - INFO - Label F1: 0.8777, Acc: 0.9570, Recall: 0.8821, AUC: 0.9464, AP: 0.8310
2026-04-03 09:43:39,821 - train - INFO - Validation AUC: 0.9557
2026-04-03 09:43:43,190 - train - INFO - Epoch: 28, loss: 0.8894, lr: 0.010000, time: 3.37s
2026-04-03 09:43:46,568 - train - INFO - Epoch: 29, loss: 0.8501, lr: 0.010000, time: 3.38s
2026-04-03 09:43:49,452 - train - INFO - Epoch: 30, loss: 0.8400, lr: 0.010000, time: 2.88s
2026-04-03 09:44:15,744 - utils - INFO - GNN F1: 0.8608, Acc: 0.9492, Recall: 0.8878, AUC: 0.9421, AP: 0.8520
2026-04-03 09:44:15,744 - utils - INFO - Label F1: 0.8922, Acc: 0.9634, Recall: 0.8915, AUC: 0.9312, AP: 0.8433
2026-04-03 09:44:23,626 - utils - INFO - GNN F1: 0.8505, Acc: 0.9434, Recall: 0.8835, AUC: 0.9500, AP: 0.8322
2026-04-03 09:44:23,626 - utils - INFO - Label F1: 0.8775, Acc: 0.9570, Recall: 0.8821, AUC: 0.9467, AP: 0.8326
2026-04-03 09:44:23,626 - train - INFO - Validation AUC: 0.9500
2026-04-03 09:44:23,626 - train - INFO - Training complete.
2026-04-03 09:44:24,525 - __main__ - INFO - Experiment lambda_policy=0.1 completed in 1571.3s
2026-04-03 09:44:24,525 - __main__ - INFO - Best GNN AUC: 0.9444800215163213
2026-04-03 09:44:24,525 - __main__ - INFO - 
============================================================
2026-04-03 09:44:24,525 - __main__ - INFO - Running experiment: lambda_policy=0.5
2026-04-03 09:44:24,526 - __main__ - INFO - ============================================================
2026-04-03 09:44:24,526 - __main__ - INFO - Config: {'model': 'CARE', 'use_capn': True, 'lambda_policy': 0.5}
2026-04-03 09:44:24,526 - train - INFO - Using device: cuda
2026-04-03 09:44:24,531 - utils - INFO - Random seed set to 72
2026-04-03 09:44:24,532 - utils - INFO - Loading cached labels/features from amz_labels.npy, amz_features.npy
2026-04-03 09:44:29,792 - utils - INFO - Loaded amazon dataset: 11944 nodes, 25 features
2026-04-03 09:44:29,800 - train - INFO - Split: train=2159, val=1296, test=5184
2026-04-03 09:44:29,806 - train - INFO - Model: CARE, Inter-AGG: GNN, emb_size: 64
2026-04-03 09:44:29,807 - train - INFO - Using MLP label predictor (hidden=12)
2026-04-03 09:44:29,814 - train - INFO - Policy network state_dim=30
2026-04-03 09:44:29,814 - train - INFO - CAPN mode enabled: policy_hidden=64, policy_lr=0.001, lambda_policy=0.5
2026-04-03 09:44:29,816 - train - INFO - Dual optimizer: GNN params=2946, Policy params=4262
2026-04-03 09:45:07,761 - train - INFO - Epoch: 0, loss: 2.1407, lr: 0.010000, time: 37.94s
2026-04-03 09:58:09,485 - utils - INFO - GNN F1: 0.4997, Acc: 0.5962, Recall: 0.6983, AUC: 0.7042, AP: 0.1516
2026-04-03 09:58:09,486 - utils - INFO - Label F1: 0.5379, Acc: 0.6456, Recall: 0.7409, AUC: 0.8832, AP: 0.7850
2026-04-03 10:01:18,079 - utils - INFO - GNN F1: 0.4707, Acc: 0.5553, Recall: 0.6692, AUC: 0.6608, AP: 0.1319
2026-04-03 10:01:18,080 - utils - INFO - Label F1: 0.5057, Acc: 0.6003, Recall: 0.7159, AUC: 0.8446, AP: 0.7213
2026-04-03 10:01:18,080 - train - INFO - Validation AUC: 0.6608
2026-04-03 10:01:18,088 - utils - INFO - Checkpoint saved to checkpoints\best_CARE_amazon.pt
2026-04-03 10:01:18,088 - train - INFO - New best model saved (AUC: 0.6608)
2026-04-03 10:01:46,243 - train - INFO - Epoch: 1, loss: 2.0121, lr: 0.010000, time: 28.15s
2026-04-03 10:02:13,218 - train - INFO - Epoch: 2, loss: 1.9045, lr: 0.010000, time: 26.97s
2026-04-03 10:02:36,956 - train - INFO - Epoch: 3, loss: 1.8247, lr: 0.010000, time: 23.74s
2026-04-03 10:03:03,824 - utils - INFO - GNN F1: 0.6631, Acc: 0.8056, Recall: 0.8106, AUC: 0.8736, AP: 0.7584
2026-04-03 10:03:03,824 - utils - INFO - Label F1: 0.8113, Acc: 0.9234, Recall: 0.8726, AUC: 0.8764, AP: 0.8114
2026-04-03 10:03:10,428 - utils - INFO - GNN F1: 0.6390, Acc: 0.7826, Recall: 0.7852, AUC: 0.8271, AP: 0.6968
2026-04-03 10:03:10,428 - utils - INFO - Label F1: 0.7884, Acc: 0.9089, Recall: 0.8598, AUC: 0.8265, AP: 0.7646
2026-04-03 10:03:10,429 - train - INFO - Validation AUC: 0.8271
2026-04-03 10:03:10,436 - utils - INFO - Checkpoint saved to checkpoints\best_CARE_amazon.pt
2026-04-03 10:03:10,436 - train - INFO - New best model saved (AUC: 0.8271)
2026-04-03 10:03:28,189 - train - INFO - Epoch: 4, loss: 1.7566, lr: 0.010000, time: 17.75s
2026-04-03 10:03:47,247 - train - INFO - Epoch: 5, loss: 1.6710, lr: 0.010000, time: 19.06s
2026-04-03 10:04:08,976 - train - INFO - Epoch: 6, loss: 1.5667, lr: 0.010000, time: 21.73s
2026-04-03 10:04:37,492 - utils - INFO - GNN F1: 0.8424, Acc: 0.9423, Recall: 0.8678, AUC: 0.8795, AP: 0.7831
2026-04-03 10:04:37,492 - utils - INFO - Label F1: 0.7103, Acc: 0.8499, Recall: 0.8351, AUC: 0.8770, AP: 0.8118
2026-04-03 10:04:43,971 - utils - INFO - GNN F1: 0.8190, Acc: 0.9277, Recall: 0.8584, AUC: 0.8383, AP: 0.7229
2026-04-03 10:04:43,971 - utils - INFO - Label F1: 0.6908, Acc: 0.8346, Recall: 0.8186, AUC: 0.8271, AP: 0.7643
2026-04-03 10:04:43,971 - train - INFO - Validation AUC: 0.8383
2026-04-03 10:04:43,978 - utils - INFO - Checkpoint saved to checkpoints\best_CARE_amazon.pt
2026-04-03 10:04:43,979 - train - INFO - New best model saved (AUC: 0.8383)
2026-04-03 10:05:05,838 - train - INFO - Epoch: 7, loss: 1.5585, lr: 0.010000, time: 21.86s
2026-04-03 10:05:20,597 - train - INFO - Epoch: 8, loss: 1.5037, lr: 0.010000, time: 14.76s
2026-04-03 10:05:31,496 - train - INFO - Epoch: 9, loss: 1.3749, lr: 0.010000, time: 10.90s
2026-04-03 10:05:58,681 - utils - INFO - GNN F1: 0.8448, Acc: 0.9418, Recall: 0.8787, AUC: 0.9072, AP: 0.8030
2026-04-03 10:05:58,681 - utils - INFO - Label F1: 0.8233, Acc: 0.9299, Recall: 0.8762, AUC: 0.8790, AP: 0.8128
2026-04-03 10:06:05,255 - utils - INFO - GNN F1: 0.8176, Acc: 0.9258, Recall: 0.8646, AUC: 0.8978, AP: 0.7556
2026-04-03 10:06:05,256 - utils - INFO - Label F1: 0.8019, Acc: 0.9160, Recall: 0.8637, AUC: 0.8308, AP: 0.7658
2026-04-03 10:06:05,256 - train - INFO - Validation AUC: 0.8978
2026-04-03 10:06:05,263 - utils - INFO - Checkpoint saved to checkpoints\best_CARE_amazon.pt
2026-04-03 10:06:05,263 - train - INFO - New best model saved (AUC: 0.8978)
2026-04-03 10:06:20,998 - train - INFO - Epoch: 10, loss: 1.3701, lr: 0.010000, time: 15.73s
2026-04-03 10:06:30,543 - train - INFO - Epoch: 11, loss: 1.2894, lr: 0.010000, time: 9.54s
2026-04-03 10:06:41,750 - train - INFO - Epoch: 12, loss: 1.2670, lr: 0.010000, time: 11.21s
2026-04-03 10:07:09,097 - utils - INFO - GNN F1: 0.8633, Acc: 0.9511, Recall: 0.8801, AUC: 0.9153, AP: 0.8211
2026-04-03 10:07:09,097 - utils - INFO - Label F1: 0.8273, Acc: 0.9319, Recall: 0.8782, AUC: 0.8825, AP: 0.8145
2026-04-03 10:07:15,801 - utils - INFO - GNN F1: 0.8510, Acc: 0.9460, Recall: 0.8733, AUC: 0.9222, AP: 0.7928
2026-04-03 10:07:15,802 - utils - INFO - Label F1: 0.8065, Acc: 0.9186, Recall: 0.8652, AUC: 0.8365, AP: 0.7684
2026-04-03 10:07:15,802 - train - INFO - Validation AUC: 0.9222
2026-04-03 10:07:15,810 - utils - INFO - Checkpoint saved to checkpoints\best_CARE_amazon.pt
2026-04-03 10:07:15,810 - train - INFO - New best model saved (AUC: 0.9222)
2026-04-03 10:07:25,548 - train - INFO - Epoch: 13, loss: 1.2106, lr: 0.010000, time: 9.74s
2026-04-03 10:07:36,412 - train - INFO - Epoch: 14, loss: 1.1558, lr: 0.010000, time: 10.86s
2026-04-03 10:07:43,072 - train - INFO - Epoch: 15, loss: 1.1195, lr: 0.010000, time: 6.66s
2026-04-03 10:08:10,976 - utils - INFO - GNN F1: 0.8939, Acc: 0.9648, Recall: 0.8859, AUC: 0.9169, AP: 0.8241
2026-04-03 10:08:10,976 - utils - INFO - Label F1: 0.8810, Acc: 0.9585, Recall: 0.8909, AUC: 0.8978, AP: 0.8192
2026-04-03 10:08:17,563 - utils - INFO - GNN F1: 0.8663, Acc: 0.9544, Recall: 0.8664, AUC: 0.9222, AP: 0.7977
2026-04-03 10:08:17,563 - utils - INFO - Label F1: 0.8588, Acc: 0.9486, Recall: 0.8774, AUC: 0.8645, AP: 0.7784
2026-04-03 10:08:17,563 - train - INFO - Validation AUC: 0.9222
2026-04-03 10:08:27,994 - train - INFO - Epoch: 16, loss: 1.0728, lr: 0.010000, time: 10.43s
2026-04-03 10:08:33,316 - train - INFO - Epoch: 17, loss: 1.0412, lr: 0.010000, time: 5.32s
2026-04-03 10:08:37,774 - train - INFO - Epoch: 18, loss: 0.9887, lr: 0.010000, time: 4.46s
2026-04-03 10:09:04,176 - utils - INFO - GNN F1: 0.8734, Acc: 0.9548, Recall: 0.8902, AUC: 0.9375, AP: 0.8456
2026-04-03 10:09:04,176 - utils - INFO - Label F1: 0.8920, Acc: 0.9634, Recall: 0.8901, AUC: 0.9326, AP: 0.8410
2026-04-03 10:09:10,389 - utils - INFO - GNN F1: 0.8625, Acc: 0.9486, Recall: 0.8864, AUC: 0.9517, AP: 0.8300
2026-04-03 10:09:10,390 - utils - INFO - Label F1: 0.8733, Acc: 0.9557, Recall: 0.8764, AUC: 0.9487, AP: 0.8296
2026-04-03 10:09:10,390 - train - INFO - Validation AUC: 0.9517
2026-04-03 10:09:10,417 - utils - INFO - Checkpoint saved to checkpoints\best_CARE_amazon.pt
2026-04-03 10:09:10,417 - train - INFO - New best model saved (AUC: 0.9517)
2026-04-03 10:09:15,822 - train - INFO - Epoch: 19, loss: 0.9658, lr: 0.010000, time: 5.40s
2026-04-03 10:09:20,340 - train - INFO - Epoch: 20, loss: 0.9335, lr: 0.010000, time: 4.52s
2026-04-03 10:09:24,734 - train - INFO - Epoch: 21, loss: 0.9411, lr: 0.010000, time: 4.39s
2026-04-03 10:09:52,268 - utils - INFO - GNN F1: 0.8730, Acc: 0.9548, Recall: 0.8902, AUC: 0.9398, AP: 0.8475
2026-04-03 10:09:52,269 - utils - INFO - Label F1: 0.8925, Acc: 0.9635, Recall: 0.8902, AUC: 0.9321, AP: 0.8410
2026-04-03 10:09:58,942 - utils - INFO - GNN F1: 0.8615, Acc: 0.9486, Recall: 0.8864, AUC: 0.9478, AP: 0.8266
2026-04-03 10:09:58,942 - utils - INFO - Label F1: 0.8733, Acc: 0.9557, Recall: 0.8764, AUC: 0.9483, AP: 0.8311
2026-04-03 10:09:58,943 - train - INFO - Validation AUC: 0.9478
2026-04-03 10:10:04,605 - train - INFO - Epoch: 22, loss: 0.9374, lr: 0.010000, time: 5.66s
2026-04-03 10:10:07,832 - train - INFO - Epoch: 23, loss: 0.8849, lr: 0.010000, time: 3.23s
2026-04-03 10:10:11,450 - train - INFO - Epoch: 24, loss: 0.8875, lr: 0.010000, time: 3.62s
2026-04-03 10:10:37,492 - utils - INFO - GNN F1: 0.8673, Acc: 0.9526, Recall: 0.8878, AUC: 0.9416, AP: 0.8531
2026-04-03 10:10:37,493 - utils - INFO - Label F1: 0.8677, Acc: 0.9522, Recall: 0.8894, AUC: 0.9331, AP: 0.8414
2026-04-03 10:10:44,023 - utils - INFO - GNN F1: 0.8628, Acc: 0.9486, Recall: 0.8864, AUC: 0.9569, AP: 0.8447
2026-04-03 10:10:44,023 - utils - INFO - Label F1: 0.8515, Acc: 0.9440, Recall: 0.8817, AUC: 0.9498, AP: 0.8317
2026-04-03 10:10:44,024 - train - INFO - Validation AUC: 0.9569
2026-04-03 10:10:44,030 - utils - INFO - Checkpoint saved to checkpoints\best_CARE_amazon.pt
2026-04-03 10:10:44,030 - train - INFO - New best model saved (AUC: 0.9569)
2026-04-03 10:10:48,370 - train - INFO - Epoch: 25, loss: 0.8587, lr: 0.010000, time: 4.34s
2026-04-03 10:10:52,455 - train - INFO - Epoch: 26, loss: 0.8989, lr: 0.010000, time: 4.08s
2026-04-03 10:10:56,795 - train - INFO - Epoch: 27, loss: 0.9279, lr: 0.010000, time: 4.34s
2026-04-03 10:11:24,502 - utils - INFO - GNN F1: 0.8994, Acc: 0.9663, Recall: 0.8938, AUC: 0.9444, AP: 0.8567
2026-04-03 10:11:24,503 - utils - INFO - Label F1: 0.8935, Acc: 0.9639, Recall: 0.8918, AUC: 0.9306, AP: 0.8412
2026-04-03 10:11:30,961 - utils - INFO - GNN F1: 0.8766, Acc: 0.9570, Recall: 0.8794, AUC: 0.9558, AP: 0.8418
2026-04-03 10:11:30,961 - utils - INFO - Label F1: 0.8777, Acc: 0.9570, Recall: 0.8821, AUC: 0.9464, AP: 0.8310
2026-04-03 10:11:30,962 - train - INFO - Validation AUC: 0.9558
2026-04-03 10:11:34,989 - train - INFO - Epoch: 28, loss: 0.8898, lr: 0.010000, time: 4.03s
2026-04-03 10:11:38,583 - train - INFO - Epoch: 29, loss: 0.8508, lr: 0.010000, time: 3.59s
2026-04-03 10:11:41,801 - train - INFO - Epoch: 30, loss: 0.8402, lr: 0.010000, time: 3.22s
2026-04-03 10:12:07,730 - utils - INFO - GNN F1: 0.8608, Acc: 0.9492, Recall: 0.8878, AUC: 0.9421, AP: 0.8519
2026-04-03 10:12:07,730 - utils - INFO - Label F1: 0.8922, Acc: 0.9634, Recall: 0.8915, AUC: 0.9312, AP: 0.8433
2026-04-03 10:12:14,062 - utils - INFO - GNN F1: 0.8505, Acc: 0.9434, Recall: 0.8835, AUC: 0.9498, AP: 0.8320
2026-04-03 10:12:14,062 - utils - INFO - Label F1: 0.8775, Acc: 0.9570, Recall: 0.8821, AUC: 0.9467, AP: 0.8326
2026-04-03 10:12:14,063 - train - INFO - Validation AUC: 0.9498
2026-04-03 10:12:14,063 - train - INFO - Training complete.
2026-04-03 10:12:15,100 - __main__ - INFO - Experiment lambda_policy=0.5 completed in 1670.6s
2026-04-03 10:12:15,100 - __main__ - INFO - Best GNN AUC: 0.944433322105296
2026-04-03 10:12:15,103 - __main__ - INFO - Results saved to results/ablation\amazon\capn_lambda\ablation_results_20260403_101215.json
2026-04-03 10:12:16,114 - __main__ - INFO - 

Starting study: capn_llm_state
2026-04-03 10:12:16,115 - __main__ - INFO - 
============================================================
2026-04-03 10:12:16,115 - __main__ - INFO - Running experiment: CAPN (base state)
2026-04-03 10:12:16,115 - __main__ - INFO - ============================================================
2026-04-03 10:12:16,116 - __main__ - INFO - Config: {'model': 'CARE', 'use_capn': True, 'use_llm_state': False}
2026-04-03 10:12:16,116 - train - INFO - Using device: cuda
2026-04-03 10:12:16,118 - utils - INFO - Random seed set to 72
2026-04-03 10:12:16,119 - utils - INFO - Loading cached labels/features from amz_labels.npy, amz_features.npy
2026-04-03 10:12:21,124 - utils - INFO - Loaded amazon dataset: 11944 nodes, 25 features
2026-04-03 10:12:21,130 - train - INFO - Split: train=2159, val=1296, test=5184
2026-04-03 10:12:21,136 - train - INFO - Model: CARE, Inter-AGG: GNN, emb_size: 64
2026-04-03 10:12:21,137 - train - INFO - Using MLP label predictor (hidden=12)
2026-04-03 10:12:21,143 - train - INFO - Policy network state_dim=30
2026-04-03 10:12:21,144 - train - INFO - CAPN mode enabled: policy_hidden=64, policy_lr=0.001, lambda_policy=0.1
2026-04-03 10:12:21,145 - train - INFO - Dual optimizer: GNN params=2946, Policy params=4262
2026-04-03 10:12:58,557 - train - INFO - Epoch: 0, loss: 2.1403, lr: 0.010000, time: 37.41s
2026-04-03 10:25:27,700 - utils - INFO - GNN F1: 0.4997, Acc: 0.5962, Recall: 0.6983, AUC: 0.7042, AP: 0.1516
2026-04-03 10:25:27,700 - utils - INFO - Label F1: 0.5379, Acc: 0.6456, Recall: 0.7409, AUC: 0.8832, AP: 0.7850
2026-04-03 10:28:26,443 - utils - INFO - GNN F1: 0.4707, Acc: 0.5553, Recall: 0.6692, AUC: 0.6608, AP: 0.1319
2026-04-03 10:28:26,444 - utils - INFO - Label F1: 0.5057, Acc: 0.6003, Recall: 0.7159, AUC: 0.8446, AP: 0.7213
2026-04-03 10:28:26,444 - train - INFO - Validation AUC: 0.6608
2026-04-03 10:28:26,452 - utils - INFO - Checkpoint saved to checkpoints\best_CARE_amazon.pt
2026-04-03 10:28:26,453 - train - INFO - New best model saved (AUC: 0.6608)
2026-04-03 10:28:53,386 - train - INFO - Epoch: 1, loss: 2.0143, lr: 0.010000, time: 26.93s
2026-04-03 10:29:19,585 - train - INFO - Epoch: 2, loss: 1.9055, lr: 0.010000, time: 26.20s
2026-04-03 10:29:42,836 - train - INFO - Epoch: 3, loss: 1.8266, lr: 0.010000, time: 23.25s
2026-04-03 10:30:08,077 - utils - INFO - GNN F1: 0.6631, Acc: 0.8056, Recall: 0.8106, AUC: 0.8736, AP: 0.7584
2026-04-03 10:30:08,077 - utils - INFO - Label F1: 0.8113, Acc: 0.9234, Recall: 0.8726, AUC: 0.8764, AP: 0.8114
2026-04-03 10:30:14,364 - utils - INFO - GNN F1: 0.6390, Acc: 0.7826, Recall: 0.7852, AUC: 0.8271, AP: 0.6969
2026-04-03 10:30:14,365 - utils - INFO - Label F1: 0.7884, Acc: 0.9089, Recall: 0.8598, AUC: 0.8265, AP: 0.7646
2026-04-03 10:30:14,365 - train - INFO - Validation AUC: 0.8271
2026-04-03 10:30:14,372 - utils - INFO - Checkpoint saved to checkpoints\best_CARE_amazon.pt
2026-04-03 10:30:14,372 - train - INFO - New best model saved (AUC: 0.8271)
2026-04-03 10:30:31,861 - train - INFO - Epoch: 4, loss: 1.7577, lr: 0.010000, time: 17.49s
2026-04-03 10:30:50,044 - train - INFO - Epoch: 5, loss: 1.6722, lr: 0.010000, time: 18.18s
2026-04-03 10:31:10,556 - train - INFO - Epoch: 6, loss: 1.5670, lr: 0.010000, time: 20.51s
2026-04-03 10:31:37,268 - utils - INFO - GNN F1: 0.8424, Acc: 0.9423, Recall: 0.8678, AUC: 0.8795, AP: 0.7831
2026-04-03 10:31:37,269 - utils - INFO - Label F1: 0.7103, Acc: 0.8499, Recall: 0.8351, AUC: 0.8770, AP: 0.8118
2026-04-03 10:31:44,032 - utils - INFO - GNN F1: 0.8190, Acc: 0.9277, Recall: 0.8584, AUC: 0.8383, AP: 0.7229
2026-04-03 10:31:44,033 - utils - INFO - Label F1: 0.6908, Acc: 0.8346, Recall: 0.8186, AUC: 0.8271, AP: 0.7643
2026-04-03 10:31:44,033 - train - INFO - Validation AUC: 0.8383
2026-04-03 10:31:44,042 - utils - INFO - Checkpoint saved to checkpoints\best_CARE_amazon.pt
2026-04-03 10:31:44,042 - train - INFO - New best model saved (AUC: 0.8383)
2026-04-03 10:32:04,748 - train - INFO - Epoch: 7, loss: 1.5595, lr: 0.010000, time: 20.71s
2026-04-03 10:32:18,794 - train - INFO - Epoch: 8, loss: 1.5042, lr: 0.010000, time: 14.04s
2026-04-03 10:32:29,121 - train - INFO - Epoch: 9, loss: 1.3751, lr: 0.010000, time: 10.32s
2026-04-03 10:32:55,598 - utils - INFO - GNN F1: 0.8448, Acc: 0.9418, Recall: 0.8787, AUC: 0.9073, AP: 0.8030
2026-04-03 10:32:55,598 - utils - INFO - Label F1: 0.8233, Acc: 0.9299, Recall: 0.8762, AUC: 0.8790, AP: 0.8128
2026-04-03 10:33:01,851 - utils - INFO - GNN F1: 0.8176, Acc: 0.9258, Recall: 0.8646, AUC: 0.8978, AP: 0.7556
2026-04-03 10:33:01,851 - utils - INFO - Label F1: 0.8019, Acc: 0.9160, Recall: 0.8637, AUC: 0.8308, AP: 0.7658
2026-04-03 10:33:01,851 - train - INFO - Validation AUC: 0.8978
2026-04-03 10:33:01,862 - utils - INFO - Checkpoint saved to checkpoints\best_CARE_amazon.pt
2026-04-03 10:33:01,862 - train - INFO - New best model saved (AUC: 0.8978)
2026-04-03 10:33:16,862 - train - INFO - Epoch: 10, loss: 1.3701, lr: 0.010000, time: 15.00s
2026-04-03 10:33:24,836 - train - INFO - Epoch: 11, loss: 1.2899, lr: 0.010000, time: 7.97s
2026-04-03 10:33:35,475 - train - INFO - Epoch: 12, loss: 1.2673, lr: 0.010000, time: 10.64s
2026-04-03 10:34:01,021 - utils - INFO - GNN F1: 0.8633, Acc: 0.9511, Recall: 0.8801, AUC: 0.9153, AP: 0.8211
2026-04-03 10:34:01,022 - utils - INFO - Label F1: 0.8273, Acc: 0.9319, Recall: 0.8782, AUC: 0.8825, AP: 0.8145
2026-04-03 10:34:08,312 - utils - INFO - GNN F1: 0.8510, Acc: 0.9460, Recall: 0.8733, AUC: 0.9222, AP: 0.7928
2026-04-03 10:34:08,312 - utils - INFO - Label F1: 0.8065, Acc: 0.9186, Recall: 0.8652, AUC: 0.8365, AP: 0.7684
2026-04-03 10:34:08,312 - train - INFO - Validation AUC: 0.9222
2026-04-03 10:34:08,319 - utils - INFO - Checkpoint saved to checkpoints\best_CARE_amazon.pt
2026-04-03 10:34:08,319 - train - INFO - New best model saved (AUC: 0.9222)
2026-04-03 10:34:17,570 - train - INFO - Epoch: 13, loss: 1.2108, lr: 0.010000, time: 9.25s
2026-04-03 10:34:27,810 - train - INFO - Epoch: 14, loss: 1.1552, lr: 0.010000, time: 10.24s
2026-04-03 10:34:34,105 - train - INFO - Epoch: 15, loss: 1.1193, lr: 0.010000, time: 6.29s
2026-04-03 10:35:00,966 - utils - INFO - GNN F1: 0.8939, Acc: 0.9648, Recall: 0.8859, AUC: 0.9169, AP: 0.8241
2026-04-03 10:35:00,967 - utils - INFO - Label F1: 0.8810, Acc: 0.9585, Recall: 0.8909, AUC: 0.8978, AP: 0.8192
2026-04-03 10:35:07,026 - utils - INFO - GNN F1: 0.8643, Acc: 0.9538, Recall: 0.8638, AUC: 0.9221, AP: 0.7976
2026-04-03 10:35:07,027 - utils - INFO - Label F1: 0.8588, Acc: 0.9486, Recall: 0.8774, AUC: 0.8645, AP: 0.7784
2026-04-03 10:35:07,027 - train - INFO - Validation AUC: 0.9221
2026-04-03 10:35:16,434 - train - INFO - Epoch: 16, loss: 1.0735, lr: 0.010000, time: 9.41s
2026-04-03 10:35:21,502 - train - INFO - Epoch: 17, loss: 1.0412, lr: 0.010000, time: 5.07s
2026-04-03 10:35:25,503 - train - INFO - Epoch: 18, loss: 0.9888, lr: 0.010000, time: 4.00s
2026-04-03 10:35:51,967 - utils - INFO - GNN F1: 0.8734, Acc: 0.9548, Recall: 0.8902, AUC: 0.9375, AP: 0.8456
2026-04-03 10:35:51,967 - utils - INFO - Label F1: 0.8920, Acc: 0.9634, Recall: 0.8901, AUC: 0.9326, AP: 0.8410
2026-04-03 10:35:58,086 - utils - INFO - GNN F1: 0.8614, Acc: 0.9479, Recall: 0.8860, AUC: 0.9516, AP: 0.8299
2026-04-03 10:35:58,086 - utils - INFO - Label F1: 0.8733, Acc: 0.9557, Recall: 0.8764, AUC: 0.9487, AP: 0.8296
2026-04-03 10:35:58,087 - train - INFO - Validation AUC: 0.9516
2026-04-03 10:35:58,093 - utils - INFO - Checkpoint saved to checkpoints\best_CARE_amazon.pt
2026-04-03 10:35:58,093 - train - INFO - New best model saved (AUC: 0.9516)
2026-04-03 10:36:03,483 - train - INFO - Epoch: 19, loss: 0.9657, lr: 0.010000, time: 5.39s
2026-04-03 10:36:07,778 - train - INFO - Epoch: 20, loss: 0.9334, lr: 0.010000, time: 4.29s
2026-04-03 10:36:11,817 - train - INFO - Epoch: 21, loss: 0.9401, lr: 0.010000, time: 4.04s
2026-04-03 10:36:38,016 - utils - INFO - GNN F1: 0.8730, Acc: 0.9548, Recall: 0.8902, AUC: 0.9399, AP: 0.8475
2026-04-03 10:36:38,016 - utils - INFO - Label F1: 0.8925, Acc: 0.9635, Recall: 0.8902, AUC: 0.9321, AP: 0.8410
2026-04-03 10:36:44,855 - utils - INFO - GNN F1: 0.8615, Acc: 0.9486, Recall: 0.8864, AUC: 0.9478, AP: 0.8267
2026-04-03 10:36:44,856 - utils - INFO - Label F1: 0.8733, Acc: 0.9557, Recall: 0.8764, AUC: 0.9483, AP: 0.8311
2026-04-03 10:36:44,856 - train - INFO - Validation AUC: 0.9478
2026-04-03 10:36:50,522 - train - INFO - Epoch: 22, loss: 0.9368, lr: 0.010000, time: 5.67s
2026-04-03 10:36:53,604 - train - INFO - Epoch: 23, loss: 0.8849, lr: 0.010000, time: 3.08s
2026-04-03 10:36:57,164 - train - INFO - Epoch: 24, loss: 0.8880, lr: 0.010000, time: 3.56s
2026-04-03 10:37:23,516 - utils - INFO - GNN F1: 0.8673, Acc: 0.9526, Recall: 0.8878, AUC: 0.9415, AP: 0.8530
2026-04-03 10:37:23,516 - utils - INFO - Label F1: 0.8677, Acc: 0.9522, Recall: 0.8894, AUC: 0.9331, AP: 0.8414
2026-04-03 10:37:29,843 - utils - INFO - GNN F1: 0.8616, Acc: 0.9479, Recall: 0.8860, AUC: 0.9569, AP: 0.8447
2026-04-03 10:37:29,844 - utils - INFO - Label F1: 0.8515, Acc: 0.9440, Recall: 0.8817, AUC: 0.9498, AP: 0.8317
2026-04-03 10:37:29,844 - train - INFO - Validation AUC: 0.9569
2026-04-03 10:37:29,850 - utils - INFO - Checkpoint saved to checkpoints\best_CARE_amazon.pt
2026-04-03 10:37:29,851 - train - INFO - New best model saved (AUC: 0.9569)
2026-04-03 10:37:33,906 - train - INFO - Epoch: 25, loss: 0.8586, lr: 0.010000, time: 4.05s
2026-04-03 10:37:37,836 - train - INFO - Epoch: 26, loss: 0.8978, lr: 0.010000, time: 3.93s
2026-04-03 10:37:41,947 - train - INFO - Epoch: 27, loss: 0.9276, lr: 0.010000, time: 4.11s
2026-04-03 10:38:08,701 - utils - INFO - GNN F1: 0.8994, Acc: 0.9663, Recall: 0.8938, AUC: 0.9445, AP: 0.8568
2026-04-03 10:38:08,701 - utils - INFO - Label F1: 0.8935, Acc: 0.9639, Recall: 0.8918, AUC: 0.9306, AP: 0.8412
2026-04-03 10:38:14,821 - utils - INFO - GNN F1: 0.8766, Acc: 0.9570, Recall: 0.8794, AUC: 0.9557, AP: 0.8419
2026-04-03 10:38:14,821 - utils - INFO - Label F1: 0.8777, Acc: 0.9570, Recall: 0.8821, AUC: 0.9464, AP: 0.8310
2026-04-03 10:38:14,821 - train - INFO - Validation AUC: 0.9557
2026-04-03 10:38:18,411 - train - INFO - Epoch: 28, loss: 0.8894, lr: 0.010000, time: 3.59s
2026-04-03 10:38:21,875 - train - INFO - Epoch: 29, loss: 0.8501, lr: 0.010000, time: 3.46s
2026-04-03 10:38:24,803 - train - INFO - Epoch: 30, loss: 0.8400, lr: 0.010000, time: 2.93s
2026-04-03 10:38:50,294 - utils - INFO - GNN F1: 0.8608, Acc: 0.9492, Recall: 0.8878, AUC: 0.9421, AP: 0.8520
2026-04-03 10:38:50,295 - utils - INFO - Label F1: 0.8922, Acc: 0.9634, Recall: 0.8915, AUC: 0.9312, AP: 0.8433
2026-04-03 10:38:57,731 - utils - INFO - GNN F1: 0.8505, Acc: 0.9434, Recall: 0.8835, AUC: 0.9500, AP: 0.8322
2026-04-03 10:38:57,732 - utils - INFO - Label F1: 0.8775, Acc: 0.9570, Recall: 0.8821, AUC: 0.9467, AP: 0.8326
2026-04-03 10:38:57,732 - train - INFO - Validation AUC: 0.9500
2026-04-03 10:38:57,732 - train - INFO - Training complete.
2026-04-03 10:38:57,733 - __main__ - INFO - Experiment CAPN (base state) completed in 1601.6s
2026-04-03 10:38:57,734 - __main__ - INFO - Best GNN AUC: 0.9444800215163213
2026-04-03 10:38:57,734 - __main__ - INFO - 
============================================================
2026-04-03 10:38:57,734 - __main__ - INFO - Running experiment: CAPN (LLM state)
2026-04-03 10:38:57,734 - __main__ - INFO - ============================================================
2026-04-03 10:38:57,735 - __main__ - INFO - Config: {'model': 'CARE', 'use_capn': True, 'use_llm_state': True}
2026-04-03 10:38:57,735 - train - INFO - Using device: cuda
2026-04-03 10:38:57,736 - utils - INFO - Random seed set to 72
2026-04-03 10:38:57,736 - utils - INFO - Loading cached labels/features from amz_labels.npy, amz_features.npy
2026-04-03 10:39:02,573 - utils - INFO - Loaded amazon dataset: 11944 nodes, 25 features
2026-04-03 10:39:02,580 - train - INFO - Split: train=2159, val=1296, test=5184
2026-04-03 10:39:02,585 - train - INFO - Model: CARE, Inter-AGG: GNN, emb_size: 64
2026-04-03 10:39:02,586 - train - INFO - Using MLP label predictor (hidden=12)
2026-04-03 10:39:02,631 - train - INFO - LLM state enrichment: embeddings torch.Size([11944, 384]), projection 384 -> 16
2026-04-03 10:39:02,636 - train - INFO - Policy network state_dim=46
2026-04-03 10:39:02,636 - train - INFO - CAPN mode enabled: policy_hidden=64, policy_lr=0.001, lambda_policy=0.1
2026-04-03 10:39:02,638 - train - INFO - Dual optimizer: GNN params=2946, Policy params=30966
2026-04-03 10:39:40,638 - train - INFO - Epoch: 0, loss: 2.1134, lr: 0.010000, time: 37.99s
2026-04-03 10:52:47,759 - utils - INFO - GNN F1: 0.8588, Acc: 0.9500, Recall: 0.8699, AUC: 0.9298, AP: 0.8195
2026-04-03 10:52:47,760 - utils - INFO - Label F1: 0.5137, Acc: 0.6114, Recall: 0.7230, AUC: 0.8833, AP: 0.7843
2026-04-03 10:55:56,437 - utils - INFO - GNN F1: 0.8624, Acc: 0.9538, Recall: 0.8616, AUC: 0.9292, AP: 0.7877
2026-04-03 10:55:56,438 - utils - INFO - Label F1: 0.4864, Acc: 0.5729, Recall: 0.7007, AUC: 0.8448, AP: 0.7204
2026-04-03 10:55:56,438 - train - INFO - Validation AUC: 0.9292
2026-04-03 10:55:56,445 - utils - INFO - Checkpoint saved to checkpoints\best_CARE_amazon.pt
2026-04-03 10:55:56,446 - train - INFO - New best model saved (AUC: 0.9292)
2026-04-03 10:56:24,957 - train - INFO - Epoch: 1, loss: 1.9920, lr: 0.010000, time: 28.51s
2026-04-03 10:56:52,144 - train - INFO - Epoch: 2, loss: 1.8962, lr: 0.010000, time: 27.18s
2026-04-03 10:57:16,528 - train - INFO - Epoch: 3, loss: 1.8216, lr: 0.010000, time: 24.38s
2026-04-03 10:57:43,417 - utils - INFO - GNN F1: 0.8251, Acc: 0.9319, Recall: 0.8711, AUC: 0.8790, AP: 0.7959
2026-04-03 10:57:43,417 - utils - INFO - Label F1: 0.7450, Acc: 0.8782, Recall: 0.8507, AUC: 0.8763, AP: 0.8104
2026-04-03 10:57:50,207 - utils - INFO - GNN F1: 0.8259, Acc: 0.9336, Recall: 0.8692, AUC: 0.8342, AP: 0.7450
2026-04-03 10:57:50,207 - utils - INFO - Label F1: 0.7337, Acc: 0.8717, Recall: 0.8393, AUC: 0.8261, AP: 0.7629
2026-04-03 10:57:50,207 - train - INFO - Validation AUC: 0.8342
2026-04-03 10:58:08,005 - train - INFO - Epoch: 4, loss: 1.7573, lr: 0.010000, time: 17.79s
2026-04-03 10:58:27,072 - train - INFO - Epoch: 5, loss: 1.6771, lr: 0.010000, time: 19.07s
2026-04-03 10:58:49,930 - train - INFO - Epoch: 6, loss: 1.5780, lr: 0.010000, time: 22.86s
2026-04-03 10:59:16,441 - utils - INFO - GNN F1: 0.8564, Acc: 0.9477, Recall: 0.8798, AUC: 0.8813, AP: 0.7980
2026-04-03 10:59:16,442 - utils - INFO - Label F1: 0.6545, Acc: 0.7958, Recall: 0.8076, AUC: 0.8770, AP: 0.8112
2026-04-03 10:59:22,635 - utils - INFO - GNN F1: 0.8435, Acc: 0.9421, Recall: 0.8739, AUC: 0.8401, AP: 0.7436
2026-04-03 10:59:22,635 - utils - INFO - Label F1: 0.6313, Acc: 0.7728, Recall: 0.7843, AUC: 0.8270, AP: 0.7636
2026-04-03 10:59:22,636 - train - INFO - Validation AUC: 0.8401
2026-04-03 10:59:44,335 - train - INFO - Epoch: 7, loss: 1.5573, lr: 0.010000, time: 21.70s
2026-04-03 10:59:58,994 - train - INFO - Epoch: 8, loss: 1.4864, lr: 0.010000, time: 14.65s
2026-04-03 11:00:10,070 - train - INFO - Epoch: 9, loss: 1.3557, lr: 0.010000, time: 11.07s
2026-04-03 11:00:36,546 - utils - INFO - GNN F1: 0.8700, Acc: 0.9537, Recall: 0.8846, AUC: 0.9098, AP: 0.8152
2026-04-03 11:00:36,546 - utils - INFO - Label F1: 0.8429, Acc: 0.9401, Recall: 0.8818, AUC: 0.8793, AP: 0.8127
2026-04-03 11:00:44,434 - utils - INFO - GNN F1: 0.8524, Acc: 0.9466, Recall: 0.8742, AUC: 0.8990, AP: 0.7717
2026-04-03 11:00:44,434 - utils - INFO - Label F1: 0.8197, Acc: 0.9258, Recall: 0.8691, AUC: 0.8311, AP: 0.7654
2026-04-03 11:00:44,434 - train - INFO - Validation AUC: 0.8990
2026-04-03 11:01:00,391 - train - INFO - Epoch: 10, loss: 1.3766, lr: 0.010000, time: 15.95s
2026-04-03 11:01:08,821 - train - INFO - Epoch: 11, loss: 1.3042, lr: 0.010000, time: 8.43s
2026-04-03 11:01:20,113 - train - INFO - Epoch: 12, loss: 1.2508, lr: 0.010000, time: 11.29s
2026-04-03 11:01:46,060 - utils - INFO - GNN F1: 0.8766, Acc: 0.9572, Recall: 0.8844, AUC: 0.9279, AP: 0.8342
2026-04-03 11:01:46,061 - utils - INFO - Label F1: 0.8190, Acc: 0.9273, Recall: 0.8756, AUC: 0.8826, AP: 0.8142
2026-04-03 11:01:52,295 - utils - INFO - GNN F1: 0.8586, Acc: 0.9499, Recall: 0.8712, AUC: 0.9288, AP: 0.8061
2026-04-03 11:01:52,295 - utils - INFO - Label F1: 0.7937, Acc: 0.9115, Recall: 0.8612, AUC: 0.8364, AP: 0.7679
2026-04-03 11:01:52,295 - train - INFO - Validation AUC: 0.9288
2026-04-03 11:02:01,960 - train - INFO - Epoch: 13, loss: 1.2391, lr: 0.010000, time: 9.66s
2026-04-03 11:02:12,610 - train - INFO - Epoch: 14, loss: 1.1460, lr: 0.010000, time: 10.65s
2026-04-03 11:02:19,085 - train - INFO - Epoch: 15, loss: 1.1334, lr: 0.010000, time: 6.47s
2026-04-03 11:02:46,947 - utils - INFO - GNN F1: 0.8959, Acc: 0.9654, Recall: 0.8874, AUC: 0.9321, AP: 0.8429
2026-04-03 11:02:46,948 - utils - INFO - Label F1: 0.8824, Acc: 0.9591, Recall: 0.8912, AUC: 0.8999, AP: 0.8195
2026-04-03 11:02:53,523 - utils - INFO - GNN F1: 0.8696, Acc: 0.9551, Recall: 0.8691, AUC: 0.9391, AP: 0.8267
2026-04-03 11:02:53,523 - utils - INFO - Label F1: 0.8588, Acc: 0.9486, Recall: 0.8774, AUC: 0.8670, AP: 0.7785
2026-04-03 11:02:53,524 - train - INFO - Validation AUC: 0.9391
2026-04-03 11:02:53,534 - utils - INFO - Checkpoint saved to checkpoints\best_CARE_amazon.pt
2026-04-03 11:02:53,534 - train - INFO - New best model saved (AUC: 0.9391)
2026-04-03 11:03:04,256 - train - INFO - Epoch: 16, loss: 1.0799, lr: 0.010000, time: 10.72s
2026-04-03 11:03:09,498 - train - INFO - Epoch: 17, loss: 1.0309, lr: 0.010000, time: 5.24s
2026-04-03 11:03:13,773 - train - INFO - Epoch: 18, loss: 0.9994, lr: 0.010000, time: 4.27s
2026-04-03 11:03:41,145 - utils - INFO - GNN F1: 0.8811, Acc: 0.9583, Recall: 0.8922, AUC: 0.9384, AP: 0.8479
2026-04-03 11:03:41,145 - utils - INFO - Label F1: 0.8930, Acc: 0.9637, Recall: 0.8903, AUC: 0.9330, AP: 0.8414
2026-04-03 11:03:47,348 - utils - INFO - GNN F1: 0.8688, Acc: 0.9518, Recall: 0.8882, AUC: 0.9448, AP: 0.8274
2026-04-03 11:03:47,349 - utils - INFO - Label F1: 0.8733, Acc: 0.9557, Recall: 0.8764, AUC: 0.9480, AP: 0.8306
2026-04-03 11:03:47,349 - train - INFO - Validation AUC: 0.9448
2026-04-03 11:03:47,356 - utils - INFO - Checkpoint saved to checkpoints\best_CARE_amazon.pt
2026-04-03 11:03:47,356 - train - INFO - New best model saved (AUC: 0.9448)
2026-04-03 11:03:52,712 - train - INFO - Epoch: 19, loss: 0.9477, lr: 0.010000, time: 5.35s
2026-04-03 11:03:58,654 - train - INFO - Epoch: 20, loss: 0.9544, lr: 0.010000, time: 5.94s
2026-04-03 11:04:03,151 - train - INFO - Epoch: 21, loss: 0.9330, lr: 0.010000, time: 4.49s
2026-04-03 11:04:28,981 - utils - INFO - GNN F1: 0.8649, Acc: 0.9513, Recall: 0.8883, AUC: 0.9365, AP: 0.8450
2026-04-03 11:04:28,981 - utils - INFO - Label F1: 0.8877, Acc: 0.9615, Recall: 0.8911, AUC: 0.9324, AP: 0.8412
2026-04-03 11:04:36,217 - utils - INFO - GNN F1: 0.8560, Acc: 0.9453, Recall: 0.8846, AUC: 0.9432, AP: 0.8215
2026-04-03 11:04:36,217 - utils - INFO - Label F1: 0.8711, Acc: 0.9544, Recall: 0.8807, AUC: 0.9490, AP: 0.8336
2026-04-03 11:04:36,218 - train - INFO - Validation AUC: 0.9432
2026-04-03 11:04:41,652 - train - INFO - Epoch: 22, loss: 0.9496, lr: 0.010000, time: 5.43s
2026-04-03 11:04:44,946 - train - INFO - Epoch: 23, loss: 0.9284, lr: 0.010000, time: 3.29s
2026-04-03 11:04:48,750 - train - INFO - Epoch: 24, loss: 0.9338, lr: 0.010000, time: 3.80s
2026-04-03 11:05:15,441 - utils - INFO - GNN F1: 0.8652, Acc: 0.9513, Recall: 0.8891, AUC: 0.9400, AP: 0.8508
2026-04-03 11:05:15,442 - utils - INFO - Label F1: 0.8800, Acc: 0.9580, Recall: 0.8914, AUC: 0.9346, AP: 0.8426
2026-04-03 11:05:23,068 - utils - INFO - GNN F1: 0.8596, Acc: 0.9473, Recall: 0.8857, AUC: 0.9500, AP: 0.8327
2026-04-03 11:05:23,068 - utils - INFO - Label F1: 0.8633, Acc: 0.9492, Recall: 0.8845, AUC: 0.9493, AP: 0.8326
2026-04-03 11:05:23,068 - train - INFO - Validation AUC: 0.9500
2026-04-03 11:05:23,076 - utils - INFO - Checkpoint saved to checkpoints\best_CARE_amazon.pt
2026-04-03 11:05:23,076 - train - INFO - New best model saved (AUC: 0.9500)
2026-04-03 11:05:27,690 - train - INFO - Epoch: 25, loss: 0.8415, lr: 0.010000, time: 4.61s
2026-04-03 11:05:31,624 - train - INFO - Epoch: 26, loss: 0.8526, lr: 0.010000, time: 3.93s
2026-04-03 11:05:35,682 - train - INFO - Epoch: 27, loss: 0.9517, lr: 0.010000, time: 4.06s
2026-04-03 11:06:01,646 - utils - INFO - GNN F1: 0.8987, Acc: 0.9661, Recall: 0.8937, AUC: 0.9426, AP: 0.8574
2026-04-03 11:06:01,647 - utils - INFO - Label F1: 0.8945, Acc: 0.9643, Recall: 0.8920, AUC: 0.9320, AP: 0.8430
2026-04-03 11:06:08,033 - utils - INFO - GNN F1: 0.8785, Acc: 0.9577, Recall: 0.8820, AUC: 0.9525, AP: 0.8396
2026-04-03 11:06:08,033 - utils - INFO - Label F1: 0.8790, Acc: 0.9577, Recall: 0.8825, AUC: 0.9518, AP: 0.8417
2026-04-03 11:06:08,033 - train - INFO - Validation AUC: 0.9525
2026-04-03 11:06:08,041 - utils - INFO - Checkpoint saved to checkpoints\best_CARE_amazon.pt
2026-04-03 11:06:08,042 - train - INFO - New best model saved (AUC: 0.9525)
2026-04-03 11:06:11,687 - train - INFO - Epoch: 28, loss: 0.8767, lr: 0.010000, time: 3.64s
2026-04-03 11:06:15,491 - train - INFO - Epoch: 29, loss: 0.8575, lr: 0.010000, time: 3.80s
2026-04-03 11:06:18,785 - train - INFO - Epoch: 30, loss: 0.8428, lr: 0.010000, time: 3.29s
2026-04-03 11:06:46,700 - utils - INFO - GNN F1: 0.8646, Acc: 0.9511, Recall: 0.8882, AUC: 0.9403, AP: 0.8517
2026-04-03 11:06:46,700 - utils - INFO - Label F1: 0.8891, Acc: 0.9621, Recall: 0.8922, AUC: 0.9328, AP: 0.8437
2026-04-03 11:06:53,074 - utils - INFO - GNN F1: 0.8546, Acc: 0.9453, Recall: 0.8846, AUC: 0.9488, AP: 0.8327
2026-04-03 11:06:53,075 - utils - INFO - Label F1: 0.8737, Acc: 0.9551, Recall: 0.8810, AUC: 0.9520, AP: 0.8419
2026-04-03 11:06:53,075 - train - INFO - Validation AUC: 0.9488
2026-04-03 11:06:53,075 - train - INFO - Training complete.
2026-04-03 11:06:54,132 - __main__ - INFO - Experiment CAPN (LLM state) completed in 1676.4s
2026-04-03 11:06:54,132 - __main__ - INFO - Best GNN AUC: 0.9426107478694475
2026-04-03 11:06:54,133 - __main__ - INFO - Results saved to results/ablation\amazon\capn_llm_state\ablation_results_20260403_110654.json
2026-04-03 11:06:55,167 - __main__ - INFO - 
############################################################
2026-04-03 11:06:55,168 - __main__ - INFO - Dataset: yelp
2026-04-03 11:06:55,168 - __main__ - INFO - ############################################################
2026-04-03 11:06:55,173 - __main__ - INFO - 

Starting study: capn
2026-04-03 11:06:55,174 - __main__ - INFO - 
============================================================
2026-04-03 11:06:55,174 - __main__ - INFO - Running experiment: CARE-GNN (original RL)
2026-04-03 11:06:55,174 - __main__ - INFO - ============================================================
2026-04-03 11:06:55,174 - __main__ - INFO - Config: {'model': 'CARE', 'use_capn': False}
2026-04-03 11:06:55,174 - train - INFO - Using device: cuda
2026-04-03 11:06:55,175 - utils - INFO - Random seed set to 72
2026-04-03 11:06:55,175 - utils - INFO - Loading cached labels/features from yelp_labels.npy, yelp_features.npy
2026-04-03 11:06:59,433 - utils - INFO - Loaded yelp dataset: 45954 nodes, 32 features
2026-04-03 11:06:59,464 - train - INFO - Split: train=11488, val=6893, test=27573
2026-04-03 11:06:59,484 - train - INFO - Model: CARE, Inter-AGG: GNN, emb_size: 64
2026-04-03 11:07:04,645 - train - INFO - Epoch: 0, loss: 2.0766, lr: 0.010000, time: 5.16s
2026-04-03 11:07:37,034 - utils - INFO - GNN F1: 0.5886, Acc: 0.8457, Recall: 0.5739, AUC: 0.7029, AP: 0.3143
2026-04-03 11:07:37,034 - utils - INFO - Label F1: 0.4643, Acc: 0.8534, Recall: 0.5009, AUC: 0.5740, AP: 0.1835
2026-04-03 11:07:45,834 - utils - INFO - GNN F1: 0.5910, Acc: 0.8469, Recall: 0.5758, AUC: 0.7176, AP: 0.3294
2026-04-03 11:07:45,835 - utils - INFO - Label F1: 0.4613, Acc: 0.8536, Recall: 0.4995, AUC: 0.5919, AP: 0.1891
2026-04-03 11:07:45,835 - train - INFO - Validation AUC: 0.7176
2026-04-03 11:07:45,845 - utils - INFO - Checkpoint saved to checkpoints\best_CARE_yelp.pt
2026-04-03 11:07:45,845 - train - INFO - New best model saved (AUC: 0.7176)
2026-04-03 11:07:50,118 - train - INFO - Epoch: 1, loss: 2.0661, lr: 0.010000, time: 4.27s
2026-04-03 11:07:51,301 - layers - INFO - RL update - scores: ['0.0014', '0.0040', '0.0043'], rewards: [-1, -1, -1], thresholds: ['0.4800', '0.4800', '0.4800']
2026-04-03 11:07:54,322 - train - INFO - Epoch: 2, loss: 2.0588, lr: 0.010000, time: 4.20s
2026-04-03 11:07:55,539 - layers - INFO - RL update - scores: ['0.0017', '0.0048', '0.0051'], rewards: [-1, -1, -1], thresholds: ['0.4600', '0.4600', '0.4600']
2026-04-03 11:07:58,590 - train - INFO - Epoch: 3, loss: 2.0509, lr: 0.010000, time: 4.26s
2026-04-03 11:08:31,100 - utils - INFO - GNN F1: 0.6083, Acc: 0.7484, Recall: 0.6536, AUC: 0.7243, AP: 0.3252
2026-04-03 11:08:31,100 - utils - INFO - Label F1: 0.4566, Acc: 0.4925, Recall: 0.6258, AUC: 0.6896, AP: 0.2694
2026-04-03 11:08:39,559 - utils - INFO - GNN F1: 0.6122, Acc: 0.7511, Recall: 0.6578, AUC: 0.7323, AP: 0.3311
2026-04-03 11:08:39,559 - utils - INFO - Label F1: 0.4650, Acc: 0.5021, Recall: 0.6363, AUC: 0.7030, AP: 0.2777
2026-04-03 11:08:39,560 - train - INFO - Validation AUC: 0.7323
2026-04-03 11:08:39,569 - utils - INFO - Checkpoint saved to checkpoints\best_CARE_yelp.pt
2026-04-03 11:08:39,569 - train - INFO - New best model saved (AUC: 0.7323)
2026-04-03 11:08:41,273 - layers - INFO - RL update - scores: ['0.0020', '0.0057', '0.0059'], rewards: [-1, -1, -1], thresholds: ['0.4400', '0.4400', '0.4400']
2026-04-03 11:08:44,212 - train - INFO - Epoch: 4, loss: 2.0409, lr: 0.010000, time: 4.64s
2026-04-03 11:08:45,474 - layers - INFO - RL update - scores: ['0.0021', '0.0064', '0.0068'], rewards: [-1, -1, -1], thresholds: ['0.4200', '0.4200', '0.4200']
2026-04-03 11:08:48,463 - train - INFO - Epoch: 5, loss: 2.0319, lr: 0.010000, time: 4.25s
2026-04-03 11:08:49,944 - layers - INFO - RL update - scores: ['0.0025', '0.0073', '0.0076'], rewards: [-1, -1, -1], thresholds: ['0.4000', '0.4000', '0.4000']
2026-04-03 11:08:53,279 - train - INFO - Epoch: 6, loss: 2.0214, lr: 0.010000, time: 4.81s
2026-04-03 11:09:26,039 - utils - INFO - GNN F1: 0.5481, Acc: 0.6273, Recall: 0.6662, AUC: 0.7316, AP: 0.3273
2026-04-03 11:09:26,039 - utils - INFO - Label F1: 0.5886, Acc: 0.8272, Recall: 0.5785, AUC: 0.7124, AP: 0.2928
2026-04-03 11:09:33,599 - utils - INFO - GNN F1: 0.5579, Acc: 0.6385, Recall: 0.6765, AUC: 0.7361, AP: 0.3313
2026-04-03 11:09:33,600 - utils - INFO - Label F1: 0.5938, Acc: 0.8290, Recall: 0.5823, AUC: 0.7212, AP: 0.2993
2026-04-03 11:09:33,600 - train - INFO - Validation AUC: 0.7361
2026-04-03 11:09:33,611 - utils - INFO - Checkpoint saved to checkpoints\best_CARE_yelp.pt
2026-04-03 11:09:33,611 - train - INFO - New best model saved (AUC: 0.7361)
2026-04-03 11:09:35,174 - layers - INFO - RL update - scores: ['0.0028', '0.0079', '0.0084'], rewards: [-1, -1, -1], thresholds: ['0.3800', '0.3800', '0.3800']
2026-04-03 11:09:38,099 - train - INFO - Epoch: 7, loss: 2.0098, lr: 0.010000, time: 4.48s
2026-04-03 11:09:39,328 - layers - INFO - RL update - scores: ['0.0032', '0.0083', '0.0089'], rewards: [-1, -1, -1], thresholds: ['0.3600', '0.3600', '0.3600']
2026-04-03 11:09:42,303 - train - INFO - Epoch: 8, loss: 1.9974, lr: 0.010000, time: 4.20s
2026-04-03 11:09:43,676 - layers - INFO - RL update - scores: ['0.0036', '0.0089', '0.0095'], rewards: [-1, -1, -1], thresholds: ['0.3400', '0.3400', '0.3400']
2026-04-03 11:09:46,707 - train - INFO - Epoch: 9, loss: 1.9867, lr: 0.010000, time: 4.40s
2026-04-03 11:10:18,591 - utils - INFO - GNN F1: 0.5866, Acc: 0.6902, Recall: 0.6757, AUC: 0.7408, AP: 0.3369
2026-04-03 11:10:18,592 - utils - INFO - Label F1: 0.5420, Acc: 0.6193, Recall: 0.6611, AUC: 0.7196, AP: 0.3016
2026-04-03 11:10:26,315 - utils - INFO - GNN F1: 0.5935, Acc: 0.6968, Recall: 0.6838, AUC: 0.7446, AP: 0.3408
2026-04-03 11:10:26,316 - utils - INFO - Label F1: 0.5518, Acc: 0.6313, Recall: 0.6702, AUC: 0.7270, AP: 0.3074
2026-04-03 11:10:26,316 - train - INFO - Validation AUC: 0.7446
2026-04-03 11:10:26,327 - utils - INFO - Checkpoint saved to checkpoints\best_CARE_yelp.pt
2026-04-03 11:10:26,328 - train - INFO - New best model saved (AUC: 0.7446)
2026-04-03 11:10:27,795 - layers - INFO - RL update - scores: ['0.0040', '0.0092', '0.0098'], rewards: [-1, -1, -1], thresholds: ['0.3200', '0.3200', '0.3200']
2026-04-03 11:10:30,568 - train - INFO - Epoch: 10, loss: 1.9795, lr: 0.010000, time: 4.24s
2026-04-03 11:10:31,936 - layers - INFO - RL update - scores: ['0.0034', '0.0096', '0.0102'], rewards: [1, -1, -1], thresholds: ['0.3400', '0.3000', '0.3000']
2026-04-03 11:10:34,857 - train - INFO - Epoch: 11, loss: 1.9650, lr: 0.010000, time: 4.29s
2026-04-03 11:10:36,128 - layers - INFO - RL update - scores: ['0.0039', '0.0098', '0.0106'], rewards: [-1, -1, -1], thresholds: ['0.3200', '0.2800', '0.2800']
2026-04-03 11:10:39,280 - train - INFO - Epoch: 12, loss: 1.9748, lr: 0.010000, time: 4.42s
2026-04-03 11:11:10,898 - utils - INFO - GNN F1: 0.5689, Acc: 0.6524, Recall: 0.6858, AUC: 0.7490, AP: 0.3447
2026-04-03 11:11:10,899 - utils - INFO - Label F1: 0.5032, Acc: 0.5561, Recall: 0.6546, AUC: 0.7216, AP: 0.3050
2026-04-03 11:11:18,457 - utils - INFO - GNN F1: 0.5754, Acc: 0.6616, Recall: 0.6893, AUC: 0.7531, AP: 0.3508
2026-04-03 11:11:18,457 - utils - INFO - Label F1: 0.5098, Acc: 0.5645, Recall: 0.6609, AUC: 0.7284, AP: 0.3103
2026-04-03 11:11:18,458 - train - INFO - Validation AUC: 0.7531
2026-04-03 11:11:18,468 - utils - INFO - Checkpoint saved to checkpoints\best_CARE_yelp.pt
2026-04-03 11:11:18,468 - train - INFO - New best model saved (AUC: 0.7531)
2026-04-03 11:11:19,630 - layers - INFO - RL update - scores: ['0.0036', '0.0098', '0.0105'], rewards: [1, -1, 1], thresholds: ['0.3400', '0.2600', '0.3000']
2026-04-03 11:11:22,871 - train - INFO - Epoch: 13, loss: 1.9595, lr: 0.010000, time: 4.40s
2026-04-03 11:11:24,097 - layers - INFO - RL update - scores: ['0.0047', '0.0100', '0.0119'], rewards: [-1, -1, -1], thresholds: ['0.3200', '0.2400', '0.2800']
2026-04-03 11:11:26,811 - train - INFO - Epoch: 14, loss: 1.9493, lr: 0.010000, time: 3.94s
2026-04-03 11:11:27,949 - layers - INFO - RL update - scores: ['0.0042', '0.0098', '0.0124'], rewards: [1, 1, -1], thresholds: ['0.3400', '0.2600', '0.2600']
2026-04-03 11:11:30,618 - train - INFO - Epoch: 15, loss: 1.9546, lr: 0.010000, time: 3.80s
2026-04-03 11:12:02,772 - utils - INFO - GNN F1: 0.5199, Acc: 0.5736, Recall: 0.6783, AUC: 0.7587, AP: 0.3663
2026-04-03 11:12:02,772 - utils - INFO - Label F1: 0.6011, Acc: 0.7336, Recall: 0.6548, AUC: 0.7218, AP: 0.3064
2026-04-03 11:12:10,999 - utils - INFO - GNN F1: 0.5275, Acc: 0.5840, Recall: 0.6832, AUC: 0.7639, AP: 0.3728
2026-04-03 11:12:10,999 - utils - INFO - Label F1: 0.6053, Acc: 0.7375, Recall: 0.6587, AUC: 0.7286, AP: 0.3125
2026-04-03 11:12:11,000 - train - INFO - Validation AUC: 0.7639
2026-04-03 11:12:11,011 - utils - INFO - Checkpoint saved to checkpoints\best_CARE_yelp.pt
2026-04-03 11:12:11,012 - train - INFO - New best model saved (AUC: 0.7639)
2026-04-03 11:12:12,168 - layers - INFO - RL update - scores: ['0.0057', '0.0110', '0.0123'], rewards: [-1, -1, 1], thresholds: ['0.3200', '0.2400', '0.2800']
2026-04-03 11:12:15,524 - train - INFO - Epoch: 16, loss: 1.9559, lr: 0.010000, time: 4.51s
2026-04-03 11:12:16,940 - layers - INFO - RL update - scores: ['0.0053', '0.0111', '0.0137'], rewards: [1, -1, -1], thresholds: ['0.3400', '0.2200', '0.2600']
2026-04-03 11:12:20,120 - train - INFO - Epoch: 17, loss: 1.9407, lr: 0.010000, time: 4.59s
2026-04-03 11:12:21,472 - layers - INFO - RL update - scores: ['0.0058', '0.0103', '0.0133'], rewards: [-1, 1, 1], thresholds: ['0.3200', '0.2400', '0.2800']
2026-04-03 11:12:24,377 - train - INFO - Epoch: 18, loss: 1.9422, lr: 0.010000, time: 4.26s
2026-04-03 11:12:56,171 - utils - INFO - GNN F1: 0.6134, Acc: 0.7227, Recall: 0.6966, AUC: 0.7602, AP: 0.3646
2026-04-03 11:12:56,171 - utils - INFO - Label F1: 0.5896, Acc: 0.7064, Recall: 0.6614, AUC: 0.7230, AP: 0.3082
2026-04-03 11:13:04,303 - utils - INFO - GNN F1: 0.6138, Acc: 0.7233, Recall: 0.6965, AUC: 0.7657, AP: 0.3729
2026-04-03 11:13:04,303 - utils - INFO - Label F1: 0.5939, Acc: 0.7108, Recall: 0.6652, AUC: 0.7295, AP: 0.3142
2026-04-03 11:13:04,304 - train - INFO - Validation AUC: 0.7657
2026-04-03 11:13:04,314 - utils - INFO - Checkpoint saved to checkpoints\best_CARE_yelp.pt
2026-04-03 11:13:04,314 - train - INFO - New best model saved (AUC: 0.7657)
2026-04-03 11:13:05,909 - layers - INFO - RL update - scores: ['0.0053', '0.0120', '0.0149'], rewards: [1, -1, -1], thresholds: ['0.3400', '0.2200', '0.2600']
2026-04-03 11:13:08,596 - train - INFO - Epoch: 19, loss: 1.9454, lr: 0.010000, time: 4.28s
2026-04-03 11:13:10,456 - layers - INFO - RL update - scores: ['0.0069', '0.0116', '0.0148'], rewards: [-1, 1, 1], thresholds: ['0.3200', '0.2400', '0.2800']
2026-04-03 11:13:13,604 - train - INFO - Epoch: 20, loss: 1.9418, lr: 0.010000, time: 5.01s
2026-04-03 11:13:14,833 - layers - INFO - RL update - scores: ['0.0059', '0.0127', '0.0160'], rewards: [1, -1, -1], thresholds: ['0.3400', '0.2200', '0.2600']
2026-04-03 11:13:17,743 - train - INFO - Epoch: 21, loss: 1.9314, lr: 0.010000, time: 4.14s
2026-04-03 11:13:49,134 - utils - INFO - GNN F1: 0.5613, Acc: 0.6354, Recall: 0.6934, AUC: 0.7644, AP: 0.3741
2026-04-03 11:13:49,135 - utils - INFO - Label F1: 0.5376, Acc: 0.6097, Recall: 0.6646, AUC: 0.7257, AP: 0.3110
2026-04-03 11:13:56,872 - utils - INFO - GNN F1: 0.5649, Acc: 0.6409, Recall: 0.6944, AUC: 0.7687, AP: 0.3792
2026-04-03 11:13:56,872 - utils - INFO - Label F1: 0.5423, Acc: 0.6154, Recall: 0.6693, AUC: 0.7314, AP: 0.3168
2026-04-03 11:13:56,873 - train - INFO - Validation AUC: 0.7687
2026-04-03 11:13:56,884 - utils - INFO - Checkpoint saved to checkpoints\best_CARE_yelp.pt
2026-04-03 11:13:56,884 - train - INFO - New best model saved (AUC: 0.7687)
2026-04-03 11:13:58,068 - layers - INFO - RL update - scores: ['0.0073', '0.0130', '0.0166'], rewards: [-1, -1, -1], thresholds: ['0.3200', '0.2000', '0.2400']
2026-04-03 11:14:00,677 - train - INFO - Epoch: 22, loss: 1.9351, lr: 0.010000, time: 3.79s
2026-04-03 11:14:01,998 - layers - INFO - RL update - scores: ['0.0064', '0.0121', '0.0159'], rewards: [1, 1, 1], thresholds: ['0.3400', '0.2200', '0.2600']
2026-04-03 11:14:05,385 - train - INFO - Epoch: 23, loss: 1.9326, lr: 0.010000, time: 4.71s
2026-04-03 11:14:06,767 - layers - INFO - RL update - scores: ['0.0080', '0.0132', '0.0169'], rewards: [-1, -1, -1], thresholds: ['0.3200', '0.2000', '0.2400']
2026-04-03 11:14:09,472 - train - INFO - Epoch: 24, loss: 1.9385, lr: 0.010000, time: 4.08s
2026-04-03 11:14:42,235 - utils - INFO - GNN F1: 0.6261, Acc: 0.7457, Recall: 0.6946, AUC: 0.7636, AP: 0.3691
2026-04-03 11:14:42,235 - utils - INFO - Label F1: 0.4388, Acc: 0.4635, Recall: 0.6352, AUC: 0.7282, AP: 0.3134
2026-04-03 11:14:50,380 - utils - INFO - GNN F1: 0.6260, Acc: 0.7454, Recall: 0.6945, AUC: 0.7679, AP: 0.3751
2026-04-03 11:14:50,380 - utils - INFO - Label F1: 0.4472, Acc: 0.4739, Recall: 0.6422, AUC: 0.7332, AP: 0.3192
2026-04-03 11:14:50,381 - train - INFO - Validation AUC: 0.7679
2026-04-03 11:14:51,882 - layers - INFO - RL update - scores: ['0.0069', '0.0128', '0.0170'], rewards: [1, 1, -1], thresholds: ['0.3400', '0.2200', '0.2200']
2026-04-03 11:14:54,431 - train - INFO - Epoch: 25, loss: 1.9299, lr: 0.010000, time: 4.05s
2026-04-03 11:14:55,817 - layers - INFO - RL update - scores: ['0.0075', '0.0138', '0.0159'], rewards: [-1, -1, 1], thresholds: ['0.3200', '0.2000', '0.2400']
2026-04-03 11:14:59,121 - train - INFO - Epoch: 26, loss: 1.9419, lr: 0.010000, time: 4.69s
2026-04-03 11:15:00,274 - layers - INFO - RL update - scores: ['0.0072', '0.0133', '0.0169'], rewards: [1, 1, -1], thresholds: ['0.3400', '0.2200', '0.2200']
2026-04-03 11:15:02,940 - train - INFO - Epoch: 27, loss: 1.9225, lr: 0.010000, time: 3.82s
2026-04-03 11:15:35,149 - utils - INFO - GNN F1: 0.6098, Acc: 0.7132, Recall: 0.7015, AUC: 0.7660, AP: 0.3779
2026-04-03 11:15:35,150 - utils - INFO - Label F1: 0.6144, Acc: 0.7627, Recall: 0.6506, AUC: 0.7304, AP: 0.3151
2026-04-03 11:15:43,379 - utils - INFO - GNN F1: 0.6110, Acc: 0.7150, Recall: 0.7019, AUC: 0.7705, AP: 0.3819
2026-04-03 11:15:43,380 - utils - INFO - Label F1: 0.6150, Acc: 0.7648, Recall: 0.6496, AUC: 0.7347, AP: 0.3204
2026-04-03 11:15:43,380 - train - INFO - Validation AUC: 0.7705
2026-04-03 11:15:43,390 - utils - INFO - Checkpoint saved to checkpoints\best_CARE_yelp.pt
2026-04-03 11:15:43,390 - train - INFO - New best model saved (AUC: 0.7705)
2026-04-03 11:15:44,507 - layers - INFO - RL update - scores: ['0.0081', '0.0146', '0.0171'], rewards: [-1, -1, -1], thresholds: ['0.3200', '0.2000', '0.2000']
2026-04-03 11:15:47,147 - train - INFO - Epoch: 28, loss: 1.9271, lr: 0.010000, time: 3.75s
2026-04-03 11:15:48,536 - layers - INFO - RL update - scores: ['0.0079', '0.0139', '0.0157'], rewards: [1, 1, 1], thresholds: ['0.3400', '0.2200', '0.2200']
2026-04-03 11:15:51,714 - train - INFO - Epoch: 29, loss: 1.9353, lr: 0.010000, time: 4.56s
2026-04-03 11:15:52,950 - layers - INFO - RL update - scores: ['0.0087', '0.0151', '0.0171'], rewards: [-1, -1, -1], thresholds: ['0.3200', '0.2000', '0.2000']
2026-04-03 11:15:56,058 - train - INFO - Epoch: 30, loss: 1.9148, lr: 0.010000, time: 4.34s
2026-04-03 11:16:27,849 - utils - INFO - GNN F1: 0.5830, Acc: 0.6701, Recall: 0.6974, AUC: 0.7646, AP: 0.3725
2026-04-03 11:16:27,850 - utils - INFO - Label F1: 0.5498, Acc: 0.6269, Recall: 0.6720, AUC: 0.7325, AP: 0.3173
2026-04-03 11:16:36,030 - utils - INFO - GNN F1: 0.5855, Acc: 0.6736, Recall: 0.6987, AUC: 0.7693, AP: 0.3778
2026-04-03 11:16:36,030 - utils - INFO - Label F1: 0.5580, Acc: 0.6363, Recall: 0.6809, AUC: 0.7362, AP: 0.3224
2026-04-03 11:16:36,031 - train - INFO - Validation AUC: 0.7693
2026-04-03 11:16:36,031 - train - INFO - Training complete.
2026-04-03 11:16:36,284 - __main__ - INFO - Experiment CARE-GNN (original RL) completed in 581.1s
2026-04-03 11:16:36,285 - __main__ - INFO - Best GNN AUC: 0.7659924485063468
2026-04-03 11:16:36,285 - __main__ - INFO - 
============================================================
2026-04-03 11:16:36,285 - __main__ - INFO - Running experiment: CAPN (policy network)
2026-04-03 11:16:36,285 - __main__ - INFO - ============================================================
2026-04-03 11:16:36,286 - __main__ - INFO - Config: {'model': 'CARE', 'use_capn': True}
2026-04-03 11:16:36,286 - train - INFO - Using device: cuda
2026-04-03 11:16:36,287 - utils - INFO - Random seed set to 72
2026-04-03 11:16:36,287 - utils - INFO - Loading cached labels/features from yelp_labels.npy, yelp_features.npy
2026-04-03 11:16:41,287 - utils - INFO - Loaded yelp dataset: 45954 nodes, 32 features
2026-04-03 11:16:41,316 - train - INFO - Split: train=11488, val=6893, test=27573
2026-04-03 11:16:41,338 - train - INFO - Model: CARE, Inter-AGG: GNN, emb_size: 64
2026-04-03 11:16:41,340 - train - INFO - Using MLP label predictor (hidden=16)
2026-04-03 11:16:41,353 - train - INFO - Policy network state_dim=37
2026-04-03 11:16:41,353 - train - INFO - CAPN mode enabled: policy_hidden=64, policy_lr=0.001, lambda_policy=0.1
2026-04-03 11:16:41,355 - train - INFO - Dual optimizer: GNN params=3618, Policy params=4710
2026-04-03 11:17:02,162 - train - INFO - Epoch: 0, loss: 2.0797, lr: 0.010000, time: 20.79s
2026-04-03 11:19:48,219 - utils - INFO - GNN F1: 0.5785, Acc: 0.8305, Recall: 0.5679, AUC: 0.6744, AP: 0.2753
2026-04-03 11:19:48,220 - utils - INFO - Label F1: 0.4608, Acc: 0.8547, Recall: 0.5000, AUC: 0.6259, AP: 0.2226
2026-04-03 11:20:31,808 - utils - INFO - GNN F1: 0.5698, Acc: 0.8309, Recall: 0.5605, AUC: 0.6659, AP: 0.2688
2026-04-03 11:20:31,808 - utils - INFO - Label F1: 0.4609, Acc: 0.8551, Recall: 0.5000, AUC: 0.6113, AP: 0.2220
2026-04-03 11:20:31,809 - train - INFO - Validation AUC: 0.6659
2026-04-03 11:20:31,821 - utils - INFO - Checkpoint saved to checkpoints\best_CARE_yelp.pt
2026-04-03 11:20:31,821 - train - INFO - New best model saved (AUC: 0.6659)
2026-04-03 11:20:46,373 - train - INFO - Epoch: 1, loss: 2.0759, lr: 0.010000, time: 14.53s
2026-04-03 11:20:59,008 - train - INFO - Epoch: 2, loss: 2.0674, lr: 0.010000, time: 12.62s
2026-04-03 11:21:11,372 - train - INFO - Epoch: 3, loss: 2.0596, lr: 0.010000, time: 12.35s
2026-04-03 11:22:22,805 - utils - INFO - GNN F1: 0.6102, Acc: 0.7515, Recall: 0.6542, AUC: 0.7271, AP: 0.3278
2026-04-03 11:22:22,805 - utils - INFO - Label F1: 0.1863, Acc: 0.1937, Recall: 0.5243, AUC: 0.7087, AP: 0.2932
2026-04-03 11:22:41,262 - utils - INFO - GNN F1: 0.6153, Acc: 0.7564, Recall: 0.6582, AUC: 0.7260, AP: 0.3236
2026-04-03 11:22:41,263 - utils - INFO - Label F1: 0.1877, Acc: 0.1948, Recall: 0.5256, AUC: 0.7089, AP: 0.2991
2026-04-03 11:22:41,263 - train - INFO - Validation AUC: 0.7260
2026-04-03 11:22:41,274 - utils - INFO - Checkpoint saved to checkpoints\best_CARE_yelp.pt
2026-04-03 11:22:41,274 - train - INFO - New best model saved (AUC: 0.7260)
2026-04-03 11:22:54,085 - train - INFO - Epoch: 4, loss: 2.0507, lr: 0.010000, time: 12.79s
2026-04-03 11:23:05,418 - train - INFO - Epoch: 5, loss: 2.0377, lr: 0.010000, time: 11.32s
2026-04-03 11:23:17,079 - train - INFO - Epoch: 6, loss: 2.0237, lr: 0.010000, time: 11.65s
2026-04-03 11:24:26,129 - utils - INFO - GNN F1: 0.5565, Acc: 0.6371, Recall: 0.6749, AUC: 0.7403, AP: 0.3429
2026-04-03 11:24:26,129 - utils - INFO - Label F1: 0.4932, Acc: 0.5400, Recall: 0.6543, AUC: 0.7251, AP: 0.3106
2026-04-03 11:24:43,892 - utils - INFO - GNN F1: 0.5611, Acc: 0.6426, Recall: 0.6795, AUC: 0.7408, AP: 0.3423
2026-04-03 11:24:43,892 - utils - INFO - Label F1: 0.4997, Acc: 0.5489, Recall: 0.6587, AUC: 0.7274, AP: 0.3172
2026-04-03 11:24:43,893 - train - INFO - Validation AUC: 0.7408
2026-04-03 11:24:43,904 - utils - INFO - Checkpoint saved to checkpoints\best_CARE_yelp.pt
2026-04-03 11:24:43,904 - train - INFO - New best model saved (AUC: 0.7408)
2026-04-03 11:24:54,316 - train - INFO - Epoch: 7, loss: 2.0107, lr: 0.010000, time: 10.40s
2026-04-03 11:25:04,036 - train - INFO - Epoch: 8, loss: 1.9854, lr: 0.010000, time: 9.71s
2026-04-03 11:25:14,795 - train - INFO - Epoch: 9, loss: 1.9646, lr: 0.010000, time: 10.75s
2026-04-03 11:26:23,859 - utils - INFO - GNN F1: 0.5913, Acc: 0.6936, Recall: 0.6828, AUC: 0.7489, AP: 0.3555
2026-04-03 11:26:23,859 - utils - INFO - Label F1: 0.5114, Acc: 0.5666, Recall: 0.6618, AUC: 0.7311, AP: 0.3184
2026-04-03 11:26:41,513 - utils - INFO - GNN F1: 0.5947, Acc: 0.6970, Recall: 0.6864, AUC: 0.7504, AP: 0.3558
2026-04-03 11:26:41,513 - utils - INFO - Label F1: 0.5160, Acc: 0.5733, Recall: 0.6640, AUC: 0.7348, AP: 0.3258
2026-04-03 11:26:41,514 - train - INFO - Validation AUC: 0.7504
2026-04-03 11:26:41,525 - utils - INFO - Checkpoint saved to checkpoints\best_CARE_yelp.pt
2026-04-03 11:26:41,525 - train - INFO - New best model saved (AUC: 0.7504)
2026-04-03 11:26:51,041 - train - INFO - Epoch: 10, loss: 1.9424, lr: 0.010000, time: 9.51s
2026-04-03 11:27:00,160 - train - INFO - Epoch: 11, loss: 1.9135, lr: 0.010000, time: 9.12s
2026-04-03 11:27:10,303 - train - INFO - Epoch: 12, loss: 1.9209, lr: 0.010000, time: 10.14s
2026-04-03 11:28:18,689 - utils - INFO - GNN F1: 0.5779, Acc: 0.6654, Recall: 0.6905, AUC: 0.7559, AP: 0.3676
2026-04-03 11:28:18,689 - utils - INFO - Label F1: 0.5702, Acc: 0.6614, Recall: 0.6749, AUC: 0.7346, AP: 0.3223
2026-04-03 11:28:36,301 - utils - INFO - GNN F1: 0.5822, Acc: 0.6715, Recall: 0.6925, AUC: 0.7586, AP: 0.3683
2026-04-03 11:28:36,302 - utils - INFO - Label F1: 0.5786, Acc: 0.6712, Recall: 0.6825, AUC: 0.7386, AP: 0.3300
2026-04-03 11:28:36,302 - train - INFO - Validation AUC: 0.7586
2026-04-03 11:28:36,314 - utils - INFO - Checkpoint saved to checkpoints\best_CARE_yelp.pt
2026-04-03 11:28:36,314 - train - INFO - New best model saved (AUC: 0.7586)
2026-04-03 11:28:45,410 - train - INFO - Epoch: 13, loss: 1.8863, lr: 0.010000, time: 9.09s
2026-04-03 11:28:54,067 - train - INFO - Epoch: 14, loss: 1.8605, lr: 0.010000, time: 8.65s
2026-04-03 11:29:03,704 - train - INFO - Epoch: 15, loss: 1.8594, lr: 0.010000, time: 9.63s
2026-04-03 11:30:13,135 - utils - INFO - GNN F1: 0.5524, Acc: 0.6226, Recall: 0.6887, AUC: 0.7634, AP: 0.3819
2026-04-03 11:30:13,135 - utils - INFO - Label F1: 0.5146, Acc: 0.5695, Recall: 0.6676, AUC: 0.7405, AP: 0.3298
2026-04-03 11:30:31,451 - utils - INFO - GNN F1: 0.5604, Acc: 0.6335, Recall: 0.6939, AUC: 0.7670, AP: 0.3851
2026-04-03 11:30:31,452 - utils - INFO - Label F1: 0.5220, Acc: 0.5785, Recall: 0.6748, AUC: 0.7446, AP: 0.3382
2026-04-03 11:30:31,452 - train - INFO - Validation AUC: 0.7670
2026-04-03 11:30:31,463 - utils - INFO - Checkpoint saved to checkpoints\best_CARE_yelp.pt
2026-04-03 11:30:31,464 - train - INFO - New best model saved (AUC: 0.7670)
2026-04-03 11:30:40,320 - train - INFO - Epoch: 16, loss: 1.8545, lr: 0.010000, time: 8.85s
2026-04-03 11:30:49,273 - train - INFO - Epoch: 17, loss: 1.8133, lr: 0.010000, time: 8.95s
2026-04-03 11:30:59,384 - train - INFO - Epoch: 18, loss: 1.8213, lr: 0.010000, time: 10.10s
2026-04-03 11:32:09,056 - utils - INFO - GNN F1: 0.5972, Acc: 0.6928, Recall: 0.7000, AUC: 0.7676, AP: 0.3892
2026-04-03 11:32:09,057 - utils - INFO - Label F1: 0.6175, Acc: 0.7443, Recall: 0.6769, AUC: 0.7463, AP: 0.3370
2026-04-03 11:32:26,784 - utils - INFO - GNN F1: 0.5990, Acc: 0.6947, Recall: 0.7016, AUC: 0.7720, AP: 0.3926
2026-04-03 11:32:26,785 - utils - INFO - Label F1: 0.6183, Acc: 0.7455, Recall: 0.6770, AUC: 0.7506, AP: 0.3460
2026-04-03 11:32:26,785 - train - INFO - Validation AUC: 0.7720
2026-04-03 11:32:26,795 - utils - INFO - Checkpoint saved to checkpoints\best_CARE_yelp.pt
2026-04-03 11:32:26,796 - train - INFO - New best model saved (AUC: 0.7720)
2026-04-03 11:32:35,506 - train - INFO - Epoch: 19, loss: 1.8201, lr: 0.010000, time: 8.71s
2026-04-03 11:32:44,294 - train - INFO - Epoch: 20, loss: 1.8142, lr: 0.010000, time: 8.78s
2026-04-03 11:32:52,707 - train - INFO - Epoch: 21, loss: 1.7798, lr: 0.010000, time: 8.41s
2026-04-03 11:34:03,369 - utils - INFO - GNN F1: 0.5366, Acc: 0.5969, Recall: 0.6876, AUC: 0.7694, AP: 0.3925
2026-04-03 11:34:03,369 - utils - INFO - Label F1: 0.5101, Acc: 0.5599, Recall: 0.6733, AUC: 0.7519, AP: 0.3443
2026-04-03 11:34:20,317 - utils - INFO - GNN F1: 0.5424, Acc: 0.6046, Recall: 0.6916, AUC: 0.7729, AP: 0.3933
2026-04-03 11:34:20,317 - utils - INFO - Label F1: 0.5173, Acc: 0.5693, Recall: 0.6785, AUC: 0.7554, AP: 0.3527
2026-04-03 11:34:20,318 - train - INFO - Validation AUC: 0.7729
2026-04-03 11:34:20,328 - utils - INFO - Checkpoint saved to checkpoints\best_CARE_yelp.pt
2026-04-03 11:34:20,328 - train - INFO - New best model saved (AUC: 0.7729)
2026-04-03 11:34:29,749 - train - INFO - Epoch: 22, loss: 1.8055, lr: 0.010000, time: 9.42s
2026-04-03 11:34:38,799 - train - INFO - Epoch: 23, loss: 1.7940, lr: 0.010000, time: 9.05s
2026-04-03 11:34:47,487 - train - INFO - Epoch: 24, loss: 1.8060, lr: 0.010000, time: 8.68s
2026-04-03 11:35:56,221 - utils - INFO - GNN F1: 0.6354, Acc: 0.7609, Recall: 0.6948, AUC: 0.7714, AP: 0.3952
2026-04-03 11:35:56,221 - utils - INFO - Label F1: 0.5906, Acc: 0.6864, Recall: 0.6921, AUC: 0.7548, AP: 0.3472
2026-04-03 11:36:14,140 - utils - INFO - GNN F1: 0.6345, Acc: 0.7595, Recall: 0.6946, AUC: 0.7743, AP: 0.3942
2026-04-03 11:36:14,140 - utils - INFO - Label F1: 0.5952, Acc: 0.6915, Recall: 0.6963, AUC: 0.7580, AP: 0.3557
2026-04-03 11:36:14,141 - train - INFO - Validation AUC: 0.7743
2026-04-03 11:36:14,152 - utils - INFO - Checkpoint saved to checkpoints\best_CARE_yelp.pt
2026-04-03 11:36:14,153 - train - INFO - New best model saved (AUC: 0.7743)
2026-04-03 11:36:23,998 - train - INFO - Epoch: 25, loss: 1.7718, lr: 0.010000, time: 9.84s
2026-04-03 11:36:32,582 - train - INFO - Epoch: 26, loss: 1.7958, lr: 0.010000, time: 8.58s
2026-04-03 11:36:41,758 - train - INFO - Epoch: 27, loss: 1.7655, lr: 0.010000, time: 9.17s
2026-04-03 11:37:51,236 - utils - INFO - GNN F1: 0.6035, Acc: 0.7010, Recall: 0.7040, AUC: 0.7719, AP: 0.3972
2026-04-03 11:37:51,237 - utils - INFO - Label F1: 0.6212, Acc: 0.7425, Recall: 0.6875, AUC: 0.7568, AP: 0.3506
2026-04-03 11:38:08,005 - utils - INFO - GNN F1: 0.6023, Acc: 0.6995, Recall: 0.7028, AUC: 0.7751, AP: 0.3963
2026-04-03 11:38:08,006 - utils - INFO - Label F1: 0.6198, Acc: 0.7406, Recall: 0.6867, AUC: 0.7603, AP: 0.3590
2026-04-03 11:38:08,006 - train - INFO - Validation AUC: 0.7751
2026-04-03 11:38:08,017 - utils - INFO - Checkpoint saved to checkpoints\best_CARE_yelp.pt
2026-04-03 11:38:08,018 - train - INFO - New best model saved (AUC: 0.7751)
2026-04-03 11:38:17,780 - train - INFO - Epoch: 28, loss: 1.7746, lr: 0.010000, time: 9.76s
2026-04-03 11:38:26,484 - train - INFO - Epoch: 29, loss: 1.8043, lr: 0.010000, time: 8.70s
2026-04-03 11:38:34,920 - train - INFO - Epoch: 30, loss: 1.7446, lr: 0.010000, time: 8.43s
2026-04-03 11:39:45,203 - utils - INFO - GNN F1: 0.5858, Acc: 0.6727, Recall: 0.7011, AUC: 0.7727, AP: 0.3997
2026-04-03 11:39:45,203 - utils - INFO - Label F1: 0.5843, Acc: 0.6745, Recall: 0.6936, AUC: 0.7579, AP: 0.3540
2026-04-03 11:40:02,746 - utils - INFO - GNN F1: 0.5859, Acc: 0.6740, Recall: 0.6993, AUC: 0.7759, AP: 0.3979
2026-04-03 11:40:02,746 - utils - INFO - Label F1: 0.5867, Acc: 0.6771, Recall: 0.6961, AUC: 0.7619, AP: 0.3622
2026-04-03 11:40:02,747 - train - INFO - Validation AUC: 0.7759
2026-04-03 11:40:02,758 - utils - INFO - Checkpoint saved to checkpoints\best_CARE_yelp.pt
2026-04-03 11:40:02,758 - train - INFO - New best model saved (AUC: 0.7759)
2026-04-03 11:40:02,758 - train - INFO - Training complete.
2026-04-03 11:40:02,881 - __main__ - INFO - Experiment CAPN (policy network) completed in 1406.6s
2026-04-03 11:40:02,883 - __main__ - INFO - Best GNN AUC: 0.7727142896212815
2026-04-03 11:40:02,884 - __main__ - INFO - Results saved to results/ablation\yelp\capn\ablation_results_20260403_114002.json
2026-04-03 11:40:03,685 - __main__ - INFO - 

Starting study: capn_label
2026-04-03 11:40:03,686 - __main__ - INFO - 
============================================================
2026-04-03 11:40:03,686 - __main__ - INFO - Running experiment: Linear predictor (CARE-GNN)
2026-04-03 11:40:03,687 - __main__ - INFO - ============================================================
2026-04-03 11:40:03,687 - __main__ - INFO - Config: {'model': 'CARE', 'use_capn': False, 'use_mlp_label': False}
2026-04-03 11:40:03,687 - train - INFO - Using device: cuda
2026-04-03 11:40:03,688 - utils - INFO - Random seed set to 72
2026-04-03 11:40:03,689 - utils - INFO - Loading cached labels/features from yelp_labels.npy, yelp_features.npy
2026-04-03 11:40:08,132 - utils - INFO - Loaded yelp dataset: 45954 nodes, 32 features
2026-04-03 11:40:08,159 - train - INFO - Split: train=11488, val=6893, test=27573
2026-04-03 11:40:08,179 - train - INFO - Model: CARE, Inter-AGG: GNN, emb_size: 64
2026-04-03 11:40:13,332 - train - INFO - Epoch: 0, loss: 2.0766, lr: 0.010000, time: 5.15s
2026-04-03 11:40:47,101 - utils - INFO - GNN F1: 0.5886, Acc: 0.8457, Recall: 0.5739, AUC: 0.7029, AP: 0.3143
2026-04-03 11:40:47,101 - utils - INFO - Label F1: 0.4643, Acc: 0.8534, Recall: 0.5009, AUC: 0.5740, AP: 0.1835
2026-04-03 11:40:55,337 - utils - INFO - GNN F1: 0.5910, Acc: 0.8469, Recall: 0.5758, AUC: 0.7176, AP: 0.3294
2026-04-03 11:40:55,337 - utils - INFO - Label F1: 0.4613, Acc: 0.8536, Recall: 0.4995, AUC: 0.5919, AP: 0.1891
2026-04-03 11:40:55,338 - train - INFO - Validation AUC: 0.7176
2026-04-03 11:40:55,348 - utils - INFO - Checkpoint saved to checkpoints\best_CARE_yelp.pt
2026-04-03 11:40:55,348 - train - INFO - New best model saved (AUC: 0.7176)
2026-04-03 11:40:59,564 - train - INFO - Epoch: 1, loss: 2.0661, lr: 0.010000, time: 4.21s
2026-04-03 11:41:00,804 - layers - INFO - RL update - scores: ['0.0014', '0.0040', '0.0043'], rewards: [-1, -1, -1], thresholds: ['0.4800', '0.4800', '0.4800']
2026-04-03 11:41:03,725 - train - INFO - Epoch: 2, loss: 2.0588, lr: 0.010000, time: 4.16s
2026-04-03 11:41:05,186 - layers - INFO - RL update - scores: ['0.0017', '0.0048', '0.0051'], rewards: [-1, -1, -1], thresholds: ['0.4600', '0.4600', '0.4600']
2026-04-03 11:41:08,464 - train - INFO - Epoch: 3, loss: 2.0509, lr: 0.010000, time: 4.74s
2026-04-03 11:41:43,031 - utils - INFO - GNN F1: 0.6083, Acc: 0.7484, Recall: 0.6536, AUC: 0.7243, AP: 0.3252
2026-04-03 11:41:43,031 - utils - INFO - Label F1: 0.4566, Acc: 0.4925, Recall: 0.6258, AUC: 0.6896, AP: 0.2694
2026-04-03 11:41:51,377 - utils - INFO - GNN F1: 0.6122, Acc: 0.7511, Recall: 0.6578, AUC: 0.7323, AP: 0.3311
2026-04-03 11:41:51,377 - utils - INFO - Label F1: 0.4650, Acc: 0.5021, Recall: 0.6363, AUC: 0.7030, AP: 0.2777
2026-04-03 11:41:51,378 - train - INFO - Validation AUC: 0.7323
2026-04-03 11:41:51,388 - utils - INFO - Checkpoint saved to checkpoints\best_CARE_yelp.pt
2026-04-03 11:41:51,388 - train - INFO - New best model saved (AUC: 0.7323)
2026-04-03 11:41:52,624 - layers - INFO - RL update - scores: ['0.0020', '0.0057', '0.0059'], rewards: [-1, -1, -1], thresholds: ['0.4400', '0.4400', '0.4400']
2026-04-03 11:41:55,934 - train - INFO - Epoch: 4, loss: 2.0409, lr: 0.010000, time: 4.54s
2026-04-03 11:41:57,331 - layers - INFO - RL update - scores: ['0.0021', '0.0064', '0.0068'], rewards: [-1, -1, -1], thresholds: ['0.4200', '0.4200', '0.4200']
2026-04-03 11:42:00,373 - train - INFO - Epoch: 5, loss: 2.0319, lr: 0.010000, time: 4.44s
2026-04-03 11:42:01,802 - layers - INFO - RL update - scores: ['0.0025', '0.0073', '0.0076'], rewards: [-1, -1, -1], thresholds: ['0.4000', '0.4000', '0.4000']
2026-04-03 11:42:04,995 - train - INFO - Epoch: 6, loss: 2.0214, lr: 0.010000, time: 4.62s
2026-04-03 11:42:39,387 - utils - INFO - GNN F1: 0.5481, Acc: 0.6273, Recall: 0.6662, AUC: 0.7316, AP: 0.3273
2026-04-03 11:42:39,387 - utils - INFO - Label F1: 0.5886, Acc: 0.8272, Recall: 0.5785, AUC: 0.7124, AP: 0.2928
2026-04-03 11:42:47,713 - utils - INFO - GNN F1: 0.5579, Acc: 0.6385, Recall: 0.6765, AUC: 0.7361, AP: 0.3313
2026-04-03 11:42:47,713 - utils - INFO - Label F1: 0.5938, Acc: 0.8290, Recall: 0.5823, AUC: 0.7212, AP: 0.2993
2026-04-03 11:42:47,714 - train - INFO - Validation AUC: 0.7361
2026-04-03 11:42:47,724 - utils - INFO - Checkpoint saved to checkpoints\best_CARE_yelp.pt
2026-04-03 11:42:47,724 - train - INFO - New best model saved (AUC: 0.7361)
2026-04-03 11:42:49,016 - layers - INFO - RL update - scores: ['0.0028', '0.0079', '0.0084'], rewards: [-1, -1, -1], thresholds: ['0.3800', '0.3800', '0.3800']
2026-04-03 11:42:51,875 - train - INFO - Epoch: 7, loss: 2.0098, lr: 0.010000, time: 4.15s
2026-04-03 11:42:53,055 - layers - INFO - RL update - scores: ['0.0032', '0.0083', '0.0089'], rewards: [-1, -1, -1], thresholds: ['0.3600', '0.3600', '0.3600']
2026-04-03 11:42:56,036 - train - INFO - Epoch: 8, loss: 1.9974, lr: 0.010000, time: 4.16s
2026-04-03 11:42:57,393 - layers - INFO - RL update - scores: ['0.0036', '0.0089', '0.0095'], rewards: [-1, -1, -1], thresholds: ['0.3400', '0.3400', '0.3400']
2026-04-03 11:43:00,587 - train - INFO - Epoch: 9, loss: 1.9867, lr: 0.010000, time: 4.55s
2026-04-03 11:43:34,125 - utils - INFO - GNN F1: 0.5866, Acc: 0.6902, Recall: 0.6757, AUC: 0.7408, AP: 0.3369
2026-04-03 11:43:34,125 - utils - INFO - Label F1: 0.5420, Acc: 0.6193, Recall: 0.6611, AUC: 0.7196, AP: 0.3016
2026-04-03 11:43:41,718 - utils - INFO - GNN F1: 0.5935, Acc: 0.6968, Recall: 0.6838, AUC: 0.7446, AP: 0.3408
2026-04-03 11:43:41,719 - utils - INFO - Label F1: 0.5518, Acc: 0.6313, Recall: 0.6702, AUC: 0.7270, AP: 0.3074
2026-04-03 11:43:41,719 - train - INFO - Validation AUC: 0.7446
2026-04-03 11:43:41,729 - utils - INFO - Checkpoint saved to checkpoints\best_CARE_yelp.pt
2026-04-03 11:43:41,729 - train - INFO - New best model saved (AUC: 0.7446)
2026-04-03 11:43:43,275 - layers - INFO - RL update - scores: ['0.0040', '0.0092', '0.0098'], rewards: [-1, -1, -1], thresholds: ['0.3200', '0.3200', '0.3200']
2026-04-03 11:43:46,270 - train - INFO - Epoch: 10, loss: 1.9795, lr: 0.010000, time: 4.54s
2026-04-03 11:43:47,520 - layers - INFO - RL update - scores: ['0.0034', '0.0096', '0.0102'], rewards: [1, -1, -1], thresholds: ['0.3400', '0.3000', '0.3000']
2026-04-03 11:43:50,256 - train - INFO - Epoch: 11, loss: 1.9650, lr: 0.010000, time: 3.98s
2026-04-03 11:43:51,476 - layers - INFO - RL update - scores: ['0.0039', '0.0098', '0.0106'], rewards: [-1, -1, -1], thresholds: ['0.3200', '0.2800', '0.2800']
2026-04-03 11:43:55,210 - train - INFO - Epoch: 12, loss: 1.9748, lr: 0.010000, time: 4.95s
2026-04-03 11:44:27,561 - utils - INFO - GNN F1: 0.5689, Acc: 0.6524, Recall: 0.6858, AUC: 0.7490, AP: 0.3447
2026-04-03 11:44:27,562 - utils - INFO - Label F1: 0.5032, Acc: 0.5561, Recall: 0.6546, AUC: 0.7216, AP: 0.3050
2026-04-03 11:44:35,271 - utils - INFO - GNN F1: 0.5754, Acc: 0.6616, Recall: 0.6893, AUC: 0.7531, AP: 0.3508
2026-04-03 11:44:35,271 - utils - INFO - Label F1: 0.5098, Acc: 0.5645, Recall: 0.6609, AUC: 0.7284, AP: 0.3103
2026-04-03 11:44:35,272 - train - INFO - Validation AUC: 0.7531
2026-04-03 11:44:35,282 - utils - INFO - Checkpoint saved to checkpoints\best_CARE_yelp.pt
2026-04-03 11:44:35,282 - train - INFO - New best model saved (AUC: 0.7531)
2026-04-03 11:44:37,246 - layers - INFO - RL update - scores: ['0.0036', '0.0098', '0.0105'], rewards: [1, -1, 1], thresholds: ['0.3400', '0.2600', '0.3000']
2026-04-03 11:44:39,980 - train - INFO - Epoch: 13, loss: 1.9595, lr: 0.010000, time: 4.70s
2026-04-03 11:44:41,200 - layers - INFO - RL update - scores: ['0.0047', '0.0100', '0.0119'], rewards: [-1, -1, -1], thresholds: ['0.3200', '0.2400', '0.2800']
2026-04-03 11:44:44,040 - train - INFO - Epoch: 14, loss: 1.9493, lr: 0.010000, time: 4.06s
2026-04-03 11:44:45,210 - layers - INFO - RL update - scores: ['0.0042', '0.0098', '0.0124'], rewards: [1, 1, -1], thresholds: ['0.3400', '0.2600', '0.2600']
2026-04-03 11:44:48,670 - train - INFO - Epoch: 15, loss: 1.9546, lr: 0.010000, time: 4.63s
2026-04-03 11:45:20,780 - utils - INFO - GNN F1: 0.5199, Acc: 0.5736, Recall: 0.6783, AUC: 0.7587, AP: 0.3663
2026-04-03 11:45:20,780 - utils - INFO - Label F1: 0.6011, Acc: 0.7336, Recall: 0.6548, AUC: 0.7218, AP: 0.3064
2026-04-03 11:45:28,708 - utils - INFO - GNN F1: 0.5275, Acc: 0.5840, Recall: 0.6832, AUC: 0.7639, AP: 0.3728
2026-04-03 11:45:28,708 - utils - INFO - Label F1: 0.6053, Acc: 0.7375, Recall: 0.6587, AUC: 0.7286, AP: 0.3125
2026-04-03 11:45:28,709 - train - INFO - Validation AUC: 0.7639
2026-04-03 11:45:28,720 - utils - INFO - Checkpoint saved to checkpoints\best_CARE_yelp.pt
2026-04-03 11:45:28,720 - train - INFO - New best model saved (AUC: 0.7639)
2026-04-03 11:45:29,990 - layers - INFO - RL update - scores: ['0.0057', '0.0110', '0.0123'], rewards: [-1, -1, 1], thresholds: ['0.3200', '0.2400', '0.2800']
2026-04-03 11:45:33,703 - train - INFO - Epoch: 16, loss: 1.9559, lr: 0.010000, time: 4.98s
2026-04-03 11:45:34,857 - layers - INFO - RL update - scores: ['0.0053', '0.0111', '0.0137'], rewards: [1, -1, -1], thresholds: ['0.3400', '0.2200', '0.2600']
2026-04-03 11:45:37,967 - train - INFO - Epoch: 17, loss: 1.9407, lr: 0.010000, time: 4.26s
2026-04-03 11:45:39,397 - layers - INFO - RL update - scores: ['0.0058', '0.0103', '0.0133'], rewards: [-1, 1, 1], thresholds: ['0.3200', '0.2400', '0.2800']
2026-04-03 11:45:42,646 - train - INFO - Epoch: 18, loss: 1.9422, lr: 0.010000, time: 4.68s
2026-04-03 11:46:14,807 - utils - INFO - GNN F1: 0.6134, Acc: 0.7227, Recall: 0.6966, AUC: 0.7602, AP: 0.3646
2026-04-03 11:46:14,807 - utils - INFO - Label F1: 0.5896, Acc: 0.7064, Recall: 0.6614, AUC: 0.7230, AP: 0.3082
2026-04-03 11:46:22,961 - utils - INFO - GNN F1: 0.6138, Acc: 0.7233, Recall: 0.6965, AUC: 0.7657, AP: 0.3729
2026-04-03 11:46:22,961 - utils - INFO - Label F1: 0.5939, Acc: 0.7108, Recall: 0.6652, AUC: 0.7295, AP: 0.3142
2026-04-03 11:46:22,962 - train - INFO - Validation AUC: 0.7657
2026-04-03 11:46:22,973 - utils - INFO - Checkpoint saved to checkpoints\best_CARE_yelp.pt
2026-04-03 11:46:22,973 - train - INFO - New best model saved (AUC: 0.7657)
2026-04-03 11:46:24,171 - layers - INFO - RL update - scores: ['0.0053', '0.0120', '0.0149'], rewards: [1, -1, -1], thresholds: ['0.3400', '0.2200', '0.2600']
2026-04-03 11:46:27,661 - train - INFO - Epoch: 19, loss: 1.9454, lr: 0.010000, time: 4.69s
2026-04-03 11:46:28,808 - layers - INFO - RL update - scores: ['0.0069', '0.0116', '0.0148'], rewards: [-1, 1, 1], thresholds: ['0.3200', '0.2400', '0.2800']
2026-04-03 11:46:31,609 - train - INFO - Epoch: 20, loss: 1.9418, lr: 0.010000, time: 3.94s
2026-04-03 11:46:33,158 - layers - INFO - RL update - scores: ['0.0059', '0.0127', '0.0160'], rewards: [1, -1, -1], thresholds: ['0.3400', '0.2200', '0.2600']
2026-04-03 11:46:36,052 - train - INFO - Epoch: 21, loss: 1.9314, lr: 0.010000, time: 4.44s
2026-04-03 11:47:08,275 - utils - INFO - GNN F1: 0.5613, Acc: 0.6354, Recall: 0.6934, AUC: 0.7644, AP: 0.3741
2026-04-03 11:47:08,275 - utils - INFO - Label F1: 0.5376, Acc: 0.6097, Recall: 0.6646, AUC: 0.7257, AP: 0.3110
2026-04-03 11:47:16,692 - utils - INFO - GNN F1: 0.5649, Acc: 0.6409, Recall: 0.6944, AUC: 0.7687, AP: 0.3792
2026-04-03 11:47:16,692 - utils - INFO - Label F1: 0.5423, Acc: 0.6154, Recall: 0.6693, AUC: 0.7314, AP: 0.3168
2026-04-03 11:47:16,693 - train - INFO - Validation AUC: 0.7687
2026-04-03 11:47:16,703 - utils - INFO - Checkpoint saved to checkpoints\best_CARE_yelp.pt
2026-04-03 11:47:16,703 - train - INFO - New best model saved (AUC: 0.7687)
2026-04-03 11:47:18,103 - layers - INFO - RL update - scores: ['0.0073', '0.0130', '0.0166'], rewards: [-1, -1, -1], thresholds: ['0.3200', '0.2000', '0.2400']
2026-04-03 11:47:21,050 - train - INFO - Epoch: 22, loss: 1.9351, lr: 0.010000, time: 4.35s
2026-04-03 11:47:22,774 - layers - INFO - RL update - scores: ['0.0064', '0.0121', '0.0159'], rewards: [1, 1, 1], thresholds: ['0.3400', '0.2200', '0.2600']
2026-04-03 11:47:25,737 - train - INFO - Epoch: 23, loss: 1.9326, lr: 0.010000, time: 4.69s
2026-04-03 11:47:26,913 - layers - INFO - RL update - scores: ['0.0080', '0.0132', '0.0169'], rewards: [-1, -1, -1], thresholds: ['0.3200', '0.2000', '0.2400']
2026-04-03 11:47:29,865 - train - INFO - Epoch: 24, loss: 1.9385, lr: 0.010000, time: 4.13s
2026-04-03 11:48:02,202 - utils - INFO - GNN F1: 0.6261, Acc: 0.7457, Recall: 0.6946, AUC: 0.7636, AP: 0.3691
2026-04-03 11:48:02,203 - utils - INFO - Label F1: 0.4388, Acc: 0.4635, Recall: 0.6352, AUC: 0.7282, AP: 0.3134
2026-04-03 11:48:10,457 - utils - INFO - GNN F1: 0.6260, Acc: 0.7454, Recall: 0.6945, AUC: 0.7679, AP: 0.3751
2026-04-03 11:48:10,457 - utils - INFO - Label F1: 0.4472, Acc: 0.4739, Recall: 0.6422, AUC: 0.7332, AP: 0.3192
2026-04-03 11:48:10,458 - train - INFO - Validation AUC: 0.7679
2026-04-03 11:48:11,601 - layers - INFO - RL update - scores: ['0.0069', '0.0128', '0.0170'], rewards: [1, 1, -1], thresholds: ['0.3400', '0.2200', '0.2200']
2026-04-03 11:48:14,859 - train - INFO - Epoch: 25, loss: 1.9299, lr: 0.010000, time: 4.40s
2026-04-03 11:48:16,211 - layers - INFO - RL update - scores: ['0.0075', '0.0138', '0.0159'], rewards: [-1, -1, 1], thresholds: ['0.3200', '0.2000', '0.2400']
2026-04-03 11:48:19,901 - train - INFO - Epoch: 26, loss: 1.9419, lr: 0.010000, time: 5.04s
2026-04-03 11:48:21,461 - layers - INFO - RL update - scores: ['0.0072', '0.0133', '0.0169'], rewards: [1, 1, -1], thresholds: ['0.3400', '0.2200', '0.2200']
2026-04-03 11:48:24,138 - train - INFO - Epoch: 27, loss: 1.9225, lr: 0.010000, time: 4.23s
2026-04-03 11:48:55,628 - utils - INFO - GNN F1: 0.6098, Acc: 0.7132, Recall: 0.7015, AUC: 0.7660, AP: 0.3779
2026-04-03 11:48:55,628 - utils - INFO - Label F1: 0.6144, Acc: 0.7627, Recall: 0.6506, AUC: 0.7304, AP: 0.3151
2026-04-03 11:49:03,835 - utils - INFO - GNN F1: 0.6110, Acc: 0.7150, Recall: 0.7019, AUC: 0.7705, AP: 0.3819
2026-04-03 11:49:03,835 - utils - INFO - Label F1: 0.6150, Acc: 0.7648, Recall: 0.6496, AUC: 0.7347, AP: 0.3204
2026-04-03 11:49:03,836 - train - INFO - Validation AUC: 0.7705
2026-04-03 11:49:03,845 - utils - INFO - Checkpoint saved to checkpoints\best_CARE_yelp.pt
2026-04-03 11:49:03,846 - train - INFO - New best model saved (AUC: 0.7705)
2026-04-03 11:49:05,097 - layers - INFO - RL update - scores: ['0.0081', '0.0146', '0.0171'], rewards: [-1, -1, -1], thresholds: ['0.3200', '0.2000', '0.2000']
2026-04-03 11:49:08,043 - train - INFO - Epoch: 28, loss: 1.9271, lr: 0.010000, time: 4.20s
2026-04-03 11:49:09,197 - layers - INFO - RL update - scores: ['0.0079', '0.0139', '0.0157'], rewards: [1, 1, 1], thresholds: ['0.3400', '0.2200', '0.2200']
2026-04-03 11:49:12,448 - train - INFO - Epoch: 29, loss: 1.9353, lr: 0.010000, time: 4.40s
2026-04-03 11:49:13,785 - layers - INFO - RL update - scores: ['0.0087', '0.0151', '0.0171'], rewards: [-1, -1, -1], thresholds: ['0.3200', '0.2000', '0.2000']
2026-04-03 11:49:16,879 - train - INFO - Epoch: 30, loss: 1.9148, lr: 0.010000, time: 4.43s
2026-04-03 11:49:48,617 - utils - INFO - GNN F1: 0.5830, Acc: 0.6701, Recall: 0.6974, AUC: 0.7646, AP: 0.3725
2026-04-03 11:49:48,617 - utils - INFO - Label F1: 0.5498, Acc: 0.6269, Recall: 0.6720, AUC: 0.7325, AP: 0.3173
2026-04-03 11:49:56,686 - utils - INFO - GNN F1: 0.5855, Acc: 0.6736, Recall: 0.6987, AUC: 0.7693, AP: 0.3778
2026-04-03 11:49:56,687 - utils - INFO - Label F1: 0.5580, Acc: 0.6363, Recall: 0.6809, AUC: 0.7362, AP: 0.3224
2026-04-03 11:49:56,687 - train - INFO - Validation AUC: 0.7693
2026-04-03 11:49:56,687 - train - INFO - Training complete.
2026-04-03 11:49:56,857 - __main__ - INFO - Experiment Linear predictor (CARE-GNN) completed in 593.2s
2026-04-03 11:49:56,858 - __main__ - INFO - Best GNN AUC: 0.7659924485063468
2026-04-03 11:49:56,858 - __main__ - INFO - 
============================================================
2026-04-03 11:49:56,858 - __main__ - INFO - Running experiment: MLP predictor (no policy)
2026-04-03 11:49:56,858 - __main__ - INFO - ============================================================
2026-04-03 11:49:56,858 - __main__ - INFO - Config: {'model': 'CARE', 'use_capn': False, 'use_mlp_label': True}
2026-04-03 11:49:56,859 - train - INFO - Using device: cuda
2026-04-03 11:49:56,860 - utils - INFO - Random seed set to 72
2026-04-03 11:49:56,860 - utils - INFO - Loading cached labels/features from yelp_labels.npy, yelp_features.npy
2026-04-03 11:50:01,199 - utils - INFO - Loaded yelp dataset: 45954 nodes, 32 features
2026-04-03 11:50:01,227 - train - INFO - Split: train=11488, val=6893, test=27573
2026-04-03 11:50:01,249 - train - INFO - Model: CARE, Inter-AGG: GNN, emb_size: 64
2026-04-03 11:50:01,251 - train - INFO - Using MLP label predictor (hidden=16)
2026-04-03 11:50:06,041 - train - INFO - Epoch: 0, loss: 2.0781, lr: 0.010000, time: 4.78s
2026-04-03 11:50:38,759 - utils - INFO - GNN F1: 0.4644, Acc: 0.8544, Recall: 0.5015, AUC: 0.6939, AP: 0.2793
2026-04-03 11:50:38,760 - utils - INFO - Label F1: 0.4608, Acc: 0.8547, Recall: 0.5000, AUC: 0.6259, AP: 0.2226
2026-04-03 11:50:47,510 - utils - INFO - GNN F1: 0.4676, Acc: 0.8555, Recall: 0.5030, AUC: 0.6943, AP: 0.2896
2026-04-03 11:50:47,511 - utils - INFO - Label F1: 0.4609, Acc: 0.8551, Recall: 0.5000, AUC: 0.6113, AP: 0.2220
2026-04-03 11:50:47,511 - train - INFO - Validation AUC: 0.6943
2026-04-03 11:50:47,522 - utils - INFO - Checkpoint saved to checkpoints\best_CARE_yelp.pt
2026-04-03 11:50:47,522 - train - INFO - New best model saved (AUC: 0.6943)
2026-04-03 11:50:52,031 - train - INFO - Epoch: 1, loss: 2.0754, lr: 0.010000, time: 4.50s
2026-04-03 11:50:53,293 - layers - INFO - RL update - scores: ['0.0067', '0.0171', '0.0183'], rewards: [-1, -1, -1], thresholds: ['0.4800', '0.4800', '0.4800']
2026-04-03 11:50:56,636 - train - INFO - Epoch: 2, loss: 2.0659, lr: 0.010000, time: 4.60s
2026-04-03 11:50:58,132 - layers - INFO - RL update - scores: ['0.0062', '0.0140', '0.0148'], rewards: [1, 1, 1], thresholds: ['0.5000', '0.5000', '0.5000']
2026-04-03 11:51:01,806 - train - INFO - Epoch: 3, loss: 2.0569, lr: 0.010000, time: 5.16s
2026-04-03 11:51:35,259 - utils - INFO - GNN F1: 0.5972, Acc: 0.7173, Recall: 0.6653, AUC: 0.7309, AP: 0.3291
2026-04-03 11:51:35,260 - utils - INFO - Label F1: 0.1863, Acc: 0.1937, Recall: 0.5243, AUC: 0.7087, AP: 0.2932
2026-04-03 11:51:43,957 - utils - INFO - GNN F1: 0.6016, Acc: 0.7224, Recall: 0.6684, AUC: 0.7311, AP: 0.3296
2026-04-03 11:51:43,958 - utils - INFO - Label F1: 0.1877, Acc: 0.1948, Recall: 0.5256, AUC: 0.7089, AP: 0.2991
2026-04-03 11:51:43,958 - train - INFO - Validation AUC: 0.7311
2026-04-03 11:51:43,968 - utils - INFO - Checkpoint saved to checkpoints\best_CARE_yelp.pt
2026-04-03 11:51:43,968 - train - INFO - New best model saved (AUC: 0.7311)
2026-04-03 11:51:45,237 - layers - INFO - RL update - scores: ['0.0042', '0.0114', '0.0119'], rewards: [1, 1, 1], thresholds: ['0.5200', '0.5200', '0.5200']
2026-04-03 11:51:48,144 - train - INFO - Epoch: 4, loss: 2.0468, lr: 0.010000, time: 4.17s
2026-04-03 11:51:49,298 - layers - INFO - RL update - scores: ['0.0046', '0.0122', '0.0124'], rewards: [-1, -1, -1], thresholds: ['0.5000', '0.5000', '0.5000']
2026-04-03 11:51:52,473 - train - INFO - Epoch: 5, loss: 2.0316, lr: 0.010000, time: 4.32s
2026-04-03 11:51:53,763 - layers - INFO - RL update - scores: ['0.0055', '0.0140', '0.0144'], rewards: [-1, -1, -1], thresholds: ['0.4800', '0.4800', '0.4800']
2026-04-03 11:51:56,590 - train - INFO - Epoch: 6, loss: 2.0175, lr: 0.010000, time: 4.11s
2026-04-03 11:52:31,014 - utils - INFO - GNN F1: 0.5441, Acc: 0.6168, Recall: 0.6722, AUC: 0.7397, AP: 0.3385
2026-04-03 11:52:31,015 - utils - INFO - Label F1: 0.4932, Acc: 0.5400, Recall: 0.6543, AUC: 0.7251, AP: 0.3106
2026-04-03 11:52:39,229 - utils - INFO - GNN F1: 0.5517, Acc: 0.6268, Recall: 0.6785, AUC: 0.7408, AP: 0.3400
2026-04-03 11:52:39,229 - utils - INFO - Label F1: 0.4997, Acc: 0.5489, Recall: 0.6587, AUC: 0.7274, AP: 0.3172
2026-04-03 11:52:39,230 - train - INFO - Validation AUC: 0.7408
2026-04-03 11:52:39,240 - utils - INFO - Checkpoint saved to checkpoints\best_CARE_yelp.pt
2026-04-03 11:52:39,240 - train - INFO - New best model saved (AUC: 0.7408)
2026-04-03 11:52:41,031 - layers - INFO - RL update - scores: ['0.0056', '0.0162', '0.0171'], rewards: [-1, -1, -1], thresholds: ['0.4600', '0.4600', '0.4600']
2026-04-03 11:52:43,901 - train - INFO - Epoch: 7, loss: 2.0027, lr: 0.010000, time: 4.65s
2026-04-03 11:52:45,077 - layers - INFO - RL update - scores: ['0.0073', '0.0187', '0.0197'], rewards: [-1, -1, -1], thresholds: ['0.4400', '0.4400', '0.4400']
2026-04-03 11:52:48,443 - train - INFO - Epoch: 8, loss: 1.9784, lr: 0.010000, time: 4.53s
2026-04-03 11:52:49,904 - layers - INFO - RL update - scores: ['0.0090', '0.0237', '0.0248'], rewards: [-1, -1, -1], thresholds: ['0.4200', '0.4200', '0.4200']
2026-04-03 11:52:52,826 - train - INFO - Epoch: 9, loss: 1.9586, lr: 0.010000, time: 4.37s
2026-04-03 11:53:26,062 - utils - INFO - GNN F1: 0.5755, Acc: 0.6653, Recall: 0.6837, AUC: 0.7467, AP: 0.3486
2026-04-03 11:53:26,062 - utils - INFO - Label F1: 0.5114, Acc: 0.5666, Recall: 0.6618, AUC: 0.7311, AP: 0.3184
2026-04-03 11:53:33,925 - utils - INFO - GNN F1: 0.5810, Acc: 0.6725, Recall: 0.6874, AUC: 0.7492, AP: 0.3499
2026-04-03 11:53:33,925 - utils - INFO - Label F1: 0.5160, Acc: 0.5733, Recall: 0.6640, AUC: 0.7348, AP: 0.3258
2026-04-03 11:53:33,926 - train - INFO - Validation AUC: 0.7492
2026-04-03 11:53:33,937 - utils - INFO - Checkpoint saved to checkpoints\best_CARE_yelp.pt
2026-04-03 11:53:33,937 - train - INFO - New best model saved (AUC: 0.7492)
2026-04-03 11:53:35,244 - layers - INFO - RL update - scores: ['0.0108', '0.0277', '0.0287'], rewards: [-1, -1, -1], thresholds: ['0.4000', '0.4000', '0.4000']
2026-04-03 11:53:38,611 - train - INFO - Epoch: 10, loss: 1.9412, lr: 0.010000, time: 4.66s
2026-04-03 11:53:40,234 - layers - INFO - RL update - scores: ['0.0133', '0.0360', '0.0375'], rewards: [-1, -1, -1], thresholds: ['0.3800', '0.3800', '0.3800']
2026-04-03 11:53:42,994 - train - INFO - Epoch: 11, loss: 1.9111, lr: 0.010000, time: 4.38s
2026-04-03 11:53:44,343 - layers - INFO - RL update - scores: ['0.0154', '0.0454', '0.0482'], rewards: [-1, -1, -1], thresholds: ['0.3600', '0.3600', '0.3600']
2026-04-03 11:53:47,505 - train - INFO - Epoch: 12, loss: 1.9222, lr: 0.010000, time: 4.50s
2026-04-03 11:54:21,342 - utils - INFO - GNN F1: 0.5799, Acc: 0.6699, Recall: 0.6888, AUC: 0.7528, AP: 0.3555
2026-04-03 11:54:21,343 - utils - INFO - Label F1: 0.5702, Acc: 0.6614, Recall: 0.6749, AUC: 0.7346, AP: 0.3223
2026-04-03 11:54:29,475 - utils - INFO - GNN F1: 0.5837, Acc: 0.6749, Recall: 0.6911, AUC: 0.7560, AP: 0.3586
2026-04-03 11:54:29,475 - utils - INFO - Label F1: 0.5786, Acc: 0.6712, Recall: 0.6825, AUC: 0.7386, AP: 0.3300
2026-04-03 11:54:29,476 - train - INFO - Validation AUC: 0.7560
2026-04-03 11:54:29,487 - utils - INFO - Checkpoint saved to checkpoints\best_CARE_yelp.pt
2026-04-03 11:54:29,488 - train - INFO - New best model saved (AUC: 0.7560)
2026-04-03 11:54:30,663 - layers - INFO - RL update - scores: ['0.0181', '0.0536', '0.0553'], rewards: [-1, -1, -1], thresholds: ['0.3400', '0.3400', '0.3400']
2026-04-03 11:54:33,571 - train - INFO - Epoch: 13, loss: 1.8886, lr: 0.010000, time: 4.08s
2026-04-03 11:54:35,414 - layers - INFO - RL update - scores: ['0.0236', '0.0618', '0.0656'], rewards: [-1, -1, -1], thresholds: ['0.3200', '0.3200', '0.3200']
2026-04-03 11:54:38,456 - train - INFO - Epoch: 14, loss: 1.8631, lr: 0.010000, time: 4.88s
2026-04-03 11:54:39,679 - layers - INFO - RL update - scores: ['0.0229', '0.0694', '0.0733'], rewards: [1, -1, -1], thresholds: ['0.3400', '0.3000', '0.3000']
2026-04-03 11:54:42,687 - train - INFO - Epoch: 15, loss: 1.8641, lr: 0.010000, time: 4.22s
2026-04-03 11:55:16,866 - utils - INFO - GNN F1: 0.5325, Acc: 0.5930, Recall: 0.6811, AUC: 0.7592, AP: 0.3663
2026-04-03 11:55:16,867 - utils - INFO - Label F1: 0.5146, Acc: 0.5695, Recall: 0.6676, AUC: 0.7405, AP: 0.3298
2026-04-03 11:55:25,604 - utils - INFO - GNN F1: 0.5387, Acc: 0.6014, Recall: 0.6852, AUC: 0.7639, AP: 0.3714
2026-04-03 11:55:25,604 - utils - INFO - Label F1: 0.5220, Acc: 0.5785, Recall: 0.6748, AUC: 0.7446, AP: 0.3382
2026-04-03 11:55:25,605 - train - INFO - Validation AUC: 0.7639
2026-04-03 11:55:25,617 - utils - INFO - Checkpoint saved to checkpoints\best_CARE_yelp.pt
2026-04-03 11:55:25,617 - train - INFO - New best model saved (AUC: 0.7639)
2026-04-03 11:55:26,791 - layers - INFO - RL update - scores: ['0.0329', '0.0764', '0.0826'], rewards: [-1, -1, -1], thresholds: ['0.3200', '0.2800', '0.2800']
2026-04-03 11:55:29,862 - train - INFO - Epoch: 16, loss: 1.8589, lr: 0.010000, time: 4.24s
2026-04-03 11:55:31,026 - layers - INFO - RL update - scores: ['0.0311', '0.0828', '0.0883'], rewards: [1, -1, -1], thresholds: ['0.3400', '0.2600', '0.2600']
2026-04-03 11:55:34,725 - train - INFO - Epoch: 17, loss: 1.8227, lr: 0.010000, time: 4.85s
2026-04-03 11:55:35,969 - layers - INFO - RL update - scores: ['0.0392', '0.0830', '0.0900'], rewards: [-1, -1, -1], thresholds: ['0.3200', '0.2400', '0.2400']
2026-04-03 11:55:39,009 - train - INFO - Epoch: 18, loss: 1.8196, lr: 0.010000, time: 4.28s
2026-04-03 11:56:11,641 - utils - INFO - GNN F1: 0.6096, Acc: 0.7151, Recall: 0.6983, AUC: 0.7608, AP: 0.3644
2026-04-03 11:56:11,641 - utils - INFO - Label F1: 0.6175, Acc: 0.7443, Recall: 0.6769, AUC: 0.7463, AP: 0.3370
2026-04-03 11:56:19,736 - utils - INFO - GNN F1: 0.6113, Acc: 0.7171, Recall: 0.6995, AUC: 0.7662, AP: 0.3713
2026-04-03 11:56:19,736 - utils - INFO - Label F1: 0.6183, Acc: 0.7455, Recall: 0.6770, AUC: 0.7506, AP: 0.3460
2026-04-03 11:56:19,736 - train - INFO - Validation AUC: 0.7662
2026-04-03 11:56:19,746 - utils - INFO - Checkpoint saved to checkpoints\best_CARE_yelp.pt
2026-04-03 11:56:19,746 - train - INFO - New best model saved (AUC: 0.7662)
2026-04-03 11:56:20,903 - layers - INFO - RL update - scores: ['0.0343', '0.0860', '0.0921'], rewards: [1, -1, -1], thresholds: ['0.3400', '0.2200', '0.2200']
2026-04-03 11:56:23,903 - train - INFO - Epoch: 19, loss: 1.8215, lr: 0.010000, time: 4.15s
2026-04-03 11:56:25,132 - layers - INFO - RL update - scores: ['0.0484', '0.0835', '0.0928'], rewards: [-1, 1, -1], thresholds: ['0.3200', '0.2400', '0.2000']
2026-04-03 11:56:28,626 - train - INFO - Epoch: 20, loss: 1.8161, lr: 0.010000, time: 4.72s
2026-04-03 11:56:29,843 - layers - INFO - RL update - scores: ['0.0395', '0.0910', '0.0865'], rewards: [1, -1, 1], thresholds: ['0.3400', '0.2200', '0.2200']
2026-04-03 11:56:32,844 - train - INFO - Epoch: 21, loss: 1.7879, lr: 0.010000, time: 4.21s
2026-04-03 11:57:05,678 - utils - INFO - GNN F1: 0.5580, Acc: 0.6298, Recall: 0.6935, AUC: 0.7644, AP: 0.3730
2026-04-03 11:57:05,678 - utils - INFO - Label F1: 0.5101, Acc: 0.5599, Recall: 0.6733, AUC: 0.7519, AP: 0.3443
2026-04-03 11:57:13,843 - utils - INFO - GNN F1: 0.5615, Acc: 0.6355, Recall: 0.6937, AUC: 0.7687, AP: 0.3764
2026-04-03 11:57:13,844 - utils - INFO - Label F1: 0.5173, Acc: 0.5693, Recall: 0.6785, AUC: 0.7554, AP: 0.3527
2026-04-03 11:57:13,844 - train - INFO - Validation AUC: 0.7687
2026-04-03 11:57:13,855 - utils - INFO - Checkpoint saved to checkpoints\best_CARE_yelp.pt
2026-04-03 11:57:13,855 - train - INFO - New best model saved (AUC: 0.7687)
2026-04-03 11:57:15,482 - layers - INFO - RL update - scores: ['0.0525', '0.0931', '0.0995'], rewards: [-1, -1, -1], thresholds: ['0.3200', '0.2000', '0.2000']
2026-04-03 11:57:18,190 - train - INFO - Epoch: 22, loss: 1.8059, lr: 0.010000, time: 4.33s
2026-04-03 11:57:19,442 - layers - INFO - RL update - scores: ['0.0412', '0.0873', '0.0957'], rewards: [1, 1, 1], thresholds: ['0.3400', '0.2200', '0.2200']
2026-04-03 11:57:22,397 - train - INFO - Epoch: 23, loss: 1.7982, lr: 0.010000, time: 4.20s
2026-04-03 11:57:23,550 - layers - INFO - RL update - scores: ['0.0548', '0.1008', '0.1086'], rewards: [-1, -1, -1], thresholds: ['0.3200', '0.2000', '0.2000']
2026-04-03 11:57:26,661 - train - INFO - Epoch: 24, loss: 1.8076, lr: 0.010000, time: 4.26s
2026-04-03 11:57:59,060 - utils - INFO - GNN F1: 0.6247, Acc: 0.7425, Recall: 0.6955, AUC: 0.7636, AP: 0.3677
2026-04-03 11:57:59,061 - utils - INFO - Label F1: 0.5906, Acc: 0.6864, Recall: 0.6922, AUC: 0.7548, AP: 0.3472
2026-04-03 11:58:07,322 - utils - INFO - GNN F1: 0.6247, Acc: 0.7419, Recall: 0.6961, AUC: 0.7681, AP: 0.3723
2026-04-03 11:58:07,323 - utils - INFO - Label F1: 0.5952, Acc: 0.6915, Recall: 0.6963, AUC: 0.7580, AP: 0.3557
2026-04-03 11:58:07,323 - train - INFO - Validation AUC: 0.7681
2026-04-03 11:58:08,572 - layers - INFO - RL update - scores: ['0.0447', '0.0868', '0.0986'], rewards: [1, 1, 1], thresholds: ['0.3400', '0.2200', '0.2200']
2026-04-03 11:58:11,302 - train - INFO - Epoch: 25, loss: 1.7750, lr: 0.010000, time: 3.97s
2026-04-03 11:58:12,743 - layers - INFO - RL update - scores: ['0.0499', '0.0985', '0.1097'], rewards: [-1, -1, -1], thresholds: ['0.3200', '0.2000', '0.2000']
2026-04-03 11:58:15,380 - train - INFO - Epoch: 26, loss: 1.8012, lr: 0.010000, time: 4.07s
2026-04-03 11:58:16,598 - layers - INFO - RL update - scores: ['0.0481', '0.0939', '0.1044'], rewards: [1, 1, 1], thresholds: ['0.3400', '0.2200', '0.2200']
2026-04-03 11:58:20,184 - train - INFO - Epoch: 27, loss: 1.7682, lr: 0.010000, time: 4.80s
2026-04-03 11:58:52,022 - utils - INFO - GNN F1: 0.6086, Acc: 0.7106, Recall: 0.7023, AUC: 0.7659, AP: 0.3766
2026-04-03 11:58:52,023 - utils - INFO - Label F1: 0.6212, Acc: 0.7426, Recall: 0.6875, AUC: 0.7568, AP: 0.3506
2026-04-03 11:59:00,154 - utils - INFO - GNN F1: 0.6077, Acc: 0.7104, Recall: 0.7001, AUC: 0.7704, AP: 0.3787
2026-04-03 11:59:00,154 - utils - INFO - Label F1: 0.6198, Acc: 0.7406, Recall: 0.6867, AUC: 0.7603, AP: 0.3590
2026-04-03 11:59:00,155 - train - INFO - Validation AUC: 0.7704
2026-04-03 11:59:00,165 - utils - INFO - Checkpoint saved to checkpoints\best_CARE_yelp.pt
2026-04-03 11:59:00,165 - train - INFO - New best model saved (AUC: 0.7704)
2026-04-03 11:59:01,364 - layers - INFO - RL update - scores: ['0.0490', '0.1021', '0.1107'], rewards: [-1, -1, -1], thresholds: ['0.3200', '0.2000', '0.2000']
2026-04-03 11:59:04,257 - train - INFO - Epoch: 28, loss: 1.7798, lr: 0.010000, time: 4.08s
2026-04-03 11:59:05,402 - layers - INFO - RL update - scores: ['0.0509', '0.1030', '0.1143'], rewards: [-1, -1, -1], thresholds: ['0.3000', '0.1800', '0.1800']
2026-04-03 11:59:08,076 - train - INFO - Epoch: 29, loss: 1.8092, lr: 0.010000, time: 3.81s
2026-04-03 11:59:09,194 - layers - INFO - RL update - scores: ['0.0480', '0.0926', '0.1038'], rewards: [1, 1, 1], thresholds: ['0.3200', '0.2000', '0.2000']
2026-04-03 11:59:12,137 - train - INFO - Epoch: 30, loss: 1.7501, lr: 0.010000, time: 4.06s
2026-04-03 11:59:44,035 - utils - INFO - GNN F1: 0.5850, Acc: 0.6732, Recall: 0.6977, AUC: 0.7646, AP: 0.3713
2026-04-03 11:59:44,035 - utils - INFO - Label F1: 0.5840, Acc: 0.6740, Recall: 0.6935, AUC: 0.7579, AP: 0.3540
2026-04-03 11:59:51,682 - utils - INFO - GNN F1: 0.5857, Acc: 0.6748, Recall: 0.6972, AUC: 0.7693, AP: 0.3761
2026-04-03 11:59:51,682 - utils - INFO - Label F1: 0.5870, Acc: 0.6772, Recall: 0.6967, AUC: 0.7619, AP: 0.3622
2026-04-03 11:59:51,683 - train - INFO - Validation AUC: 0.7693
2026-04-03 11:59:51,683 - train - INFO - Training complete.
2026-04-03 11:59:52,109 - __main__ - INFO - Experiment MLP predictor (no policy) completed in 595.2s
2026-04-03 11:59:52,110 - __main__ - INFO - Best GNN AUC: 0.765935600354719
2026-04-03 11:59:52,110 - __main__ - INFO - 
============================================================
2026-04-03 11:59:52,110 - __main__ - INFO - Running experiment: MLP predictor + policy (CAPN)
2026-04-03 11:59:52,110 - __main__ - INFO - ============================================================
2026-04-03 11:59:52,111 - __main__ - INFO - Config: {'model': 'CARE', 'use_capn': True}
2026-04-03 11:59:52,111 - train - INFO - Using device: cuda
2026-04-03 11:59:52,112 - utils - INFO - Random seed set to 72
2026-04-03 11:59:52,112 - utils - INFO - Loading cached labels/features from yelp_labels.npy, yelp_features.npy
2026-04-03 11:59:56,766 - utils - INFO - Loaded yelp dataset: 45954 nodes, 32 features
2026-04-03 11:59:56,796 - train - INFO - Split: train=11488, val=6893, test=27573
2026-04-03 11:59:56,819 - train - INFO - Model: CARE, Inter-AGG: GNN, emb_size: 64
2026-04-03 11:59:56,820 - train - INFO - Using MLP label predictor (hidden=16)
2026-04-03 11:59:56,834 - train - INFO - Policy network state_dim=37
2026-04-03 11:59:56,834 - train - INFO - CAPN mode enabled: policy_hidden=64, policy_lr=0.001, lambda_policy=0.1
2026-04-03 11:59:56,836 - train - INFO - Dual optimizer: GNN params=3618, Policy params=4710
2026-04-03 12:00:16,900 - train - INFO - Epoch: 0, loss: 2.0797, lr: 0.010000, time: 20.05s
2026-04-03 12:03:04,374 - utils - INFO - GNN F1: 0.5785, Acc: 0.8305, Recall: 0.5679, AUC: 0.6744, AP: 0.2753
2026-04-03 12:03:04,374 - utils - INFO - Label F1: 0.4608, Acc: 0.8547, Recall: 0.5000, AUC: 0.6259, AP: 0.2226
2026-04-03 12:03:46,481 - utils - INFO - GNN F1: 0.5698, Acc: 0.8309, Recall: 0.5605, AUC: 0.6659, AP: 0.2688
2026-04-03 12:03:46,481 - utils - INFO - Label F1: 0.4609, Acc: 0.8551, Recall: 0.5000, AUC: 0.6113, AP: 0.2220
2026-04-03 12:03:46,482 - train - INFO - Validation AUC: 0.6659
2026-04-03 12:03:46,495 - utils - INFO - Checkpoint saved to checkpoints\best_CARE_yelp.pt
2026-04-03 12:03:46,495 - train - INFO - New best model saved (AUC: 0.6659)
2026-04-03 12:04:00,529 - train - INFO - Epoch: 1, loss: 2.0759, lr: 0.010000, time: 14.02s
2026-04-03 12:04:13,222 - train - INFO - Epoch: 2, loss: 2.0674, lr: 0.010000, time: 12.68s
2026-04-03 12:04:27,345 - train - INFO - Epoch: 3, loss: 2.0596, lr: 0.010000, time: 14.11s
2026-04-03 12:05:37,724 - utils - INFO - GNN F1: 0.6102, Acc: 0.7515, Recall: 0.6542, AUC: 0.7271, AP: 0.3278
2026-04-03 12:05:37,724 - utils - INFO - Label F1: 0.1863, Acc: 0.1937, Recall: 0.5243, AUC: 0.7087, AP: 0.2932
2026-04-03 12:05:55,306 - utils - INFO - GNN F1: 0.6153, Acc: 0.7564, Recall: 0.6582, AUC: 0.7260, AP: 0.3236
2026-04-03 12:05:55,307 - utils - INFO - Label F1: 0.1877, Acc: 0.1948, Recall: 0.5256, AUC: 0.7089, AP: 0.2991
2026-04-03 12:05:55,307 - train - INFO - Validation AUC: 0.7260
2026-04-03 12:05:55,318 - utils - INFO - Checkpoint saved to checkpoints\best_CARE_yelp.pt
2026-04-03 12:05:55,319 - train - INFO - New best model saved (AUC: 0.7260)
2026-04-03 12:06:07,229 - train - INFO - Epoch: 4, loss: 2.0507, lr: 0.010000, time: 11.89s
2026-04-03 12:06:18,929 - train - INFO - Epoch: 5, loss: 2.0377, lr: 0.010000, time: 11.68s
2026-04-03 12:06:30,821 - train - INFO - Epoch: 6, loss: 2.0237, lr: 0.010000, time: 11.88s
2026-04-03 12:07:39,834 - utils - INFO - GNN F1: 0.5565, Acc: 0.6371, Recall: 0.6749, AUC: 0.7403, AP: 0.3429
2026-04-03 12:07:39,835 - utils - INFO - Label F1: 0.4932, Acc: 0.5400, Recall: 0.6543, AUC: 0.7251, AP: 0.3106
2026-04-03 12:07:57,893 - utils - INFO - GNN F1: 0.5611, Acc: 0.6426, Recall: 0.6795, AUC: 0.7408, AP: 0.3423
2026-04-03 12:07:57,893 - utils - INFO - Label F1: 0.4997, Acc: 0.5489, Recall: 0.6587, AUC: 0.7274, AP: 0.3172
2026-04-03 12:07:57,894 - train - INFO - Validation AUC: 0.7408
2026-04-03 12:07:57,905 - utils - INFO - Checkpoint saved to checkpoints\best_CARE_yelp.pt
2026-04-03 12:07:57,905 - train - INFO - New best model saved (AUC: 0.7408)
2026-04-03 12:08:08,326 - train - INFO - Epoch: 7, loss: 2.0107, lr: 0.010000, time: 10.41s
2026-04-03 12:08:19,404 - train - INFO - Epoch: 8, loss: 1.9854, lr: 0.010000, time: 11.06s
2026-04-03 12:08:29,152 - train - INFO - Epoch: 9, loss: 1.9646, lr: 0.010000, time: 9.74s
2026-04-03 12:09:38,527 - utils - INFO - GNN F1: 0.5913, Acc: 0.6936, Recall: 0.6828, AUC: 0.7489, AP: 0.3555
2026-04-03 12:09:38,527 - utils - INFO - Label F1: 0.5114, Acc: 0.5666, Recall: 0.6618, AUC: 0.7311, AP: 0.3184
2026-04-03 12:09:56,283 - utils - INFO - GNN F1: 0.5947, Acc: 0.6970, Recall: 0.6864, AUC: 0.7504, AP: 0.3558
2026-04-03 12:09:56,283 - utils - INFO - Label F1: 0.5160, Acc: 0.5733, Recall: 0.6640, AUC: 0.7348, AP: 0.3258
2026-04-03 12:09:56,284 - train - INFO - Validation AUC: 0.7504
2026-04-03 12:09:56,294 - utils - INFO - Checkpoint saved to checkpoints\best_CARE_yelp.pt
2026-04-03 12:09:56,294 - train - INFO - New best model saved (AUC: 0.7504)
2026-04-03 12:10:05,786 - train - INFO - Epoch: 10, loss: 1.9424, lr: 0.010000, time: 9.49s
2026-04-03 12:10:15,945 - train - INFO - Epoch: 11, loss: 1.9135, lr: 0.010000, time: 10.15s
2026-04-03 12:10:25,134 - train - INFO - Epoch: 12, loss: 1.9209, lr: 0.010000, time: 9.18s
2026-04-03 12:11:34,698 - utils - INFO - GNN F1: 0.5779, Acc: 0.6654, Recall: 0.6905, AUC: 0.7559, AP: 0.3676
2026-04-03 12:11:34,698 - utils - INFO - Label F1: 0.5702, Acc: 0.6614, Recall: 0.6749, AUC: 0.7346, AP: 0.3223
2026-04-03 12:11:52,853 - utils - INFO - GNN F1: 0.5822, Acc: 0.6715, Recall: 0.6925, AUC: 0.7586, AP: 0.3683
2026-04-03 12:11:52,853 - utils - INFO - Label F1: 0.5786, Acc: 0.6712, Recall: 0.6825, AUC: 0.7386, AP: 0.3300
2026-04-03 12:11:52,854 - train - INFO - Validation AUC: 0.7586
2026-04-03 12:11:52,866 - utils - INFO - Checkpoint saved to checkpoints\best_CARE_yelp.pt
2026-04-03 12:11:52,866 - train - INFO - New best model saved (AUC: 0.7586)
2026-04-03 12:12:02,220 - train - INFO - Epoch: 13, loss: 1.8863, lr: 0.010000, time: 9.35s
2026-04-03 12:12:12,225 - train - INFO - Epoch: 14, loss: 1.8605, lr: 0.010000, time: 10.00s
2026-04-03 12:12:21,274 - train - INFO - Epoch: 15, loss: 1.8594, lr: 0.010000, time: 9.04s
2026-04-03 12:13:30,346 - utils - INFO - GNN F1: 0.5524, Acc: 0.6226, Recall: 0.6887, AUC: 0.7634, AP: 0.3819
2026-04-03 12:13:30,347 - utils - INFO - Label F1: 0.5146, Acc: 0.5695, Recall: 0.6676, AUC: 0.7405, AP: 0.3298
2026-04-03 12:13:48,371 - utils - INFO - GNN F1: 0.5604, Acc: 0.6335, Recall: 0.6939, AUC: 0.7670, AP: 0.3851
2026-04-03 12:13:48,372 - utils - INFO - Label F1: 0.5220, Acc: 0.5785, Recall: 0.6748, AUC: 0.7446, AP: 0.3382
2026-04-03 12:13:48,372 - train - INFO - Validation AUC: 0.7670
2026-04-03 12:13:48,383 - utils - INFO - Checkpoint saved to checkpoints\best_CARE_yelp.pt
2026-04-03 12:13:48,383 - train - INFO - New best model saved (AUC: 0.7670)
2026-04-03 12:13:57,398 - train - INFO - Epoch: 16, loss: 1.8545, lr: 0.010000, time: 9.01s
2026-04-03 12:14:06,960 - train - INFO - Epoch: 17, loss: 1.8133, lr: 0.010000, time: 9.55s
2026-04-03 12:14:15,601 - train - INFO - Epoch: 18, loss: 1.8213, lr: 0.010000, time: 8.64s
2026-04-03 12:15:24,875 - utils - INFO - GNN F1: 0.5972, Acc: 0.6928, Recall: 0.7000, AUC: 0.7676, AP: 0.3892
2026-04-03 12:15:24,875 - utils - INFO - Label F1: 0.6175, Acc: 0.7443, Recall: 0.6769, AUC: 0.7463, AP: 0.3370
2026-04-03 12:15:42,540 - utils - INFO - GNN F1: 0.5990, Acc: 0.6947, Recall: 0.7016, AUC: 0.7720, AP: 0.3926
2026-04-03 12:15:42,540 - utils - INFO - Label F1: 0.6183, Acc: 0.7455, Recall: 0.6770, AUC: 0.7506, AP: 0.3460
2026-04-03 12:15:42,541 - train - INFO - Validation AUC: 0.7720
2026-04-03 12:15:42,553 - utils - INFO - Checkpoint saved to checkpoints\best_CARE_yelp.pt
2026-04-03 12:15:42,553 - train - INFO - New best model saved (AUC: 0.7720)
2026-04-03 12:15:51,261 - train - INFO - Epoch: 19, loss: 1.8201, lr: 0.010000, time: 8.70s
2026-04-03 12:16:00,678 - train - INFO - Epoch: 20, loss: 1.8142, lr: 0.010000, time: 9.41s
2026-04-03 12:16:09,349 - train - INFO - Epoch: 21, loss: 1.7798, lr: 0.010000, time: 8.67s
2026-04-03 12:17:17,369 - utils - INFO - GNN F1: 0.5366, Acc: 0.5969, Recall: 0.6876, AUC: 0.7694, AP: 0.3925
2026-04-03 12:17:17,370 - utils - INFO - Label F1: 0.5101, Acc: 0.5599, Recall: 0.6733, AUC: 0.7519, AP: 0.3443
2026-04-03 12:17:34,684 - utils - INFO - GNN F1: 0.5424, Acc: 0.6046, Recall: 0.6916, AUC: 0.7729, AP: 0.3933
2026-04-03 12:17:34,685 - utils - INFO - Label F1: 0.5173, Acc: 0.5693, Recall: 0.6785, AUC: 0.7554, AP: 0.3527
2026-04-03 12:17:34,685 - train - INFO - Validation AUC: 0.7729
2026-04-03 12:17:34,697 - utils - INFO - Checkpoint saved to checkpoints\best_CARE_yelp.pt
2026-04-03 12:17:34,697 - train - INFO - New best model saved (AUC: 0.7729)
2026-04-03 12:17:43,550 - train - INFO - Epoch: 22, loss: 1.8055, lr: 0.010000, time: 8.85s
2026-04-03 12:17:51,830 - train - INFO - Epoch: 23, loss: 1.7940, lr: 0.010000, time: 8.28s
2026-04-03 12:18:01,184 - train - INFO - Epoch: 24, loss: 1.8060, lr: 0.010000, time: 9.35s
2026-04-03 12:19:09,807 - utils - INFO - GNN F1: 0.6354, Acc: 0.7609, Recall: 0.6948, AUC: 0.7714, AP: 0.3952
2026-04-03 12:19:09,808 - utils - INFO - Label F1: 0.5906, Acc: 0.6864, Recall: 0.6921, AUC: 0.7548, AP: 0.3472
2026-04-03 12:19:26,913 - utils - INFO - GNN F1: 0.6345, Acc: 0.7595, Recall: 0.6946, AUC: 0.7743, AP: 0.3942
2026-04-03 12:19:26,913 - utils - INFO - Label F1: 0.5952, Acc: 0.6915, Recall: 0.6963, AUC: 0.7580, AP: 0.3557
2026-04-03 12:19:26,914 - train - INFO - Validation AUC: 0.7743
2026-04-03 12:19:26,926 - utils - INFO - Checkpoint saved to checkpoints\best_CARE_yelp.pt
2026-04-03 12:19:26,927 - train - INFO - New best model saved (AUC: 0.7743)
2026-04-03 12:19:35,447 - train - INFO - Epoch: 25, loss: 1.7718, lr: 0.010000, time: 8.52s
2026-04-03 12:19:44,104 - train - INFO - Epoch: 26, loss: 1.7958, lr: 0.010000, time: 8.65s
2026-04-03 12:19:53,338 - train - INFO - Epoch: 27, loss: 1.7655, lr: 0.010000, time: 9.23s
2026-04-03 12:21:02,209 - utils - INFO - GNN F1: 0.6035, Acc: 0.7010, Recall: 0.7040, AUC: 0.7719, AP: 0.3972
2026-04-03 12:21:02,209 - utils - INFO - Label F1: 0.6212, Acc: 0.7425, Recall: 0.6875, AUC: 0.7568, AP: 0.3506
2026-04-03 12:21:19,748 - utils - INFO - GNN F1: 0.6023, Acc: 0.6995, Recall: 0.7028, AUC: 0.7751, AP: 0.3963
2026-04-03 12:21:19,748 - utils - INFO - Label F1: 0.6198, Acc: 0.7406, Recall: 0.6867, AUC: 0.7603, AP: 0.3590
2026-04-03 12:21:19,749 - train - INFO - Validation AUC: 0.7751
2026-04-03 12:21:19,761 - utils - INFO - Checkpoint saved to checkpoints\best_CARE_yelp.pt
2026-04-03 12:21:19,761 - train - INFO - New best model saved (AUC: 0.7751)
2026-04-03 12:21:28,525 - train - INFO - Epoch: 28, loss: 1.7746, lr: 0.010000, time: 8.76s
2026-04-03 12:21:37,010 - train - INFO - Epoch: 29, loss: 1.8043, lr: 0.010000, time: 8.48s
2026-04-03 12:21:45,280 - train - INFO - Epoch: 30, loss: 1.7446, lr: 0.010000, time: 8.27s
2026-04-03 12:22:53,919 - utils - INFO - GNN F1: 0.5858, Acc: 0.6727, Recall: 0.7011, AUC: 0.7727, AP: 0.3997
2026-04-03 12:22:53,919 - utils - INFO - Label F1: 0.5843, Acc: 0.6745, Recall: 0.6936, AUC: 0.7579, AP: 0.3540
2026-04-03 12:23:10,889 - utils - INFO - GNN F1: 0.5859, Acc: 0.6740, Recall: 0.6993, AUC: 0.7759, AP: 0.3979
2026-04-03 12:23:10,890 - utils - INFO - Label F1: 0.5867, Acc: 0.6771, Recall: 0.6961, AUC: 0.7619, AP: 0.3622
2026-04-03 12:23:10,890 - train - INFO - Validation AUC: 0.7759
2026-04-03 12:23:10,901 - utils - INFO - Checkpoint saved to checkpoints\best_CARE_yelp.pt
2026-04-03 12:23:10,902 - train - INFO - New best model saved (AUC: 0.7759)
2026-04-03 12:23:10,902 - train - INFO - Training complete.
2026-04-03 12:23:11,035 - __main__ - INFO - Experiment MLP predictor + policy (CAPN) completed in 1398.9s
2026-04-03 12:23:11,035 - __main__ - INFO - Best GNN AUC: 0.7727142896212815
2026-04-03 12:23:11,037 - __main__ - INFO - Results saved to results/ablation\yelp\capn_label\ablation_results_20260403_122311.json
2026-04-03 12:23:11,827 - __main__ - INFO - 

Starting study: capn_reward
2026-04-03 12:23:11,828 - __main__ - INFO - 
============================================================
2026-04-03 12:23:11,828 - __main__ - INFO - Running experiment: Binary reward (original)
2026-04-03 12:23:11,828 - __main__ - INFO - ============================================================
2026-04-03 12:23:11,828 - __main__ - INFO - Config: {'model': 'CARE', 'use_capn': False}
2026-04-03 12:23:11,829 - train - INFO - Using device: cuda
2026-04-03 12:23:11,831 - utils - INFO - Random seed set to 72
2026-04-03 12:23:11,831 - utils - INFO - Loading cached labels/features from yelp_labels.npy, yelp_features.npy
2026-04-03 12:23:16,511 - utils - INFO - Loaded yelp dataset: 45954 nodes, 32 features
2026-04-03 12:23:16,540 - train - INFO - Split: train=11488, val=6893, test=27573
2026-04-03 12:23:16,559 - train - INFO - Model: CARE, Inter-AGG: GNN, emb_size: 64
2026-04-03 12:23:20,967 - train - INFO - Epoch: 0, loss: 2.0766, lr: 0.010000, time: 4.40s
2026-04-03 12:23:53,585 - utils - INFO - GNN F1: 0.5886, Acc: 0.8457, Recall: 0.5739, AUC: 0.7029, AP: 0.3143
2026-04-03 12:23:53,586 - utils - INFO - Label F1: 0.4643, Acc: 0.8534, Recall: 0.5009, AUC: 0.5740, AP: 0.1835
2026-04-03 12:24:01,733 - utils - INFO - GNN F1: 0.5910, Acc: 0.8469, Recall: 0.5758, AUC: 0.7176, AP: 0.3294
2026-04-03 12:24:01,733 - utils - INFO - Label F1: 0.4613, Acc: 0.8536, Recall: 0.4995, AUC: 0.5919, AP: 0.1891
2026-04-03 12:24:01,734 - train - INFO - Validation AUC: 0.7176
2026-04-03 12:24:01,743 - utils - INFO - Checkpoint saved to checkpoints\best_CARE_yelp.pt
2026-04-03 12:24:01,743 - train - INFO - New best model saved (AUC: 0.7176)
2026-04-03 12:24:05,928 - train - INFO - Epoch: 1, loss: 2.0661, lr: 0.010000, time: 4.18s
2026-04-03 12:24:07,144 - layers - INFO - RL update - scores: ['0.0014', '0.0040', '0.0043'], rewards: [-1, -1, -1], thresholds: ['0.4800', '0.4800', '0.4800']
2026-04-03 12:24:10,649 - train - INFO - Epoch: 2, loss: 2.0588, lr: 0.010000, time: 4.72s
2026-04-03 12:24:11,874 - layers - INFO - RL update - scores: ['0.0017', '0.0048', '0.0051'], rewards: [-1, -1, -1], thresholds: ['0.4600', '0.4600', '0.4600']
2026-04-03 12:24:15,475 - train - INFO - Epoch: 3, loss: 2.0509, lr: 0.010000, time: 4.82s
2026-04-03 12:24:48,667 - utils - INFO - GNN F1: 0.6083, Acc: 0.7484, Recall: 0.6536, AUC: 0.7243, AP: 0.3252
2026-04-03 12:24:48,667 - utils - INFO - Label F1: 0.4566, Acc: 0.4925, Recall: 0.6258, AUC: 0.6896, AP: 0.2694
2026-04-03 12:24:56,778 - utils - INFO - GNN F1: 0.6122, Acc: 0.7511, Recall: 0.6578, AUC: 0.7323, AP: 0.3311
2026-04-03 12:24:56,779 - utils - INFO - Label F1: 0.4650, Acc: 0.5021, Recall: 0.6363, AUC: 0.7030, AP: 0.2777
2026-04-03 12:24:56,779 - train - INFO - Validation AUC: 0.7323
2026-04-03 12:24:56,789 - utils - INFO - Checkpoint saved to checkpoints\best_CARE_yelp.pt
2026-04-03 12:24:56,789 - train - INFO - New best model saved (AUC: 0.7323)
2026-04-03 12:24:57,988 - layers - INFO - RL update - scores: ['0.0020', '0.0057', '0.0059'], rewards: [-1, -1, -1], thresholds: ['0.4400', '0.4400', '0.4400']
2026-04-03 12:25:01,462 - train - INFO - Epoch: 4, loss: 2.0409, lr: 0.010000, time: 4.67s
2026-04-03 12:25:02,889 - layers - INFO - RL update - scores: ['0.0021', '0.0064', '0.0068'], rewards: [-1, -1, -1], thresholds: ['0.4200', '0.4200', '0.4200']
2026-04-03 12:25:06,111 - train - INFO - Epoch: 5, loss: 2.0319, lr: 0.010000, time: 4.65s
2026-04-03 12:25:07,312 - layers - INFO - RL update - scores: ['0.0025', '0.0073', '0.0076'], rewards: [-1, -1, -1], thresholds: ['0.4000', '0.4000', '0.4000']
2026-04-03 12:25:10,457 - train - INFO - Epoch: 6, loss: 2.0214, lr: 0.010000, time: 4.34s
2026-04-03 12:25:43,221 - utils - INFO - GNN F1: 0.5481, Acc: 0.6273, Recall: 0.6662, AUC: 0.7316, AP: 0.3273
2026-04-03 12:25:43,222 - utils - INFO - Label F1: 0.5886, Acc: 0.8272, Recall: 0.5785, AUC: 0.7124, AP: 0.2928
2026-04-03 12:25:51,346 - utils - INFO - GNN F1: 0.5579, Acc: 0.6385, Recall: 0.6765, AUC: 0.7361, AP: 0.3313
2026-04-03 12:25:51,346 - utils - INFO - Label F1: 0.5938, Acc: 0.8290, Recall: 0.5823, AUC: 0.7212, AP: 0.2993
2026-04-03 12:25:51,347 - train - INFO - Validation AUC: 0.7361
2026-04-03 12:25:51,356 - utils - INFO - Checkpoint saved to checkpoints\best_CARE_yelp.pt
2026-04-03 12:25:51,356 - train - INFO - New best model saved (AUC: 0.7361)
2026-04-03 12:25:52,537 - layers - INFO - RL update - scores: ['0.0028', '0.0079', '0.0084'], rewards: [-1, -1, -1], thresholds: ['0.3800', '0.3800', '0.3800']
2026-04-03 12:25:55,439 - train - INFO - Epoch: 7, loss: 2.0098, lr: 0.010000, time: 4.08s
2026-04-03 12:25:56,632 - layers - INFO - RL update - scores: ['0.0032', '0.0083', '0.0089'], rewards: [-1, -1, -1], thresholds: ['0.3600', '0.3600', '0.3600']
2026-04-03 12:25:59,437 - train - INFO - Epoch: 8, loss: 1.9974, lr: 0.010000, time: 4.00s
2026-04-03 12:26:00,925 - layers - INFO - RL update - scores: ['0.0036', '0.0089', '0.0095'], rewards: [-1, -1, -1], thresholds: ['0.3400', '0.3400', '0.3400']
2026-04-03 12:26:03,656 - train - INFO - Epoch: 9, loss: 1.9867, lr: 0.010000, time: 4.22s
2026-04-03 12:26:36,479 - utils - INFO - GNN F1: 0.5866, Acc: 0.6902, Recall: 0.6757, AUC: 0.7408, AP: 0.3369
2026-04-03 12:26:36,479 - utils - INFO - Label F1: 0.5420, Acc: 0.6193, Recall: 0.6611, AUC: 0.7196, AP: 0.3016
2026-04-03 12:26:44,819 - utils - INFO - GNN F1: 0.5935, Acc: 0.6968, Recall: 0.6838, AUC: 0.7446, AP: 0.3408
2026-04-03 12:26:44,820 - utils - INFO - Label F1: 0.5518, Acc: 0.6313, Recall: 0.6702, AUC: 0.7270, AP: 0.3074
2026-04-03 12:26:44,820 - train - INFO - Validation AUC: 0.7446
2026-04-03 12:26:44,830 - utils - INFO - Checkpoint saved to checkpoints\best_CARE_yelp.pt
2026-04-03 12:26:44,831 - train - INFO - New best model saved (AUC: 0.7446)
2026-04-03 12:26:45,963 - layers - INFO - RL update - scores: ['0.0040', '0.0092', '0.0098'], rewards: [-1, -1, -1], thresholds: ['0.3200', '0.3200', '0.3200']
2026-04-03 12:26:49,456 - train - INFO - Epoch: 10, loss: 1.9795, lr: 0.010000, time: 4.62s
2026-04-03 12:26:50,847 - layers - INFO - RL update - scores: ['0.0034', '0.0096', '0.0102'], rewards: [1, -1, -1], thresholds: ['0.3400', '0.3000', '0.3000']
2026-04-03 12:26:53,879 - train - INFO - Epoch: 11, loss: 1.9650, lr: 0.010000, time: 4.42s
2026-04-03 12:26:55,044 - layers - INFO - RL update - scores: ['0.0039', '0.0098', '0.0106'], rewards: [-1, -1, -1], thresholds: ['0.3200', '0.2800', '0.2800']
2026-04-03 12:26:58,076 - train - INFO - Epoch: 12, loss: 1.9748, lr: 0.010000, time: 4.20s
2026-04-03 12:27:31,589 - utils - INFO - GNN F1: 0.5689, Acc: 0.6524, Recall: 0.6858, AUC: 0.7490, AP: 0.3447
2026-04-03 12:27:31,590 - utils - INFO - Label F1: 0.5032, Acc: 0.5561, Recall: 0.6546, AUC: 0.7216, AP: 0.3050
2026-04-03 12:27:40,315 - utils - INFO - GNN F1: 0.5754, Acc: 0.6616, Recall: 0.6893, AUC: 0.7531, AP: 0.3508
2026-04-03 12:27:40,315 - utils - INFO - Label F1: 0.5098, Acc: 0.5645, Recall: 0.6609, AUC: 0.7284, AP: 0.3103
2026-04-03 12:27:40,316 - train - INFO - Validation AUC: 0.7531
2026-04-03 12:27:40,326 - utils - INFO - Checkpoint saved to checkpoints\best_CARE_yelp.pt
2026-04-03 12:27:40,326 - train - INFO - New best model saved (AUC: 0.7531)
2026-04-03 12:27:41,524 - layers - INFO - RL update - scores: ['0.0036', '0.0098', '0.0105'], rewards: [1, -1, 1], thresholds: ['0.3400', '0.2600', '0.3000']
2026-04-03 12:27:44,199 - train - INFO - Epoch: 13, loss: 1.9595, lr: 0.010000, time: 3.87s
2026-04-03 12:27:45,511 - layers - INFO - RL update - scores: ['0.0047', '0.0100', '0.0119'], rewards: [-1, -1, -1], thresholds: ['0.3200', '0.2400', '0.2800']
2026-04-03 12:27:48,518 - train - INFO - Epoch: 14, loss: 1.9493, lr: 0.010000, time: 4.32s
2026-04-03 12:27:49,674 - layers - INFO - RL update - scores: ['0.0042', '0.0098', '0.0124'], rewards: [1, 1, -1], thresholds: ['0.3400', '0.2600', '0.2600']
2026-04-03 12:27:53,126 - train - INFO - Epoch: 15, loss: 1.9546, lr: 0.010000, time: 4.61s
2026-04-03 12:28:24,869 - utils - INFO - GNN F1: 0.5199, Acc: 0.5736, Recall: 0.6783, AUC: 0.7587, AP: 0.3663
2026-04-03 12:28:24,869 - utils - INFO - Label F1: 0.6011, Acc: 0.7336, Recall: 0.6548, AUC: 0.7218, AP: 0.3064
2026-04-03 12:28:32,656 - utils - INFO - GNN F1: 0.5275, Acc: 0.5840, Recall: 0.6832, AUC: 0.7639, AP: 0.3728
2026-04-03 12:28:32,656 - utils - INFO - Label F1: 0.6053, Acc: 0.7375, Recall: 0.6587, AUC: 0.7286, AP: 0.3125
2026-04-03 12:28:32,657 - train - INFO - Validation AUC: 0.7639
2026-04-03 12:28:32,667 - utils - INFO - Checkpoint saved to checkpoints\best_CARE_yelp.pt
2026-04-03 12:28:32,667 - train - INFO - New best model saved (AUC: 0.7639)
2026-04-03 12:28:34,223 - layers - INFO - RL update - scores: ['0.0057', '0.0110', '0.0123'], rewards: [-1, -1, 1], thresholds: ['0.3200', '0.2400', '0.2800']
2026-04-03 12:28:37,173 - train - INFO - Epoch: 16, loss: 1.9559, lr: 0.010000, time: 4.50s
2026-04-03 12:28:38,338 - layers - INFO - RL update - scores: ['0.0053', '0.0111', '0.0137'], rewards: [1, -1, -1], thresholds: ['0.3400', '0.2200', '0.2600']
2026-04-03 12:28:41,878 - train - INFO - Epoch: 17, loss: 1.9407, lr: 0.010000, time: 4.70s
2026-04-03 12:28:43,359 - layers - INFO - RL update - scores: ['0.0058', '0.0103', '0.0133'], rewards: [-1, 1, 1], thresholds: ['0.3200', '0.2400', '0.2800']
2026-04-03 12:28:46,474 - train - INFO - Epoch: 18, loss: 1.9422, lr: 0.010000, time: 4.59s
2026-04-03 12:29:17,793 - utils - INFO - GNN F1: 0.6134, Acc: 0.7227, Recall: 0.6966, AUC: 0.7602, AP: 0.3646
2026-04-03 12:29:17,794 - utils - INFO - Label F1: 0.5896, Acc: 0.7064, Recall: 0.6614, AUC: 0.7230, AP: 0.3082
2026-04-03 12:29:25,331 - utils - INFO - GNN F1: 0.6138, Acc: 0.7233, Recall: 0.6965, AUC: 0.7657, AP: 0.3729
2026-04-03 12:29:25,332 - utils - INFO - Label F1: 0.5939, Acc: 0.7108, Recall: 0.6652, AUC: 0.7295, AP: 0.3142
2026-04-03 12:29:25,332 - train - INFO - Validation AUC: 0.7657
2026-04-03 12:29:25,343 - utils - INFO - Checkpoint saved to checkpoints\best_CARE_yelp.pt
2026-04-03 12:29:25,343 - train - INFO - New best model saved (AUC: 0.7657)
2026-04-03 12:29:26,944 - layers - INFO - RL update - scores: ['0.0053', '0.0120', '0.0149'], rewards: [1, -1, -1], thresholds: ['0.3400', '0.2200', '0.2600']
2026-04-03 12:29:29,840 - train - INFO - Epoch: 19, loss: 1.9454, lr: 0.010000, time: 4.49s
2026-04-03 12:29:31,227 - layers - INFO - RL update - scores: ['0.0069', '0.0116', '0.0148'], rewards: [-1, 1, 1], thresholds: ['0.3200', '0.2400', '0.2800']
2026-04-03 12:29:33,997 - train - INFO - Epoch: 20, loss: 1.9418, lr: 0.010000, time: 4.15s
2026-04-03 12:29:35,314 - layers - INFO - RL update - scores: ['0.0059', '0.0127', '0.0160'], rewards: [1, -1, -1], thresholds: ['0.3400', '0.2200', '0.2600']
2026-04-03 12:29:38,085 - train - INFO - Epoch: 21, loss: 1.9314, lr: 0.010000, time: 4.09s
2026-04-03 12:30:09,343 - utils - INFO - GNN F1: 0.5613, Acc: 0.6354, Recall: 0.6934, AUC: 0.7644, AP: 0.3741
2026-04-03 12:30:09,343 - utils - INFO - Label F1: 0.5376, Acc: 0.6097, Recall: 0.6646, AUC: 0.7257, AP: 0.3110
2026-04-03 12:30:16,997 - utils - INFO - GNN F1: 0.5649, Acc: 0.6409, Recall: 0.6944, AUC: 0.7687, AP: 0.3792
2026-04-03 12:30:16,997 - utils - INFO - Label F1: 0.5423, Acc: 0.6154, Recall: 0.6693, AUC: 0.7314, AP: 0.3168
2026-04-03 12:30:16,998 - train - INFO - Validation AUC: 0.7687
2026-04-03 12:30:17,008 - utils - INFO - Checkpoint saved to checkpoints\best_CARE_yelp.pt
2026-04-03 12:30:17,008 - train - INFO - New best model saved (AUC: 0.7687)
2026-04-03 12:30:18,407 - layers - INFO - RL update - scores: ['0.0073', '0.0130', '0.0166'], rewards: [-1, -1, -1], thresholds: ['0.3200', '0.2000', '0.2400']
2026-04-03 12:30:21,749 - train - INFO - Epoch: 22, loss: 1.9351, lr: 0.010000, time: 4.74s
2026-04-03 12:30:22,896 - layers - INFO - RL update - scores: ['0.0064', '0.0121', '0.0159'], rewards: [1, 1, 1], thresholds: ['0.3400', '0.2200', '0.2600']
2026-04-03 12:30:25,879 - train - INFO - Epoch: 23, loss: 1.9326, lr: 0.010000, time: 4.13s
2026-04-03 12:30:27,105 - layers - INFO - RL update - scores: ['0.0080', '0.0132', '0.0169'], rewards: [-1, -1, -1], thresholds: ['0.3200', '0.2000', '0.2400']
2026-04-03 12:30:29,849 - train - INFO - Epoch: 24, loss: 1.9385, lr: 0.010000, time: 3.97s
2026-04-03 12:31:01,689 - utils - INFO - GNN F1: 0.6261, Acc: 0.7457, Recall: 0.6946, AUC: 0.7636, AP: 0.3691
2026-04-03 12:31:01,690 - utils - INFO - Label F1: 0.4388, Acc: 0.4635, Recall: 0.6352, AUC: 0.7282, AP: 0.3134
2026-04-03 12:31:09,482 - utils - INFO - GNN F1: 0.6260, Acc: 0.7454, Recall: 0.6945, AUC: 0.7679, AP: 0.3751
2026-04-03 12:31:09,483 - utils - INFO - Label F1: 0.4472, Acc: 0.4739, Recall: 0.6422, AUC: 0.7332, AP: 0.3192
2026-04-03 12:31:09,483 - train - INFO - Validation AUC: 0.7679
2026-04-03 12:31:10,678 - layers - INFO - RL update - scores: ['0.0069', '0.0128', '0.0170'], rewards: [1, 1, -1], thresholds: ['0.3400', '0.2200', '0.2200']
2026-04-03 12:31:13,998 - train - INFO - Epoch: 25, loss: 1.9299, lr: 0.010000, time: 4.51s
2026-04-03 12:31:15,261 - layers - INFO - RL update - scores: ['0.0075', '0.0138', '0.0159'], rewards: [-1, -1, 1], thresholds: ['0.3200', '0.2000', '0.2400']
2026-04-03 12:31:18,051 - train - INFO - Epoch: 26, loss: 1.9419, lr: 0.010000, time: 4.05s
2026-04-03 12:31:19,215 - layers - INFO - RL update - scores: ['0.0072', '0.0133', '0.0169'], rewards: [1, 1, -1], thresholds: ['0.3400', '0.2200', '0.2200']
2026-04-03 12:31:21,974 - train - INFO - Epoch: 27, loss: 1.9225, lr: 0.010000, time: 3.92s
2026-04-03 12:31:53,753 - utils - INFO - GNN F1: 0.6098, Acc: 0.7132, Recall: 0.7015, AUC: 0.7660, AP: 0.3779
2026-04-03 12:31:53,754 - utils - INFO - Label F1: 0.6144, Acc: 0.7627, Recall: 0.6506, AUC: 0.7304, AP: 0.3151
2026-04-03 12:32:01,770 - utils - INFO - GNN F1: 0.6110, Acc: 0.7150, Recall: 0.7019, AUC: 0.7705, AP: 0.3819
2026-04-03 12:32:01,770 - utils - INFO - Label F1: 0.6150, Acc: 0.7648, Recall: 0.6496, AUC: 0.7347, AP: 0.3204
2026-04-03 12:32:01,771 - train - INFO - Validation AUC: 0.7705
2026-04-03 12:32:01,781 - utils - INFO - Checkpoint saved to checkpoints\best_CARE_yelp.pt
2026-04-03 12:32:01,781 - train - INFO - New best model saved (AUC: 0.7705)
2026-04-03 12:32:02,919 - layers - INFO - RL update - scores: ['0.0081', '0.0146', '0.0171'], rewards: [-1, -1, -1], thresholds: ['0.3200', '0.2000', '0.2000']
2026-04-03 12:32:05,996 - train - INFO - Epoch: 28, loss: 1.9271, lr: 0.010000, time: 4.21s
2026-04-03 12:32:07,501 - layers - INFO - RL update - scores: ['0.0079', '0.0139', '0.0157'], rewards: [1, 1, 1], thresholds: ['0.3400', '0.2200', '0.2200']
2026-04-03 12:32:10,719 - train - INFO - Epoch: 29, loss: 1.9353, lr: 0.010000, time: 4.72s
2026-04-03 12:32:11,852 - layers - INFO - RL update - scores: ['0.0087', '0.0151', '0.0171'], rewards: [-1, -1, -1], thresholds: ['0.3200', '0.2000', '0.2000']
2026-04-03 12:32:14,519 - train - INFO - Epoch: 30, loss: 1.9148, lr: 0.010000, time: 3.80s
2026-04-03 12:32:45,853 - utils - INFO - GNN F1: 0.5830, Acc: 0.6701, Recall: 0.6974, AUC: 0.7646, AP: 0.3725
2026-04-03 12:32:45,854 - utils - INFO - Label F1: 0.5498, Acc: 0.6269, Recall: 0.6720, AUC: 0.7325, AP: 0.3173
2026-04-03 12:32:53,655 - utils - INFO - GNN F1: 0.5855, Acc: 0.6736, Recall: 0.6987, AUC: 0.7693, AP: 0.3778
2026-04-03 12:32:53,655 - utils - INFO - Label F1: 0.5580, Acc: 0.6363, Recall: 0.6809, AUC: 0.7362, AP: 0.3224
2026-04-03 12:32:53,656 - train - INFO - Validation AUC: 0.7693
2026-04-03 12:32:53,656 - train - INFO - Training complete.
2026-04-03 12:32:53,819 - __main__ - INFO - Experiment Binary reward (original) completed in 582.0s
2026-04-03 12:32:53,819 - __main__ - INFO - Best GNN AUC: 0.7659924485063468
2026-04-03 12:32:53,820 - __main__ - INFO - 
============================================================
2026-04-03 12:32:53,820 - __main__ - INFO - Running experiment: Shaped reward (CAPN)
2026-04-03 12:32:53,820 - __main__ - INFO - ============================================================
2026-04-03 12:32:53,821 - __main__ - INFO - Config: {'model': 'CARE', 'use_capn': True}
2026-04-03 12:32:53,821 - train - INFO - Using device: cuda
2026-04-03 12:32:53,822 - utils - INFO - Random seed set to 72
2026-04-03 12:32:53,822 - utils - INFO - Loading cached labels/features from yelp_labels.npy, yelp_features.npy
2026-04-03 12:32:58,736 - utils - INFO - Loaded yelp dataset: 45954 nodes, 32 features
2026-04-03 12:32:58,765 - train - INFO - Split: train=11488, val=6893, test=27573
2026-04-03 12:32:58,788 - train - INFO - Model: CARE, Inter-AGG: GNN, emb_size: 64
2026-04-03 12:32:58,790 - train - INFO - Using MLP label predictor (hidden=16)
2026-04-03 12:32:58,803 - train - INFO - Policy network state_dim=37
2026-04-03 12:32:58,804 - train - INFO - CAPN mode enabled: policy_hidden=64, policy_lr=0.001, lambda_policy=0.1
2026-04-03 12:32:58,806 - train - INFO - Dual optimizer: GNN params=3618, Policy params=4710
2026-04-03 12:33:18,757 - train - INFO - Epoch: 0, loss: 2.0797, lr: 0.010000, time: 19.93s
2026-04-03 12:36:04,841 - utils - INFO - GNN F1: 0.5785, Acc: 0.8305, Recall: 0.5679, AUC: 0.6744, AP: 0.2753
2026-04-03 12:36:04,841 - utils - INFO - Label F1: 0.4608, Acc: 0.8547, Recall: 0.5000, AUC: 0.6259, AP: 0.2226
2026-04-03 12:36:46,701 - utils - INFO - GNN F1: 0.5698, Acc: 0.8309, Recall: 0.5605, AUC: 0.6659, AP: 0.2688
2026-04-03 12:36:46,701 - utils - INFO - Label F1: 0.4609, Acc: 0.8551, Recall: 0.5000, AUC: 0.6113, AP: 0.2220
2026-04-03 12:36:46,702 - train - INFO - Validation AUC: 0.6659
2026-04-03 12:36:46,716 - utils - INFO - Checkpoint saved to checkpoints\best_CARE_yelp.pt
2026-04-03 12:36:46,716 - train - INFO - New best model saved (AUC: 0.6659)
2026-04-03 12:37:01,945 - train - INFO - Epoch: 1, loss: 2.0759, lr: 0.010000, time: 15.21s
2026-04-03 12:37:14,756 - train - INFO - Epoch: 2, loss: 2.0674, lr: 0.010000, time: 12.79s
2026-04-03 12:37:27,350 - train - INFO - Epoch: 3, loss: 2.0596, lr: 0.010000, time: 12.58s
2026-04-03 12:38:36,188 - utils - INFO - GNN F1: 0.6102, Acc: 0.7515, Recall: 0.6542, AUC: 0.7271, AP: 0.3278
2026-04-03 12:38:36,189 - utils - INFO - Label F1: 0.1863, Acc: 0.1937, Recall: 0.5243, AUC: 0.7087, AP: 0.2932
2026-04-03 12:38:53,552 - utils - INFO - GNN F1: 0.6153, Acc: 0.7564, Recall: 0.6582, AUC: 0.7260, AP: 0.3236
2026-04-03 12:38:53,552 - utils - INFO - Label F1: 0.1877, Acc: 0.1948, Recall: 0.5256, AUC: 0.7089, AP: 0.2991
2026-04-03 12:38:53,553 - train - INFO - Validation AUC: 0.7260
2026-04-03 12:38:53,565 - utils - INFO - Checkpoint saved to checkpoints\best_CARE_yelp.pt
2026-04-03 12:38:53,565 - train - INFO - New best model saved (AUC: 0.7260)
2026-04-03 12:39:05,159 - train - INFO - Epoch: 4, loss: 2.0507, lr: 0.010000, time: 11.58s
2026-04-03 12:39:16,146 - train - INFO - Epoch: 5, loss: 2.0377, lr: 0.010000, time: 10.97s
2026-04-03 12:39:27,564 - train - INFO - Epoch: 6, loss: 2.0237, lr: 0.010000, time: 11.41s
2026-04-03 12:40:36,018 - utils - INFO - GNN F1: 0.5565, Acc: 0.6371, Recall: 0.6749, AUC: 0.7403, AP: 0.3429
2026-04-03 12:40:36,019 - utils - INFO - Label F1: 0.4932, Acc: 0.5400, Recall: 0.6543, AUC: 0.7251, AP: 0.3106
2026-04-03 12:40:53,307 - utils - INFO - GNN F1: 0.5611, Acc: 0.6426, Recall: 0.6795, AUC: 0.7408, AP: 0.3423
2026-04-03 12:40:53,307 - utils - INFO - Label F1: 0.4997, Acc: 0.5489, Recall: 0.6587, AUC: 0.7274, AP: 0.3172
2026-04-03 12:40:53,308 - train - INFO - Validation AUC: 0.7408
2026-04-03 12:40:53,319 - utils - INFO - Checkpoint saved to checkpoints\best_CARE_yelp.pt
2026-04-03 12:40:53,320 - train - INFO - New best model saved (AUC: 0.7408)
2026-04-03 12:41:03,412 - train - INFO - Epoch: 7, loss: 2.0107, lr: 0.010000, time: 10.08s
2026-04-03 12:41:12,901 - train - INFO - Epoch: 8, loss: 1.9854, lr: 0.010000, time: 9.48s
2026-04-03 12:41:23,764 - train - INFO - Epoch: 9, loss: 1.9646, lr: 0.010000, time: 10.85s
2026-04-03 12:42:32,870 - utils - INFO - GNN F1: 0.5913, Acc: 0.6936, Recall: 0.6828, AUC: 0.7489, AP: 0.3555
2026-04-03 12:42:32,871 - utils - INFO - Label F1: 0.5114, Acc: 0.5666, Recall: 0.6618, AUC: 0.7311, AP: 0.3184
2026-04-03 12:42:50,422 - utils - INFO - GNN F1: 0.5947, Acc: 0.6970, Recall: 0.6864, AUC: 0.7504, AP: 0.3558
2026-04-03 12:42:50,423 - utils - INFO - Label F1: 0.5160, Acc: 0.5733, Recall: 0.6640, AUC: 0.7348, AP: 0.3258
2026-04-03 12:42:50,423 - train - INFO - Validation AUC: 0.7504
2026-04-03 12:42:50,434 - utils - INFO - Checkpoint saved to checkpoints\best_CARE_yelp.pt
2026-04-03 12:42:50,434 - train - INFO - New best model saved (AUC: 0.7504)
2026-04-03 12:42:59,725 - train - INFO - Epoch: 10, loss: 1.9424, lr: 0.010000, time: 9.29s
2026-04-03 12:43:10,066 - train - INFO - Epoch: 11, loss: 1.9135, lr: 0.010000, time: 10.33s
2026-04-03 12:43:19,241 - train - INFO - Epoch: 12, loss: 1.9209, lr: 0.010000, time: 9.17s
2026-04-03 12:44:29,046 - utils - INFO - GNN F1: 0.5779, Acc: 0.6654, Recall: 0.6905, AUC: 0.7559, AP: 0.3676
2026-04-03 12:44:29,047 - utils - INFO - Label F1: 0.5702, Acc: 0.6614, Recall: 0.6749, AUC: 0.7346, AP: 0.3223
2026-04-03 12:44:46,446 - utils - INFO - GNN F1: 0.5822, Acc: 0.6715, Recall: 0.6925, AUC: 0.7586, AP: 0.3683
2026-04-03 12:44:46,447 - utils - INFO - Label F1: 0.5786, Acc: 0.6712, Recall: 0.6825, AUC: 0.7386, AP: 0.3300
2026-04-03 12:44:46,447 - train - INFO - Validation AUC: 0.7586
2026-04-03 12:44:46,459 - utils - INFO - Checkpoint saved to checkpoints\best_CARE_yelp.pt
2026-04-03 12:44:46,459 - train - INFO - New best model saved (AUC: 0.7586)
2026-04-03 12:44:55,967 - train - INFO - Epoch: 13, loss: 1.8863, lr: 0.010000, time: 9.50s
2026-04-03 12:45:05,974 - train - INFO - Epoch: 14, loss: 1.8605, lr: 0.010000, time: 10.00s
2026-04-03 12:45:14,762 - train - INFO - Epoch: 15, loss: 1.8594, lr: 0.010000, time: 8.78s
2026-04-03 12:46:23,134 - utils - INFO - GNN F1: 0.5524, Acc: 0.6226, Recall: 0.6887, AUC: 0.7634, AP: 0.3819
2026-04-03 12:46:23,134 - utils - INFO - Label F1: 0.5146, Acc: 0.5695, Recall: 0.6676, AUC: 0.7405, AP: 0.3298
2026-04-03 12:46:40,536 - utils - INFO - GNN F1: 0.5604, Acc: 0.6335, Recall: 0.6939, AUC: 0.7670, AP: 0.3851
2026-04-03 12:46:40,536 - utils - INFO - Label F1: 0.5220, Acc: 0.5785, Recall: 0.6748, AUC: 0.7446, AP: 0.3382
2026-04-03 12:46:40,537 - train - INFO - Validation AUC: 0.7670
2026-04-03 12:46:40,548 - utils - INFO - Checkpoint saved to checkpoints\best_CARE_yelp.pt
2026-04-03 12:46:40,548 - train - INFO - New best model saved (AUC: 0.7670)
2026-04-03 12:46:49,246 - train - INFO - Epoch: 16, loss: 1.8545, lr: 0.010000, time: 8.69s
2026-04-03 12:46:58,881 - train - INFO - Epoch: 17, loss: 1.8133, lr: 0.010000, time: 9.63s
2026-04-03 12:47:07,643 - train - INFO - Epoch: 18, loss: 1.8213, lr: 0.010000, time: 8.76s
2026-04-03 12:48:16,887 - utils - INFO - GNN F1: 0.5972, Acc: 0.6928, Recall: 0.7000, AUC: 0.7676, AP: 0.3892
2026-04-03 12:48:16,887 - utils - INFO - Label F1: 0.6175, Acc: 0.7443, Recall: 0.6769, AUC: 0.7463, AP: 0.3370
2026-04-03 12:48:34,371 - utils - INFO - GNN F1: 0.5990, Acc: 0.6947, Recall: 0.7016, AUC: 0.7720, AP: 0.3926
2026-04-03 12:48:34,372 - utils - INFO - Label F1: 0.6183, Acc: 0.7455, Recall: 0.6770, AUC: 0.7506, AP: 0.3460
2026-04-03 12:48:34,372 - train - INFO - Validation AUC: 0.7720
2026-04-03 12:48:34,385 - utils - INFO - Checkpoint saved to checkpoints\best_CARE_yelp.pt
2026-04-03 12:48:34,386 - train - INFO - New best model saved (AUC: 0.7720)
2026-04-03 12:48:42,958 - train - INFO - Epoch: 19, loss: 1.8201, lr: 0.010000, time: 8.57s
2026-04-03 12:48:52,630 - train - INFO - Epoch: 20, loss: 1.8142, lr: 0.010000, time: 9.67s
2026-04-03 12:49:01,404 - train - INFO - Epoch: 21, loss: 1.7798, lr: 0.010000, time: 8.77s
2026-04-03 12:50:10,263 - utils - INFO - GNN F1: 0.5366, Acc: 0.5969, Recall: 0.6876, AUC: 0.7694, AP: 0.3925
2026-04-03 12:50:10,263 - utils - INFO - Label F1: 0.5101, Acc: 0.5599, Recall: 0.6733, AUC: 0.7519, AP: 0.3443
2026-04-03 12:50:28,076 - utils - INFO - GNN F1: 0.5424, Acc: 0.6046, Recall: 0.6916, AUC: 0.7729, AP: 0.3933
2026-04-03 12:50:28,076 - utils - INFO - Label F1: 0.5173, Acc: 0.5693, Recall: 0.6785, AUC: 0.7554, AP: 0.3527
2026-04-03 12:50:28,077 - train - INFO - Validation AUC: 0.7729
2026-04-03 12:50:28,089 - utils - INFO - Checkpoint saved to checkpoints\best_CARE_yelp.pt
2026-04-03 12:50:28,090 - train - INFO - New best model saved (AUC: 0.7729)
2026-04-03 12:50:36,655 - train - INFO - Epoch: 22, loss: 1.8055, lr: 0.010000, time: 8.56s
2026-04-03 12:50:45,093 - train - INFO - Epoch: 23, loss: 1.7940, lr: 0.010000, time: 8.43s
2026-04-03 12:50:54,909 - train - INFO - Epoch: 24, loss: 1.8060, lr: 0.010000, time: 9.81s
2026-04-03 12:52:03,542 - utils - INFO - GNN F1: 0.6354, Acc: 0.7609, Recall: 0.6948, AUC: 0.7714, AP: 0.3952
2026-04-03 12:52:03,542 - utils - INFO - Label F1: 0.5906, Acc: 0.6864, Recall: 0.6921, AUC: 0.7548, AP: 0.3472
2026-04-03 12:52:21,445 - utils - INFO - GNN F1: 0.6345, Acc: 0.7595, Recall: 0.6946, AUC: 0.7743, AP: 0.3942
2026-04-03 12:52:21,445 - utils - INFO - Label F1: 0.5952, Acc: 0.6915, Recall: 0.6963, AUC: 0.7580, AP: 0.3557
2026-04-03 12:52:21,446 - train - INFO - Validation AUC: 0.7743
2026-04-03 12:52:21,457 - utils - INFO - Checkpoint saved to checkpoints\best_CARE_yelp.pt
2026-04-03 12:52:21,458 - train - INFO - New best model saved (AUC: 0.7743)
2026-04-03 12:52:30,175 - train - INFO - Epoch: 25, loss: 1.7718, lr: 0.010000, time: 8.71s
2026-04-03 12:52:38,475 - train - INFO - Epoch: 26, loss: 1.7958, lr: 0.010000, time: 8.30s
2026-04-03 12:52:47,986 - train - INFO - Epoch: 27, loss: 1.7655, lr: 0.010000, time: 9.51s
2026-04-03 12:53:56,420 - utils - INFO - GNN F1: 0.6035, Acc: 0.7010, Recall: 0.7040, AUC: 0.7719, AP: 0.3972
2026-04-03 12:53:56,421 - utils - INFO - Label F1: 0.6212, Acc: 0.7425, Recall: 0.6875, AUC: 0.7568, AP: 0.3506
2026-04-03 12:54:14,165 - utils - INFO - GNN F1: 0.6023, Acc: 0.6995, Recall: 0.7028, AUC: 0.7751, AP: 0.3963
2026-04-03 12:54:14,165 - utils - INFO - Label F1: 0.6198, Acc: 0.7406, Recall: 0.6867, AUC: 0.7603, AP: 0.3590
2026-04-03 12:54:14,166 - train - INFO - Validation AUC: 0.7751
2026-04-03 12:54:14,177 - utils - INFO - Checkpoint saved to checkpoints\best_CARE_yelp.pt
2026-04-03 12:54:14,177 - train - INFO - New best model saved (AUC: 0.7751)
2026-04-03 12:54:22,942 - train - INFO - Epoch: 28, loss: 1.7746, lr: 0.010000, time: 8.76s
2026-04-03 12:54:31,406 - train - INFO - Epoch: 29, loss: 1.8043, lr: 0.010000, time: 8.46s
2026-04-03 12:54:40,165 - train - INFO - Epoch: 30, loss: 1.7446, lr: 0.010000, time: 8.75s
2026-04-03 12:55:49,023 - utils - INFO - GNN F1: 0.5858, Acc: 0.6727, Recall: 0.7011, AUC: 0.7727, AP: 0.3997
2026-04-03 12:55:49,023 - utils - INFO - Label F1: 0.5843, Acc: 0.6745, Recall: 0.6936, AUC: 0.7579, AP: 0.3540
2026-04-03 12:56:06,391 - utils - INFO - GNN F1: 0.5859, Acc: 0.6740, Recall: 0.6993, AUC: 0.7759, AP: 0.3979
2026-04-03 12:56:06,391 - utils - INFO - Label F1: 0.5867, Acc: 0.6771, Recall: 0.6961, AUC: 0.7619, AP: 0.3622
2026-04-03 12:56:06,392 - train - INFO - Validation AUC: 0.7759
2026-04-03 12:56:06,402 - utils - INFO - Checkpoint saved to checkpoints\best_CARE_yelp.pt
2026-04-03 12:56:06,402 - train - INFO - New best model saved (AUC: 0.7759)
2026-04-03 12:56:06,403 - train - INFO - Training complete.
2026-04-03 12:56:06,516 - __main__ - INFO - Experiment Shaped reward (CAPN) completed in 1392.7s
2026-04-03 12:56:06,517 - __main__ - INFO - Best GNN AUC: 0.7727142896212815
2026-04-03 12:56:06,517 - __main__ - INFO - 
============================================================
2026-04-03 12:56:06,517 - __main__ - INFO - Running experiment: Shaped (dist only)
2026-04-03 12:56:06,517 - __main__ - INFO - ============================================================
2026-04-03 12:56:06,518 - __main__ - INFO - Config: {'model': 'CARE', 'use_capn': True, 'reward_w1': 1.0, 'reward_w2': 0.0, 'reward_w3': 0.0}
2026-04-03 12:56:06,518 - train - INFO - Using device: cuda
2026-04-03 12:56:06,519 - utils - INFO - Random seed set to 72
2026-04-03 12:56:06,519 - utils - INFO - Loading cached labels/features from yelp_labels.npy, yelp_features.npy
2026-04-03 12:56:11,490 - utils - INFO - Loaded yelp dataset: 45954 nodes, 32 features
2026-04-03 12:56:11,517 - train - INFO - Split: train=11488, val=6893, test=27573
2026-04-03 12:56:11,540 - train - INFO - Model: CARE, Inter-AGG: GNN, emb_size: 64
2026-04-03 12:56:11,541 - train - INFO - Using MLP label predictor (hidden=16)
2026-04-03 12:56:11,562 - train - INFO - Policy network state_dim=37
2026-04-03 12:56:11,562 - train - INFO - CAPN mode enabled: policy_hidden=64, policy_lr=0.001, lambda_policy=0.1
2026-04-03 12:56:11,564 - train - INFO - Dual optimizer: GNN params=3618, Policy params=4710
2026-04-03 12:56:32,079 - train - INFO - Epoch: 0, loss: 2.0796, lr: 0.010000, time: 20.50s
2026-04-03 12:59:17,439 - utils - INFO - GNN F1: 0.5776, Acc: 0.8318, Recall: 0.5669, AUC: 0.6745, AP: 0.2752
2026-04-03 12:59:17,440 - utils - INFO - Label F1: 0.4608, Acc: 0.8547, Recall: 0.5000, AUC: 0.6259, AP: 0.2226
2026-04-03 12:59:59,565 - utils - INFO - GNN F1: 0.5688, Acc: 0.8308, Recall: 0.5596, AUC: 0.6658, AP: 0.2688
2026-04-03 12:59:59,566 - utils - INFO - Label F1: 0.4609, Acc: 0.8551, Recall: 0.5000, AUC: 0.6113, AP: 0.2220
2026-04-03 12:59:59,567 - train - INFO - Validation AUC: 0.6658
2026-04-03 12:59:59,584 - utils - INFO - Checkpoint saved to checkpoints\best_CARE_yelp.pt
2026-04-03 12:59:59,584 - train - INFO - New best model saved (AUC: 0.6658)
2026-04-03 13:00:15,055 - train - INFO - Epoch: 1, loss: 2.0759, lr: 0.010000, time: 15.45s
2026-04-03 13:00:27,866 - train - INFO - Epoch: 2, loss: 2.0673, lr: 0.010000, time: 12.80s
2026-04-03 13:00:40,089 - train - INFO - Epoch: 3, loss: 2.0593, lr: 0.010000, time: 12.21s
2026-04-03 13:01:50,114 - utils - INFO - GNN F1: 0.6116, Acc: 0.7563, Recall: 0.6517, AUC: 0.7268, AP: 0.3265
2026-04-03 13:01:50,114 - utils - INFO - Label F1: 0.1863, Acc: 0.1937, Recall: 0.5243, AUC: 0.7087, AP: 0.2932
2026-04-03 13:02:07,011 - utils - INFO - GNN F1: 0.6138, Acc: 0.7582, Recall: 0.6537, AUC: 0.7254, AP: 0.3221
2026-04-03 13:02:07,011 - utils - INFO - Label F1: 0.1877, Acc: 0.1948, Recall: 0.5256, AUC: 0.7089, AP: 0.2991
2026-04-03 13:02:07,012 - train - INFO - Validation AUC: 0.7254
2026-04-03 13:02:07,024 - utils - INFO - Checkpoint saved to checkpoints\best_CARE_yelp.pt
2026-04-03 13:02:07,024 - train - INFO - New best model saved (AUC: 0.7254)
2026-04-03 13:02:19,554 - train - INFO - Epoch: 4, loss: 2.0508, lr: 0.010000, time: 12.51s
2026-04-03 13:02:30,786 - train - INFO - Epoch: 5, loss: 2.0368, lr: 0.010000, time: 11.22s
2026-04-03 13:02:41,182 - train - INFO - Epoch: 6, loss: 2.0238, lr: 0.010000, time: 10.39s
2026-04-03 13:03:50,284 - utils - INFO - GNN F1: 0.5537, Acc: 0.6328, Recall: 0.6740, AUC: 0.7397, AP: 0.3416
2026-04-03 13:03:50,285 - utils - INFO - Label F1: 0.4932, Acc: 0.5400, Recall: 0.6543, AUC: 0.7251, AP: 0.3106
2026-04-03 13:04:07,439 - utils - INFO - GNN F1: 0.5592, Acc: 0.6396, Recall: 0.6790, AUC: 0.7401, AP: 0.3410
2026-04-03 13:04:07,439 - utils - INFO - Label F1: 0.4997, Acc: 0.5489, Recall: 0.6587, AUC: 0.7274, AP: 0.3172
2026-04-03 13:04:07,440 - train - INFO - Validation AUC: 0.7401
2026-04-03 13:04:07,451 - utils - INFO - Checkpoint saved to checkpoints\best_CARE_yelp.pt
2026-04-03 13:04:07,451 - train - INFO - New best model saved (AUC: 0.7401)
2026-04-03 13:04:17,955 - train - INFO - Epoch: 7, loss: 2.0099, lr: 0.010000, time: 10.50s
2026-04-03 13:04:29,430 - train - INFO - Epoch: 8, loss: 1.9854, lr: 0.010000, time: 11.46s
2026-04-03 13:04:38,906 - train - INFO - Epoch: 9, loss: 1.9649, lr: 0.010000, time: 9.47s
2026-04-03 13:05:47,672 - utils - INFO - GNN F1: 0.5921, Acc: 0.6952, Recall: 0.6826, AUC: 0.7485, AP: 0.3547
2026-04-03 13:05:47,672 - utils - INFO - Label F1: 0.5114, Acc: 0.5666, Recall: 0.6618, AUC: 0.7311, AP: 0.3184
2026-04-03 13:06:05,459 - utils - INFO - GNN F1: 0.5970, Acc: 0.6998, Recall: 0.6881, AUC: 0.7500, AP: 0.3551
2026-04-03 13:06:05,459 - utils - INFO - Label F1: 0.5160, Acc: 0.5733, Recall: 0.6640, AUC: 0.7348, AP: 0.3258
2026-04-03 13:06:05,460 - train - INFO - Validation AUC: 0.7500
2026-04-03 13:06:05,472 - utils - INFO - Checkpoint saved to checkpoints\best_CARE_yelp.pt
2026-04-03 13:06:05,472 - train - INFO - New best model saved (AUC: 0.7500)
2026-04-03 13:06:14,824 - train - INFO - Epoch: 10, loss: 1.9436, lr: 0.010000, time: 9.35s
2026-04-03 13:06:25,203 - train - INFO - Epoch: 11, loss: 1.9135, lr: 0.010000, time: 10.37s
2026-04-03 13:06:34,067 - train - INFO - Epoch: 12, loss: 1.9208, lr: 0.010000, time: 8.86s
2026-04-03 13:07:42,335 - utils - INFO - GNN F1: 0.5781, Acc: 0.6661, Recall: 0.6901, AUC: 0.7557, AP: 0.3674
2026-04-03 13:07:42,335 - utils - INFO - Label F1: 0.5702, Acc: 0.6614, Recall: 0.6749, AUC: 0.7346, AP: 0.3223
2026-04-03 13:08:00,015 - utils - INFO - GNN F1: 0.5834, Acc: 0.6727, Recall: 0.6938, AUC: 0.7585, AP: 0.3686
2026-04-03 13:08:00,015 - utils - INFO - Label F1: 0.5786, Acc: 0.6712, Recall: 0.6825, AUC: 0.7386, AP: 0.3300
2026-04-03 13:08:00,016 - train - INFO - Validation AUC: 0.7585
2026-04-03 13:08:00,028 - utils - INFO - Checkpoint saved to checkpoints\best_CARE_yelp.pt
2026-04-03 13:08:00,028 - train - INFO - New best model saved (AUC: 0.7585)
2026-04-03 13:08:09,084 - train - INFO - Epoch: 13, loss: 1.8882, lr: 0.010000, time: 9.05s
2026-04-03 13:08:17,728 - train - INFO - Epoch: 14, loss: 1.8589, lr: 0.010000, time: 8.64s
2026-04-03 13:08:27,547 - train - INFO - Epoch: 15, loss: 1.8615, lr: 0.010000, time: 9.81s
2026-04-03 13:09:35,983 - utils - INFO - GNN F1: 0.5538, Acc: 0.6248, Recall: 0.6889, AUC: 0.7633, AP: 0.3821
2026-04-03 13:09:35,983 - utils - INFO - Label F1: 0.5146, Acc: 0.5695, Recall: 0.6676, AUC: 0.7405, AP: 0.3298
2026-04-03 13:09:53,358 - utils - INFO - GNN F1: 0.5600, Acc: 0.6340, Recall: 0.6918, AUC: 0.7667, AP: 0.3855
2026-04-03 13:09:53,358 - utils - INFO - Label F1: 0.5220, Acc: 0.5785, Recall: 0.6748, AUC: 0.7446, AP: 0.3382
2026-04-03 13:09:53,359 - train - INFO - Validation AUC: 0.7667
2026-04-03 13:09:53,371 - utils - INFO - Checkpoint saved to checkpoints\best_CARE_yelp.pt
2026-04-03 13:09:53,371 - train - INFO - New best model saved (AUC: 0.7667)
2026-04-03 13:10:03,387 - train - INFO - Epoch: 16, loss: 1.8534, lr: 0.010000, time: 10.01s
2026-04-03 13:10:12,010 - train - INFO - Epoch: 17, loss: 1.8130, lr: 0.010000, time: 8.62s
2026-04-03 13:10:21,007 - train - INFO - Epoch: 18, loss: 1.8214, lr: 0.010000, time: 8.99s
2026-04-03 13:11:29,269 - utils - INFO - GNN F1: 0.5973, Acc: 0.6929, Recall: 0.7000, AUC: 0.7674, AP: 0.3891
2026-04-03 13:11:29,270 - utils - INFO - Label F1: 0.6175, Acc: 0.7443, Recall: 0.6769, AUC: 0.7463, AP: 0.3370
2026-04-03 13:11:46,818 - utils - INFO - GNN F1: 0.5990, Acc: 0.6947, Recall: 0.7018, AUC: 0.7719, AP: 0.3928
2026-04-03 13:11:46,818 - utils - INFO - Label F1: 0.6183, Acc: 0.7455, Recall: 0.6770, AUC: 0.7506, AP: 0.3460
2026-04-03 13:11:46,819 - train - INFO - Validation AUC: 0.7719
2026-04-03 13:11:46,831 - utils - INFO - Checkpoint saved to checkpoints\best_CARE_yelp.pt
2026-04-03 13:11:46,831 - train - INFO - New best model saved (AUC: 0.7719)
2026-04-03 13:11:55,363 - train - INFO - Epoch: 19, loss: 1.8209, lr: 0.010000, time: 8.53s
2026-04-03 13:12:04,877 - train - INFO - Epoch: 20, loss: 1.8146, lr: 0.010000, time: 9.51s
2026-04-03 13:12:13,590 - train - INFO - Epoch: 21, loss: 1.7827, lr: 0.010000, time: 8.71s
2026-04-03 13:13:22,476 - utils - INFO - GNN F1: 0.5333, Acc: 0.5921, Recall: 0.6861, AUC: 0.7693, AP: 0.3921
2026-04-03 13:13:22,476 - utils - INFO - Label F1: 0.5101, Acc: 0.5599, Recall: 0.6733, AUC: 0.7519, AP: 0.3443
2026-04-03 13:13:40,185 - utils - INFO - GNN F1: 0.5387, Acc: 0.5994, Recall: 0.6897, AUC: 0.7727, AP: 0.3933
2026-04-03 13:13:40,186 - utils - INFO - Label F1: 0.5173, Acc: 0.5693, Recall: 0.6785, AUC: 0.7554, AP: 0.3527
2026-04-03 13:13:40,186 - train - INFO - Validation AUC: 0.7727
2026-04-03 13:13:40,197 - utils - INFO - Checkpoint saved to checkpoints\best_CARE_yelp.pt
2026-04-03 13:13:40,197 - train - INFO - New best model saved (AUC: 0.7727)
2026-04-03 13:13:48,939 - train - INFO - Epoch: 22, loss: 1.8060, lr: 0.010000, time: 8.74s
2026-04-03 13:13:57,265 - train - INFO - Epoch: 23, loss: 1.7947, lr: 0.010000, time: 8.32s
2026-04-03 13:14:05,977 - train - INFO - Epoch: 24, loss: 1.8064, lr: 0.010000, time: 8.71s
2026-04-03 13:15:14,475 - utils - INFO - GNN F1: 0.6347, Acc: 0.7590, Recall: 0.6958, AUC: 0.7710, AP: 0.3944
2026-04-03 13:15:14,475 - utils - INFO - Label F1: 0.5906, Acc: 0.6864, Recall: 0.6922, AUC: 0.7548, AP: 0.3472
2026-04-03 13:15:31,264 - utils - INFO - GNN F1: 0.6348, Acc: 0.7579, Recall: 0.6974, AUC: 0.7742, AP: 0.3941
2026-04-03 13:15:31,264 - utils - INFO - Label F1: 0.5952, Acc: 0.6915, Recall: 0.6963, AUC: 0.7580, AP: 0.3557
2026-04-03 13:15:31,265 - train - INFO - Validation AUC: 0.7742
2026-04-03 13:15:31,277 - utils - INFO - Checkpoint saved to checkpoints\best_CARE_yelp.pt
2026-04-03 13:15:31,277 - train - INFO - New best model saved (AUC: 0.7742)
2026-04-03 13:15:41,156 - train - INFO - Epoch: 25, loss: 1.7729, lr: 0.010000, time: 9.87s
2026-04-03 13:15:50,133 - train - INFO - Epoch: 26, loss: 1.7963, lr: 0.010000, time: 8.97s
2026-04-03 13:15:58,453 - train - INFO - Epoch: 27, loss: 1.7647, lr: 0.010000, time: 8.32s
2026-04-03 13:17:07,128 - utils - INFO - GNN F1: 0.6028, Acc: 0.7000, Recall: 0.7035, AUC: 0.7714, AP: 0.3961
2026-04-03 13:17:07,128 - utils - INFO - Label F1: 0.6211, Acc: 0.7424, Recall: 0.6875, AUC: 0.7568, AP: 0.3506
2026-04-03 13:17:24,651 - utils - INFO - GNN F1: 0.6025, Acc: 0.6998, Recall: 0.7032, AUC: 0.7747, AP: 0.3954
2026-04-03 13:17:24,651 - utils - INFO - Label F1: 0.6198, Acc: 0.7406, Recall: 0.6867, AUC: 0.7603, AP: 0.3590
2026-04-03 13:17:24,652 - train - INFO - Validation AUC: 0.7747
2026-04-03 13:17:24,663 - utils - INFO - Checkpoint saved to checkpoints\best_CARE_yelp.pt
2026-04-03 13:17:24,663 - train - INFO - New best model saved (AUC: 0.7747)
2026-04-03 13:17:33,197 - train - INFO - Epoch: 28, loss: 1.7752, lr: 0.010000, time: 8.53s
2026-04-03 13:17:41,785 - train - INFO - Epoch: 29, loss: 1.8017, lr: 0.010000, time: 8.59s
2026-04-03 13:17:51,352 - train - INFO - Epoch: 30, loss: 1.7435, lr: 0.010000, time: 9.56s
2026-04-03 13:19:00,853 - utils - INFO - GNN F1: 0.5874, Acc: 0.6753, Recall: 0.7014, AUC: 0.7722, AP: 0.3985
2026-04-03 13:19:00,853 - utils - INFO - Label F1: 0.5838, Acc: 0.6737, Recall: 0.6934, AUC: 0.7579, AP: 0.3540
2026-04-03 13:19:17,604 - utils - INFO - GNN F1: 0.5869, Acc: 0.6759, Recall: 0.6986, AUC: 0.7754, AP: 0.3972
2026-04-03 13:19:17,605 - utils - INFO - Label F1: 0.5874, Acc: 0.6773, Recall: 0.6976, AUC: 0.7619, AP: 0.3622
2026-04-03 13:19:17,605 - train - INFO - Validation AUC: 0.7754
2026-04-03 13:19:17,616 - utils - INFO - Checkpoint saved to checkpoints\best_CARE_yelp.pt
2026-04-03 13:19:17,616 - train - INFO - New best model saved (AUC: 0.7754)
2026-04-03 13:19:17,616 - train - INFO - Training complete.
2026-04-03 13:19:18,209 - __main__ - INFO - Experiment Shaped (dist only) completed in 1391.7s
2026-04-03 13:19:18,210 - __main__ - INFO - Best GNN AUC: 0.7722090962931848
2026-04-03 13:19:18,210 - __main__ - INFO - 
============================================================
2026-04-03 13:19:18,210 - __main__ - INFO - Running experiment: Shaped (acc only)
2026-04-03 13:19:18,210 - __main__ - INFO - ============================================================
2026-04-03 13:19:18,211 - __main__ - INFO - Config: {'model': 'CARE', 'use_capn': True, 'reward_w1': 0.0, 'reward_w2': 1.0, 'reward_w3': 0.0}
2026-04-03 13:19:18,211 - train - INFO - Using device: cuda
2026-04-03 13:19:18,212 - utils - INFO - Random seed set to 72
2026-04-03 13:19:18,212 - utils - INFO - Loading cached labels/features from yelp_labels.npy, yelp_features.npy
2026-04-03 13:19:23,001 - utils - INFO - Loaded yelp dataset: 45954 nodes, 32 features
2026-04-03 13:19:23,030 - train - INFO - Split: train=11488, val=6893, test=27573
2026-04-03 13:19:23,049 - train - INFO - Model: CARE, Inter-AGG: GNN, emb_size: 64
2026-04-03 13:19:23,050 - train - INFO - Using MLP label predictor (hidden=16)
2026-04-03 13:19:23,062 - train - INFO - Policy network state_dim=37
2026-04-03 13:19:23,062 - train - INFO - CAPN mode enabled: policy_hidden=64, policy_lr=0.001, lambda_policy=0.1
2026-04-03 13:19:23,064 - train - INFO - Dual optimizer: GNN params=3618, Policy params=4710
2026-04-03 13:19:43,607 - train - INFO - Epoch: 0, loss: 2.0794, lr: 0.010000, time: 20.53s
2026-04-03 13:22:31,280 - utils - INFO - GNN F1: 0.5776, Acc: 0.8318, Recall: 0.5669, AUC: 0.6746, AP: 0.2752
2026-04-03 13:22:31,280 - utils - INFO - Label F1: 0.4608, Acc: 0.8547, Recall: 0.5000, AUC: 0.6259, AP: 0.2226
2026-04-03 13:23:14,441 - utils - INFO - GNN F1: 0.5694, Acc: 0.8310, Recall: 0.5601, AUC: 0.6658, AP: 0.2688
2026-04-03 13:23:14,441 - utils - INFO - Label F1: 0.4609, Acc: 0.8551, Recall: 0.5000, AUC: 0.6113, AP: 0.2220
2026-04-03 13:23:14,442 - train - INFO - Validation AUC: 0.6658
2026-04-03 13:23:14,455 - utils - INFO - Checkpoint saved to checkpoints\best_CARE_yelp.pt
2026-04-03 13:23:14,456 - train - INFO - New best model saved (AUC: 0.6658)
2026-04-03 13:23:29,661 - train - INFO - Epoch: 1, loss: 2.0757, lr: 0.010000, time: 15.19s
2026-04-03 13:23:42,023 - train - INFO - Epoch: 2, loss: 2.0671, lr: 0.010000, time: 12.35s
2026-04-03 13:23:53,879 - train - INFO - Epoch: 3, loss: 2.0588, lr: 0.010000, time: 11.84s
2026-04-03 13:25:03,066 - utils - INFO - GNN F1: 0.6104, Acc: 0.7538, Recall: 0.6521, AUC: 0.7264, AP: 0.3269
2026-04-03 13:25:03,066 - utils - INFO - Label F1: 0.1863, Acc: 0.1937, Recall: 0.5243, AUC: 0.7087, AP: 0.2932
2026-04-03 13:25:19,982 - utils - INFO - GNN F1: 0.6144, Acc: 0.7575, Recall: 0.6555, AUC: 0.7253, AP: 0.3225
2026-04-03 13:25:19,982 - utils - INFO - Label F1: 0.1877, Acc: 0.1948, Recall: 0.5256, AUC: 0.7089, AP: 0.2991
2026-04-03 13:25:19,982 - train - INFO - Validation AUC: 0.7253
2026-04-03 13:25:19,994 - utils - INFO - Checkpoint saved to checkpoints\best_CARE_yelp.pt
2026-04-03 13:25:19,994 - train - INFO - New best model saved (AUC: 0.7253)
2026-04-03 13:25:32,284 - train - INFO - Epoch: 4, loss: 2.0500, lr: 0.010000, time: 12.27s
2026-04-03 13:25:43,638 - train - INFO - Epoch: 5, loss: 2.0370, lr: 0.010000, time: 11.34s
2026-04-03 13:25:54,281 - train - INFO - Epoch: 6, loss: 2.0232, lr: 0.010000, time: 10.63s
2026-04-03 13:27:02,570 - utils - INFO - GNN F1: 0.5542, Acc: 0.6332, Recall: 0.6746, AUC: 0.7396, AP: 0.3415
2026-04-03 13:27:02,570 - utils - INFO - Label F1: 0.4932, Acc: 0.5400, Recall: 0.6543, AUC: 0.7251, AP: 0.3106
2026-04-03 13:27:20,114 - utils - INFO - GNN F1: 0.5586, Acc: 0.6392, Recall: 0.6778, AUC: 0.7400, AP: 0.3408
2026-04-03 13:27:20,115 - utils - INFO - Label F1: 0.4997, Acc: 0.5489, Recall: 0.6587, AUC: 0.7274, AP: 0.3172
2026-04-03 13:27:20,116 - train - INFO - Validation AUC: 0.7400
2026-04-03 13:27:20,126 - utils - INFO - Checkpoint saved to checkpoints\best_CARE_yelp.pt
2026-04-03 13:27:20,126 - train - INFO - New best model saved (AUC: 0.7400)
2026-04-03 13:27:30,872 - train - INFO - Epoch: 7, loss: 2.0101, lr: 0.010000, time: 10.73s
2026-04-03 13:27:41,832 - train - INFO - Epoch: 8, loss: 1.9858, lr: 0.010000, time: 10.95s
2026-04-03 13:27:51,247 - train - INFO - Epoch: 9, loss: 1.9638, lr: 0.010000, time: 9.41s
2026-04-03 13:29:00,445 - utils - INFO - GNN F1: 0.5934, Acc: 0.6976, Recall: 0.6823, AUC: 0.7485, AP: 0.3549
2026-04-03 13:29:00,445 - utils - INFO - Label F1: 0.5114, Acc: 0.5666, Recall: 0.6618, AUC: 0.7311, AP: 0.3184
2026-04-03 13:29:17,698 - utils - INFO - GNN F1: 0.5968, Acc: 0.7014, Recall: 0.6852, AUC: 0.7500, AP: 0.3554
2026-04-03 13:29:17,698 - utils - INFO - Label F1: 0.5160, Acc: 0.5733, Recall: 0.6640, AUC: 0.7348, AP: 0.3258
2026-04-03 13:29:17,699 - train - INFO - Validation AUC: 0.7500
2026-04-03 13:29:17,710 - utils - INFO - Checkpoint saved to checkpoints\best_CARE_yelp.pt
2026-04-03 13:29:17,710 - train - INFO - New best model saved (AUC: 0.7500)
2026-04-03 13:29:27,334 - train - INFO - Epoch: 10, loss: 1.9441, lr: 0.010000, time: 9.62s
2026-04-03 13:29:36,524 - train - INFO - Epoch: 11, loss: 1.9125, lr: 0.010000, time: 9.19s
2026-04-03 13:29:46,798 - train - INFO - Epoch: 12, loss: 1.9218, lr: 0.010000, time: 10.27s
2026-04-03 13:30:56,121 - utils - INFO - GNN F1: 0.5818, Acc: 0.6724, Recall: 0.6902, AUC: 0.7558, AP: 0.3678
2026-04-03 13:30:56,121 - utils - INFO - Label F1: 0.5702, Acc: 0.6614, Recall: 0.6749, AUC: 0.7346, AP: 0.3223
2026-04-03 13:31:14,040 - utils - INFO - GNN F1: 0.5852, Acc: 0.6770, Recall: 0.6920, AUC: 0.7585, AP: 0.3690
2026-04-03 13:31:14,040 - utils - INFO - Label F1: 0.5786, Acc: 0.6712, Recall: 0.6825, AUC: 0.7386, AP: 0.3300
2026-04-03 13:31:14,041 - train - INFO - Validation AUC: 0.7585
2026-04-03 13:31:14,053 - utils - INFO - Checkpoint saved to checkpoints\best_CARE_yelp.pt
2026-04-03 13:31:14,053 - train - INFO - New best model saved (AUC: 0.7585)
2026-04-03 13:31:23,085 - train - INFO - Epoch: 13, loss: 1.8866, lr: 0.010000, time: 9.03s
2026-04-03 13:31:31,857 - train - INFO - Epoch: 14, loss: 1.8586, lr: 0.010000, time: 8.77s
2026-04-03 13:31:40,465 - train - INFO - Epoch: 15, loss: 1.8589, lr: 0.010000, time: 8.60s
2026-04-03 13:32:49,607 - utils - INFO - GNN F1: 0.5579, Acc: 0.6312, Recall: 0.6901, AUC: 0.7635, AP: 0.3825
2026-04-03 13:32:49,608 - utils - INFO - Label F1: 0.5146, Acc: 0.5695, Recall: 0.6676, AUC: 0.7405, AP: 0.3298
2026-04-03 13:33:06,705 - utils - INFO - GNN F1: 0.5633, Acc: 0.6392, Recall: 0.6925, AUC: 0.7670, AP: 0.3860
2026-04-03 13:33:06,706 - utils - INFO - Label F1: 0.5220, Acc: 0.5785, Recall: 0.6748, AUC: 0.7446, AP: 0.3382
2026-04-03 13:33:06,706 - train - INFO - Validation AUC: 0.7670
2026-04-03 13:33:06,718 - utils - INFO - Checkpoint saved to checkpoints\best_CARE_yelp.pt
2026-04-03 13:33:06,719 - train - INFO - New best model saved (AUC: 0.7670)
2026-04-03 13:33:17,387 - train - INFO - Epoch: 16, loss: 1.8514, lr: 0.010000, time: 10.66s
2026-04-03 13:33:26,266 - train - INFO - Epoch: 17, loss: 1.8109, lr: 0.010000, time: 8.87s
2026-04-03 13:33:34,936 - train - INFO - Epoch: 18, loss: 1.8219, lr: 0.010000, time: 8.66s
2026-04-03 13:34:43,443 - utils - INFO - GNN F1: 0.6086, Acc: 0.7112, Recall: 0.7016, AUC: 0.7677, AP: 0.3897
2026-04-03 13:34:43,443 - utils - INFO - Label F1: 0.6175, Acc: 0.7443, Recall: 0.6769, AUC: 0.7463, AP: 0.3370
2026-04-03 13:35:01,398 - utils - INFO - GNN F1: 0.6097, Acc: 0.7130, Recall: 0.7012, AUC: 0.7722, AP: 0.3930
2026-04-03 13:35:01,399 - utils - INFO - Label F1: 0.6183, Acc: 0.7455, Recall: 0.6770, AUC: 0.7506, AP: 0.3460
2026-04-03 13:35:01,400 - train - INFO - Validation AUC: 0.7722
2026-04-03 13:35:01,411 - utils - INFO - Checkpoint saved to checkpoints\best_CARE_yelp.pt
2026-04-03 13:35:01,412 - train - INFO - New best model saved (AUC: 0.7722)
2026-04-03 13:35:10,315 - train - INFO - Epoch: 19, loss: 1.8197, lr: 0.010000, time: 8.90s
2026-04-03 13:35:19,127 - train - INFO - Epoch: 20, loss: 1.8175, lr: 0.010000, time: 8.81s
2026-04-03 13:35:28,864 - train - INFO - Epoch: 21, loss: 1.7789, lr: 0.010000, time: 9.73s
2026-04-03 13:36:37,640 - utils - INFO - GNN F1: 0.5269, Acc: 0.5828, Recall: 0.6836, AUC: 0.7695, AP: 0.3930
2026-04-03 13:36:37,640 - utils - INFO - Label F1: 0.5101, Acc: 0.5599, Recall: 0.6733, AUC: 0.7519, AP: 0.3443
2026-04-03 13:36:54,913 - utils - INFO - GNN F1: 0.5313, Acc: 0.5891, Recall: 0.6857, AUC: 0.7731, AP: 0.3941
2026-04-03 13:36:54,913 - utils - INFO - Label F1: 0.5173, Acc: 0.5693, Recall: 0.6785, AUC: 0.7554, AP: 0.3527
2026-04-03 13:36:54,914 - train - INFO - Validation AUC: 0.7731
2026-04-03 13:36:54,926 - utils - INFO - Checkpoint saved to checkpoints\best_CARE_yelp.pt
2026-04-03 13:36:54,926 - train - INFO - New best model saved (AUC: 0.7731)
2026-04-03 13:37:03,798 - train - INFO - Epoch: 22, loss: 1.8063, lr: 0.010000, time: 8.87s
2026-04-03 13:37:12,763 - train - INFO - Epoch: 23, loss: 1.7950, lr: 0.010000, time: 8.96s
2026-04-03 13:37:21,354 - train - INFO - Epoch: 24, loss: 1.8064, lr: 0.010000, time: 8.59s
2026-04-03 13:38:31,303 - utils - INFO - GNN F1: 0.6357, Acc: 0.7613, Recall: 0.6950, AUC: 0.7715, AP: 0.3951
2026-04-03 13:38:31,304 - utils - INFO - Label F1: 0.5906, Acc: 0.6864, Recall: 0.6921, AUC: 0.7548, AP: 0.3472
2026-04-03 13:38:48,326 - utils - INFO - GNN F1: 0.6342, Acc: 0.7592, Recall: 0.6943, AUC: 0.7744, AP: 0.3939
2026-04-03 13:38:48,327 - utils - INFO - Label F1: 0.5952, Acc: 0.6915, Recall: 0.6963, AUC: 0.7580, AP: 0.3557
2026-04-03 13:38:48,328 - train - INFO - Validation AUC: 0.7744
2026-04-03 13:38:48,340 - utils - INFO - Checkpoint saved to checkpoints\best_CARE_yelp.pt
2026-04-03 13:38:48,340 - train - INFO - New best model saved (AUC: 0.7744)
2026-04-03 13:38:56,846 - train - INFO - Epoch: 25, loss: 1.7720, lr: 0.010000, time: 8.50s
2026-04-03 13:39:06,917 - train - INFO - Epoch: 26, loss: 1.7962, lr: 0.010000, time: 10.07s
2026-04-03 13:39:15,499 - train - INFO - Epoch: 27, loss: 1.7619, lr: 0.010000, time: 8.58s
2026-04-03 13:40:24,427 - utils - INFO - GNN F1: 0.6024, Acc: 0.6995, Recall: 0.7034, AUC: 0.7718, AP: 0.3970
2026-04-03 13:40:24,427 - utils - INFO - Label F1: 0.6212, Acc: 0.7425, Recall: 0.6875, AUC: 0.7568, AP: 0.3506
2026-04-03 13:40:41,799 - utils - INFO - GNN F1: 0.6020, Acc: 0.6990, Recall: 0.7029, AUC: 0.7749, AP: 0.3960
2026-04-03 13:40:41,800 - utils - INFO - Label F1: 0.6198, Acc: 0.7406, Recall: 0.6867, AUC: 0.7603, AP: 0.3590
2026-04-03 13:40:41,800 - train - INFO - Validation AUC: 0.7749
2026-04-03 13:40:41,812 - utils - INFO - Checkpoint saved to checkpoints\best_CARE_yelp.pt
2026-04-03 13:40:41,812 - train - INFO - New best model saved (AUC: 0.7749)
2026-04-03 13:40:50,539 - train - INFO - Epoch: 28, loss: 1.7731, lr: 0.010000, time: 8.72s
2026-04-03 13:40:58,907 - train - INFO - Epoch: 29, loss: 1.8019, lr: 0.010000, time: 8.36s
2026-04-03 13:41:08,270 - train - INFO - Epoch: 30, loss: 1.7441, lr: 0.010000, time: 9.36s
2026-04-03 13:42:16,946 - utils - INFO - GNN F1: 0.5899, Acc: 0.6793, Recall: 0.7017, AUC: 0.7728, AP: 0.3995
2026-04-03 13:42:16,947 - utils - INFO - Label F1: 0.5841, Acc: 0.6742, Recall: 0.6936, AUC: 0.7579, AP: 0.3540
2026-04-03 13:42:33,876 - utils - INFO - GNN F1: 0.5894, Acc: 0.6798, Recall: 0.6995, AUC: 0.7758, AP: 0.3976
2026-04-03 13:42:33,876 - utils - INFO - Label F1: 0.5871, Acc: 0.6773, Recall: 0.6968, AUC: 0.7619, AP: 0.3622
2026-04-03 13:42:33,877 - train - INFO - Validation AUC: 0.7758
2026-04-03 13:42:33,888 - utils - INFO - Checkpoint saved to checkpoints\best_CARE_yelp.pt
2026-04-03 13:42:33,888 - train - INFO - New best model saved (AUC: 0.7758)
2026-04-03 13:42:33,888 - train - INFO - Training complete.
2026-04-03 13:42:34,529 - __main__ - INFO - Experiment Shaped (acc only) completed in 1396.3s
2026-04-03 13:42:34,529 - __main__ - INFO - Best GNN AUC: 0.7728100533885386
2026-04-03 13:42:34,530 - __main__ - INFO - Results saved to results/ablation\yelp\capn_reward\ablation_results_20260403_134234.json
2026-04-03 13:42:35,299 - __main__ - INFO - 

Starting study: capn_llm
2026-04-03 13:42:35,300 - __main__ - INFO - 
============================================================
2026-04-03 13:42:35,300 - __main__ - INFO - Running experiment: CAPN (no priors)
2026-04-03 13:42:35,300 - __main__ - INFO - ============================================================
2026-04-03 13:42:35,300 - __main__ - INFO - Config: {'model': 'CARE', 'use_capn': True, 'llm_priors_file': ''}
2026-04-03 13:42:35,300 - train - INFO - Using device: cuda
2026-04-03 13:42:35,302 - utils - INFO - Random seed set to 72
2026-04-03 13:42:35,302 - utils - INFO - Loading cached labels/features from yelp_labels.npy, yelp_features.npy
2026-04-03 13:42:39,721 - utils - INFO - Loaded yelp dataset: 45954 nodes, 32 features
2026-04-03 13:42:39,749 - train - INFO - Split: train=11488, val=6893, test=27573
2026-04-03 13:42:39,768 - train - INFO - Model: CARE, Inter-AGG: GNN, emb_size: 64
2026-04-03 13:42:39,770 - train - INFO - Using MLP label predictor (hidden=16)
2026-04-03 13:42:39,781 - train - INFO - Policy network state_dim=37
2026-04-03 13:42:39,781 - train - INFO - CAPN mode enabled: policy_hidden=64, policy_lr=0.001, lambda_policy=0.1
2026-04-03 13:42:39,783 - train - INFO - Dual optimizer: GNN params=3618, Policy params=4710
2026-04-03 13:42:59,370 - train - INFO - Epoch: 0, loss: 2.0797, lr: 0.010000, time: 19.57s
2026-04-03 13:45:39,947 - utils - INFO - GNN F1: 0.5785, Acc: 0.8305, Recall: 0.5679, AUC: 0.6744, AP: 0.2753
2026-04-03 13:45:39,948 - utils - INFO - Label F1: 0.4608, Acc: 0.8547, Recall: 0.5000, AUC: 0.6259, AP: 0.2226
2026-04-03 13:46:22,042 - utils - INFO - GNN F1: 0.5698, Acc: 0.8309, Recall: 0.5605, AUC: 0.6659, AP: 0.2688
2026-04-03 13:46:22,042 - utils - INFO - Label F1: 0.4609, Acc: 0.8551, Recall: 0.5000, AUC: 0.6113, AP: 0.2220
2026-04-03 13:46:22,043 - train - INFO - Validation AUC: 0.6659
2026-04-03 13:46:22,056 - utils - INFO - Checkpoint saved to checkpoints\best_CARE_yelp.pt
2026-04-03 13:46:22,056 - train - INFO - New best model saved (AUC: 0.6659)
2026-04-03 13:46:36,679 - train - INFO - Epoch: 1, loss: 2.0759, lr: 0.010000, time: 14.61s
2026-04-03 13:46:52,517 - train - INFO - Epoch: 2, loss: 2.0674, lr: 0.010000, time: 15.82s
2026-04-03 13:47:06,045 - train - INFO - Epoch: 3, loss: 2.0596, lr: 0.010000, time: 13.51s
2026-04-03 13:48:15,979 - utils - INFO - GNN F1: 0.6102, Acc: 0.7515, Recall: 0.6542, AUC: 0.7271, AP: 0.3278
2026-04-03 13:48:15,979 - utils - INFO - Label F1: 0.1863, Acc: 0.1937, Recall: 0.5243, AUC: 0.7087, AP: 0.2932
2026-04-03 13:48:33,289 - utils - INFO - GNN F1: 0.6153, Acc: 0.7564, Recall: 0.6582, AUC: 0.7260, AP: 0.3236
2026-04-03 13:48:33,290 - utils - INFO - Label F1: 0.1877, Acc: 0.1948, Recall: 0.5256, AUC: 0.7089, AP: 0.2991
2026-04-03 13:48:33,290 - train - INFO - Validation AUC: 0.7260
2026-04-03 13:48:33,303 - utils - INFO - Checkpoint saved to checkpoints\best_CARE_yelp.pt
2026-04-03 13:48:33,303 - train - INFO - New best model saved (AUC: 0.7260)
2026-04-03 13:48:45,712 - train - INFO - Epoch: 4, loss: 2.0507, lr: 0.010000, time: 12.40s
2026-04-03 13:48:56,169 - train - INFO - Epoch: 5, loss: 2.0377, lr: 0.010000, time: 10.45s
2026-04-03 13:49:07,336 - train - INFO - Epoch: 6, loss: 2.0237, lr: 0.010000, time: 11.16s
2026-04-03 13:50:16,119 - utils - INFO - GNN F1: 0.5565, Acc: 0.6371, Recall: 0.6749, AUC: 0.7403, AP: 0.3429
2026-04-03 13:50:16,120 - utils - INFO - Label F1: 0.4932, Acc: 0.5400, Recall: 0.6543, AUC: 0.7251, AP: 0.3106
2026-04-03 13:50:33,330 - utils - INFO - GNN F1: 0.5611, Acc: 0.6426, Recall: 0.6795, AUC: 0.7408, AP: 0.3423
2026-04-03 13:50:33,331 - utils - INFO - Label F1: 0.4997, Acc: 0.5489, Recall: 0.6587, AUC: 0.7274, AP: 0.3172
2026-04-03 13:50:33,331 - train - INFO - Validation AUC: 0.7408
2026-04-03 13:50:33,342 - utils - INFO - Checkpoint saved to checkpoints\best_CARE_yelp.pt
2026-04-03 13:50:33,342 - train - INFO - New best model saved (AUC: 0.7408)
2026-04-03 13:50:43,425 - train - INFO - Epoch: 7, loss: 2.0107, lr: 0.010000, time: 10.08s
2026-04-03 13:50:54,168 - train - INFO - Epoch: 8, loss: 1.9854, lr: 0.010000, time: 10.74s
2026-04-03 13:51:03,642 - train - INFO - Epoch: 9, loss: 1.9646, lr: 0.010000, time: 9.47s
2026-04-03 13:52:12,436 - utils - INFO - GNN F1: 0.5913, Acc: 0.6936, Recall: 0.6828, AUC: 0.7489, AP: 0.3555
2026-04-03 13:52:12,436 - utils - INFO - Label F1: 0.5114, Acc: 0.5666, Recall: 0.6618, AUC: 0.7311, AP: 0.3184
2026-04-03 13:52:29,666 - utils - INFO - GNN F1: 0.5947, Acc: 0.6970, Recall: 0.6864, AUC: 0.7504, AP: 0.3558
2026-04-03 13:52:29,666 - utils - INFO - Label F1: 0.5160, Acc: 0.5733, Recall: 0.6640, AUC: 0.7348, AP: 0.3258
2026-04-03 13:52:29,667 - train - INFO - Validation AUC: 0.7504
2026-04-03 13:52:29,679 - utils - INFO - Checkpoint saved to checkpoints\best_CARE_yelp.pt
2026-04-03 13:52:29,679 - train - INFO - New best model saved (AUC: 0.7504)
2026-04-03 13:52:39,142 - train - INFO - Epoch: 10, loss: 1.9424, lr: 0.010000, time: 9.46s
2026-04-03 13:52:49,013 - train - INFO - Epoch: 11, loss: 1.9135, lr: 0.010000, time: 9.86s
2026-04-03 13:52:58,003 - train - INFO - Epoch: 12, loss: 1.9209, lr: 0.010000, time: 8.99s
2026-04-03 13:54:06,216 - utils - INFO - GNN F1: 0.5779, Acc: 0.6654, Recall: 0.6905, AUC: 0.7559, AP: 0.3676
2026-04-03 13:54:06,216 - utils - INFO - Label F1: 0.5702, Acc: 0.6614, Recall: 0.6749, AUC: 0.7346, AP: 0.3223
2026-04-03 13:54:23,623 - utils - INFO - GNN F1: 0.5822, Acc: 0.6715, Recall: 0.6925, AUC: 0.7586, AP: 0.3683
2026-04-03 13:54:23,623 - utils - INFO - Label F1: 0.5786, Acc: 0.6712, Recall: 0.6825, AUC: 0.7386, AP: 0.3300
2026-04-03 13:54:23,624 - train - INFO - Validation AUC: 0.7586
2026-04-03 13:54:23,635 - utils - INFO - Checkpoint saved to checkpoints\best_CARE_yelp.pt
2026-04-03 13:54:23,636 - train - INFO - New best model saved (AUC: 0.7586)
2026-04-03 13:54:32,791 - train - INFO - Epoch: 13, loss: 1.8863, lr: 0.010000, time: 9.15s
2026-04-03 13:54:42,573 - train - INFO - Epoch: 14, loss: 1.8605, lr: 0.010000, time: 9.78s
2026-04-03 13:54:51,160 - train - INFO - Epoch: 15, loss: 1.8594, lr: 0.010000, time: 8.58s
2026-04-03 13:56:00,353 - utils - INFO - GNN F1: 0.5524, Acc: 0.6226, Recall: 0.6887, AUC: 0.7634, AP: 0.3819
2026-04-03 13:56:00,354 - utils - INFO - Label F1: 0.5146, Acc: 0.5695, Recall: 0.6676, AUC: 0.7405, AP: 0.3298
2026-04-03 13:56:19,077 - utils - INFO - GNN F1: 0.5604, Acc: 0.6335, Recall: 0.6939, AUC: 0.7670, AP: 0.3851
2026-04-03 13:56:19,077 - utils - INFO - Label F1: 0.5220, Acc: 0.5785, Recall: 0.6748, AUC: 0.7446, AP: 0.3382
2026-04-03 13:56:19,078 - train - INFO - Validation AUC: 0.7670
2026-04-03 13:56:19,090 - utils - INFO - Checkpoint saved to checkpoints\best_CARE_yelp.pt
2026-04-03 13:56:19,091 - train - INFO - New best model saved (AUC: 0.7670)
2026-04-03 13:56:29,097 - train - INFO - Epoch: 16, loss: 1.8545, lr: 0.010000, time: 10.00s
2026-04-03 13:56:38,553 - train - INFO - Epoch: 17, loss: 1.8133, lr: 0.010000, time: 9.45s
2026-04-03 13:56:48,170 - train - INFO - Epoch: 18, loss: 1.8213, lr: 0.010000, time: 9.61s
2026-04-03 13:57:58,888 - utils - INFO - GNN F1: 0.5972, Acc: 0.6928, Recall: 0.7000, AUC: 0.7676, AP: 0.3892
2026-04-03 13:57:58,888 - utils - INFO - Label F1: 0.6175, Acc: 0.7443, Recall: 0.6769, AUC: 0.7463, AP: 0.3370
2026-04-03 13:58:16,323 - utils - INFO - GNN F1: 0.5990, Acc: 0.6947, Recall: 0.7016, AUC: 0.7720, AP: 0.3926
2026-04-03 13:58:16,323 - utils - INFO - Label F1: 0.6183, Acc: 0.7455, Recall: 0.6770, AUC: 0.7506, AP: 0.3460
2026-04-03 13:58:16,324 - train - INFO - Validation AUC: 0.7720
2026-04-03 13:58:16,336 - utils - INFO - Checkpoint saved to checkpoints\best_CARE_yelp.pt
2026-04-03 13:58:16,336 - train - INFO - New best model saved (AUC: 0.7720)
2026-04-03 13:58:26,325 - train - INFO - Epoch: 19, loss: 1.8201, lr: 0.010000, time: 9.98s
2026-04-03 13:58:35,237 - train - INFO - Epoch: 20, loss: 1.8142, lr: 0.010000, time: 8.91s
2026-04-03 13:58:44,053 - train - INFO - Epoch: 21, loss: 1.7798, lr: 0.010000, time: 8.81s
2026-04-03 13:59:53,188 - utils - INFO - GNN F1: 0.5366, Acc: 0.5969, Recall: 0.6876, AUC: 0.7694, AP: 0.3925
2026-04-03 13:59:53,188 - utils - INFO - Label F1: 0.5101, Acc: 0.5599, Recall: 0.6733, AUC: 0.7519, AP: 0.3443
2026-04-03 14:00:10,692 - utils - INFO - GNN F1: 0.5424, Acc: 0.6046, Recall: 0.6916, AUC: 0.7729, AP: 0.3933
2026-04-03 14:00:10,692 - utils - INFO - Label F1: 0.5173, Acc: 0.5693, Recall: 0.6785, AUC: 0.7554, AP: 0.3527
2026-04-03 14:00:10,693 - train - INFO - Validation AUC: 0.7729
2026-04-03 14:00:10,705 - utils - INFO - Checkpoint saved to checkpoints\best_CARE_yelp.pt
2026-04-03 14:00:10,705 - train - INFO - New best model saved (AUC: 0.7729)
2026-04-03 14:00:20,559 - train - INFO - Epoch: 22, loss: 1.8055, lr: 0.010000, time: 9.85s
2026-04-03 14:00:29,023 - train - INFO - Epoch: 23, loss: 1.7940, lr: 0.010000, time: 8.46s
2026-04-03 14:00:37,759 - train - INFO - Epoch: 24, loss: 1.8060, lr: 0.010000, time: 8.73s
2026-04-03 14:01:45,746 - utils - INFO - GNN F1: 0.6354, Acc: 0.7609, Recall: 0.6948, AUC: 0.7714, AP: 0.3952
2026-04-03 14:01:45,746 - utils - INFO - Label F1: 0.5906, Acc: 0.6864, Recall: 0.6921, AUC: 0.7548, AP: 0.3472
2026-04-03 14:02:03,293 - utils - INFO - GNN F1: 0.6345, Acc: 0.7595, Recall: 0.6946, AUC: 0.7743, AP: 0.3942
2026-04-03 14:02:03,294 - utils - INFO - Label F1: 0.5952, Acc: 0.6915, Recall: 0.6963, AUC: 0.7580, AP: 0.3557
2026-04-03 14:02:03,294 - train - INFO - Validation AUC: 0.7743
2026-04-03 14:02:03,307 - utils - INFO - Checkpoint saved to checkpoints\best_CARE_yelp.pt
2026-04-03 14:02:03,307 - train - INFO - New best model saved (AUC: 0.7743)
2026-04-03 14:02:12,952 - train - INFO - Epoch: 25, loss: 1.7718, lr: 0.010000, time: 9.64s
2026-04-03 14:02:21,347 - train - INFO - Epoch: 26, loss: 1.7958, lr: 0.010000, time: 8.39s
2026-04-03 14:02:29,796 - train - INFO - Epoch: 27, loss: 1.7655, lr: 0.010000, time: 8.44s
2026-04-03 14:03:39,108 - utils - INFO - GNN F1: 0.6035, Acc: 0.7010, Recall: 0.7040, AUC: 0.7719, AP: 0.3972
2026-04-03 14:03:39,109 - utils - INFO - Label F1: 0.6212, Acc: 0.7425, Recall: 0.6875, AUC: 0.7568, AP: 0.3506
2026-04-03 14:03:56,412 - utils - INFO - GNN F1: 0.6023, Acc: 0.6995, Recall: 0.7028, AUC: 0.7751, AP: 0.3963
2026-04-03 14:03:56,412 - utils - INFO - Label F1: 0.6198, Acc: 0.7406, Recall: 0.6867, AUC: 0.7603, AP: 0.3590
2026-04-03 14:03:56,413 - train - INFO - Validation AUC: 0.7751
2026-04-03 14:03:56,424 - utils - INFO - Checkpoint saved to checkpoints\best_CARE_yelp.pt
2026-04-03 14:03:56,425 - train - INFO - New best model saved (AUC: 0.7751)
2026-04-03 14:04:05,892 - train - INFO - Epoch: 28, loss: 1.7746, lr: 0.010000, time: 9.46s
2026-04-03 14:04:14,459 - train - INFO - Epoch: 29, loss: 1.8043, lr: 0.010000, time: 8.56s
2026-04-03 14:04:22,997 - train - INFO - Epoch: 30, loss: 1.7446, lr: 0.010000, time: 8.53s
2026-04-03 14:05:32,345 - utils - INFO - GNN F1: 0.5858, Acc: 0.6727, Recall: 0.7011, AUC: 0.7727, AP: 0.3997
2026-04-03 14:05:32,345 - utils - INFO - Label F1: 0.5843, Acc: 0.6745, Recall: 0.6936, AUC: 0.7579, AP: 0.3540
2026-04-03 14:05:49,567 - utils - INFO - GNN F1: 0.5859, Acc: 0.6740, Recall: 0.6993, AUC: 0.7759, AP: 0.3979
2026-04-03 14:05:49,568 - utils - INFO - Label F1: 0.5867, Acc: 0.6771, Recall: 0.6961, AUC: 0.7619, AP: 0.3622
2026-04-03 14:05:49,568 - train - INFO - Validation AUC: 0.7759
2026-04-03 14:05:49,580 - utils - INFO - Checkpoint saved to checkpoints\best_CARE_yelp.pt
2026-04-03 14:05:49,580 - train - INFO - New best model saved (AUC: 0.7759)
2026-04-03 14:05:49,580 - train - INFO - Training complete.
2026-04-03 14:05:49,582 - __main__ - INFO - Experiment CAPN (no priors) completed in 1394.3s
2026-04-03 14:05:49,582 - __main__ - INFO - Best GNN AUC: 0.7727142896212815
2026-04-03 14:05:49,583 - __main__ - INFO - 
============================================================
2026-04-03 14:05:49,583 - __main__ - INFO - Running experiment: CAPN (LLM priors)
2026-04-03 14:05:49,583 - __main__ - INFO - ============================================================
2026-04-03 14:05:49,583 - __main__ - INFO - Config: {'model': 'CARE', 'use_capn': True, 'llm_priors_file': 'data/llm_priors/yelp_priors.json'}
2026-04-03 14:05:49,584 - train - INFO - Using device: cuda
2026-04-03 14:05:49,585 - utils - INFO - Random seed set to 72
2026-04-03 14:05:49,585 - utils - INFO - Loading cached labels/features from yelp_labels.npy, yelp_features.npy
2026-04-03 14:05:55,222 - utils - INFO - Loaded yelp dataset: 45954 nodes, 32 features
2026-04-03 14:05:55,253 - train - INFO - Split: train=11488, val=6893, test=27573
2026-04-03 14:05:55,274 - train - INFO - Model: CARE, Inter-AGG: GNN, emb_size: 64
2026-04-03 14:05:55,275 - train - INFO - Using MLP label predictor (hidden=16)
2026-04-03 14:05:55,277 - capn - INFO - Loaded LLM priors from data/llm_priors/yelp_priors.json
2026-04-03 14:05:55,291 - train - INFO - Policy network state_dim=37
2026-04-03 14:05:55,291 - train - INFO - CAPN mode enabled: policy_hidden=64, policy_lr=0.001, lambda_policy=0.1
2026-04-03 14:05:55,293 - train - INFO - Dual optimizer: GNN params=3618, Policy params=4710
2026-04-03 14:06:15,323 - train - INFO - Epoch: 0, loss: 2.0819, lr: 0.010000, time: 20.01s
2026-04-03 14:09:01,142 - utils - INFO - GNN F1: 0.5901, Acc: 0.7820, Recall: 0.5977, AUC: 0.6697, AP: 0.2664
2026-04-03 14:09:01,142 - utils - INFO - Label F1: 0.4608, Acc: 0.8547, Recall: 0.5000, AUC: 0.6259, AP: 0.2226
2026-04-03 14:09:44,136 - utils - INFO - GNN F1: 0.5833, Acc: 0.7776, Recall: 0.5905, AUC: 0.6620, AP: 0.2621
2026-04-03 14:09:44,137 - utils - INFO - Label F1: 0.4609, Acc: 0.8551, Recall: 0.5000, AUC: 0.6113, AP: 0.2220
2026-04-03 14:09:44,137 - train - INFO - Validation AUC: 0.6620
2026-04-03 14:09:44,151 - utils - INFO - Checkpoint saved to checkpoints\best_CARE_yelp.pt
2026-04-03 14:09:44,151 - train - INFO - New best model saved (AUC: 0.6620)
2026-04-03 14:09:57,876 - train - INFO - Epoch: 1, loss: 2.0770, lr: 0.010000, time: 13.71s
2026-04-03 14:10:11,752 - train - INFO - Epoch: 2, loss: 2.0676, lr: 0.010000, time: 13.86s
2026-04-03 14:10:23,729 - train - INFO - Epoch: 3, loss: 2.0606, lr: 0.010000, time: 11.96s
2026-04-03 14:11:32,089 - utils - INFO - GNN F1: 0.5890, Acc: 0.7099, Recall: 0.6556, AUC: 0.7232, AP: 0.3160
2026-04-03 14:11:32,089 - utils - INFO - Label F1: 0.1863, Acc: 0.1937, Recall: 0.5243, AUC: 0.7087, AP: 0.2932
2026-04-03 14:11:49,586 - utils - INFO - GNN F1: 0.5958, Acc: 0.7164, Recall: 0.6630, AUC: 0.7229, AP: 0.3149
2026-04-03 14:11:49,587 - utils - INFO - Label F1: 0.1877, Acc: 0.1948, Recall: 0.5256, AUC: 0.7089, AP: 0.2991
2026-04-03 14:11:49,587 - train - INFO - Validation AUC: 0.7229
2026-04-03 14:11:49,598 - utils - INFO - Checkpoint saved to checkpoints\best_CARE_yelp.pt
2026-04-03 14:11:49,598 - train - INFO - New best model saved (AUC: 0.7229)
2026-04-03 14:12:01,143 - train - INFO - Epoch: 4, loss: 2.0519, lr: 0.010000, time: 11.53s
2026-04-03 14:12:12,551 - train - INFO - Epoch: 5, loss: 2.0400, lr: 0.010000, time: 11.39s
2026-04-03 14:12:24,091 - train - INFO - Epoch: 6, loss: 2.0262, lr: 0.010000, time: 11.53s
2026-04-03 14:13:32,788 - utils - INFO - GNN F1: 0.5556, Acc: 0.6357, Recall: 0.6746, AUC: 0.7376, AP: 0.3312
2026-04-03 14:13:32,788 - utils - INFO - Label F1: 0.4932, Acc: 0.5400, Recall: 0.6543, AUC: 0.7251, AP: 0.3106
2026-04-03 14:13:51,134 - utils - INFO - GNN F1: 0.5604, Acc: 0.6421, Recall: 0.6780, AUC: 0.7383, AP: 0.3316
2026-04-03 14:13:51,135 - utils - INFO - Label F1: 0.4997, Acc: 0.5489, Recall: 0.6587, AUC: 0.7274, AP: 0.3172
2026-04-03 14:13:51,136 - train - INFO - Validation AUC: 0.7383
2026-04-03 14:13:51,147 - utils - INFO - Checkpoint saved to checkpoints\best_CARE_yelp.pt
2026-04-03 14:13:51,147 - train - INFO - New best model saved (AUC: 0.7383)
2026-04-03 14:14:01,603 - train - INFO - Epoch: 7, loss: 2.0133, lr: 0.010000, time: 10.45s
2026-04-03 14:14:11,097 - train - INFO - Epoch: 8, loss: 1.9887, lr: 0.010000, time: 9.49s
2026-04-03 14:14:21,533 - train - INFO - Epoch: 9, loss: 1.9680, lr: 0.010000, time: 10.43s
2026-04-03 14:15:30,597 - utils - INFO - GNN F1: 0.5882, Acc: 0.6903, Recall: 0.6799, AUC: 0.7456, AP: 0.3436
2026-04-03 14:15:30,597 - utils - INFO - Label F1: 0.5114, Acc: 0.5666, Recall: 0.6618, AUC: 0.7311, AP: 0.3184
2026-04-03 14:15:47,332 - utils - INFO - GNN F1: 0.5944, Acc: 0.6972, Recall: 0.6854, AUC: 0.7475, AP: 0.3449
2026-04-03 14:15:47,332 - utils - INFO - Label F1: 0.5160, Acc: 0.5733, Recall: 0.6640, AUC: 0.7348, AP: 0.3258
2026-04-03 14:15:47,333 - train - INFO - Validation AUC: 0.7475
2026-04-03 14:15:47,344 - utils - INFO - Checkpoint saved to checkpoints\best_CARE_yelp.pt
2026-04-03 14:15:47,344 - train - INFO - New best model saved (AUC: 0.7475)
2026-04-03 14:15:57,897 - train - INFO - Epoch: 10, loss: 1.9463, lr: 0.010000, time: 10.54s
2026-04-03 14:16:07,069 - train - INFO - Epoch: 11, loss: 1.9177, lr: 0.010000, time: 9.17s
2026-04-03 14:16:15,955 - train - INFO - Epoch: 12, loss: 1.9249, lr: 0.010000, time: 8.88s
2026-04-03 14:17:25,213 - utils - INFO - GNN F1: 0.5741, Acc: 0.6598, Recall: 0.6889, AUC: 0.7526, AP: 0.3551
2026-04-03 14:17:25,214 - utils - INFO - Label F1: 0.5702, Acc: 0.6614, Recall: 0.6749, AUC: 0.7346, AP: 0.3223
2026-04-03 14:17:42,374 - utils - INFO - GNN F1: 0.5792, Acc: 0.6670, Recall: 0.6913, AUC: 0.7555, AP: 0.3581
2026-04-03 14:17:42,375 - utils - INFO - Label F1: 0.5786, Acc: 0.6712, Recall: 0.6825, AUC: 0.7386, AP: 0.3300
2026-04-03 14:17:42,375 - train - INFO - Validation AUC: 0.7555
2026-04-03 14:17:42,387 - utils - INFO - Checkpoint saved to checkpoints\best_CARE_yelp.pt
2026-04-03 14:17:42,388 - train - INFO - New best model saved (AUC: 0.7555)
2026-04-03 14:17:51,088 - train - INFO - Epoch: 13, loss: 1.8925, lr: 0.010000, time: 8.69s
2026-04-03 14:18:01,256 - train - INFO - Epoch: 14, loss: 1.8620, lr: 0.010000, time: 10.16s
2026-04-03 14:18:09,978 - train - INFO - Epoch: 15, loss: 1.8656, lr: 0.010000, time: 8.72s
2026-04-03 14:19:18,499 - utils - INFO - GNN F1: 0.5453, Acc: 0.6127, Recall: 0.6845, AUC: 0.7599, AP: 0.3686
2026-04-03 14:19:18,499 - utils - INFO - Label F1: 0.5146, Acc: 0.5695, Recall: 0.6676, AUC: 0.7405, AP: 0.3298
2026-04-03 14:19:36,949 - utils - INFO - GNN F1: 0.5517, Acc: 0.6220, Recall: 0.6877, AUC: 0.7639, AP: 0.3737
2026-04-03 14:19:36,949 - utils - INFO - Label F1: 0.5220, Acc: 0.5785, Recall: 0.6748, AUC: 0.7446, AP: 0.3382
2026-04-03 14:19:36,950 - train - INFO - Validation AUC: 0.7639
2026-04-03 14:19:36,960 - utils - INFO - Checkpoint saved to checkpoints\best_CARE_yelp.pt
2026-04-03 14:19:36,960 - train - INFO - New best model saved (AUC: 0.7639)
2026-04-03 14:19:45,697 - train - INFO - Epoch: 16, loss: 1.8593, lr: 0.010000, time: 8.73s
2026-04-03 14:19:54,685 - train - INFO - Epoch: 17, loss: 1.8182, lr: 0.010000, time: 8.98s
2026-04-03 14:20:04,644 - train - INFO - Epoch: 18, loss: 1.8242, lr: 0.010000, time: 9.95s
2026-04-03 14:21:13,479 - utils - INFO - GNN F1: 0.5826, Acc: 0.6704, Recall: 0.6956, AUC: 0.7637, AP: 0.3749
2026-04-03 14:21:13,479 - utils - INFO - Label F1: 0.6175, Acc: 0.7443, Recall: 0.6769, AUC: 0.7463, AP: 0.3370
2026-04-03 14:21:31,081 - utils - INFO - GNN F1: 0.5893, Acc: 0.6784, Recall: 0.7013, AUC: 0.7682, AP: 0.3793
2026-04-03 14:21:31,082 - utils - INFO - Label F1: 0.6183, Acc: 0.7455, Recall: 0.6770, AUC: 0.7506, AP: 0.3460
2026-04-03 14:21:31,082 - train - INFO - Validation AUC: 0.7682
2026-04-03 14:21:31,094 - utils - INFO - Checkpoint saved to checkpoints\best_CARE_yelp.pt
2026-04-03 14:21:31,094 - train - INFO - New best model saved (AUC: 0.7682)
2026-04-03 14:21:40,004 - train - INFO - Epoch: 19, loss: 1.8237, lr: 0.010000, time: 8.91s
2026-04-03 14:21:48,551 - train - INFO - Epoch: 20, loss: 1.8142, lr: 0.010000, time: 8.54s
2026-04-03 14:21:57,257 - train - INFO - Epoch: 21, loss: 1.7863, lr: 0.010000, time: 8.70s
2026-04-03 14:23:06,904 - utils - INFO - GNN F1: 0.5445, Acc: 0.6090, Recall: 0.6898, AUC: 0.7654, AP: 0.3776
2026-04-03 14:23:06,904 - utils - INFO - Label F1: 0.5101, Acc: 0.5599, Recall: 0.6733, AUC: 0.7519, AP: 0.3443
2026-04-03 14:23:23,763 - utils - INFO - GNN F1: 0.5489, Acc: 0.6147, Recall: 0.6932, AUC: 0.7691, AP: 0.3798
2026-04-03 14:23:23,764 - utils - INFO - Label F1: 0.5173, Acc: 0.5693, Recall: 0.6785, AUC: 0.7554, AP: 0.3527
2026-04-03 14:23:23,764 - train - INFO - Validation AUC: 0.7691
2026-04-03 14:23:23,777 - utils - INFO - Checkpoint saved to checkpoints\best_CARE_yelp.pt
2026-04-03 14:23:23,778 - train - INFO - New best model saved (AUC: 0.7691)
2026-04-03 14:23:32,497 - train - INFO - Epoch: 22, loss: 1.8082, lr: 0.010000, time: 8.72s
2026-04-03 14:23:42,213 - train - INFO - Epoch: 23, loss: 1.7989, lr: 0.010000, time: 9.71s
2026-04-03 14:23:50,817 - train - INFO - Epoch: 24, loss: 1.8094, lr: 0.010000, time: 8.60s
2026-04-03 14:24:59,364 - utils - INFO - GNN F1: 0.6318, Acc: 0.7562, Recall: 0.6930, AUC: 0.7667, AP: 0.3790
2026-04-03 14:24:59,364 - utils - INFO - Label F1: 0.5906, Acc: 0.6864, Recall: 0.6922, AUC: 0.7548, AP: 0.3472
2026-04-03 14:25:17,063 - utils - INFO - GNN F1: 0.6331, Acc: 0.7564, Recall: 0.6955, AUC: 0.7707, AP: 0.3801
2026-04-03 14:25:17,063 - utils - INFO - Label F1: 0.5952, Acc: 0.6915, Recall: 0.6963, AUC: 0.7580, AP: 0.3557
2026-04-03 14:25:17,064 - train - INFO - Validation AUC: 0.7707
2026-04-03 14:25:17,076 - utils - INFO - Checkpoint saved to checkpoints\best_CARE_yelp.pt
2026-04-03 14:25:17,076 - train - INFO - New best model saved (AUC: 0.7707)
2026-04-03 14:25:25,715 - train - INFO - Epoch: 25, loss: 1.7775, lr: 0.010000, time: 8.63s
2026-04-03 14:25:34,089 - train - INFO - Epoch: 26, loss: 1.8018, lr: 0.010000, time: 8.37s
2026-04-03 14:25:43,900 - train - INFO - Epoch: 27, loss: 1.7696, lr: 0.010000, time: 9.81s
2026-04-03 14:26:53,829 - utils - INFO - GNN F1: 0.6007, Acc: 0.6983, Recall: 0.7006, AUC: 0.7672, AP: 0.3806
2026-04-03 14:26:53,830 - utils - INFO - Label F1: 0.6212, Acc: 0.7425, Recall: 0.6876, AUC: 0.7568, AP: 0.3506
2026-04-03 14:27:11,042 - utils - INFO - GNN F1: 0.6021, Acc: 0.6998, Recall: 0.7020, AUC: 0.7713, AP: 0.3817
2026-04-03 14:27:11,042 - utils - INFO - Label F1: 0.6198, Acc: 0.7406, Recall: 0.6867, AUC: 0.7603, AP: 0.3590
2026-04-03 14:27:11,043 - train - INFO - Validation AUC: 0.7713
2026-04-03 14:27:11,054 - utils - INFO - Checkpoint saved to checkpoints\best_CARE_yelp.pt
2026-04-03 14:27:11,054 - train - INFO - New best model saved (AUC: 0.7713)
2026-04-03 14:27:20,329 - train - INFO - Epoch: 28, loss: 1.7784, lr: 0.010000, time: 9.27s
2026-04-03 14:27:28,739 - train - INFO - Epoch: 29, loss: 1.8097, lr: 0.010000, time: 8.40s
2026-04-03 14:27:37,418 - train - INFO - Epoch: 30, loss: 1.7503, lr: 0.010000, time: 8.67s
2026-04-03 14:28:46,117 - utils - INFO - GNN F1: 0.5834, Acc: 0.6698, Recall: 0.6989, AUC: 0.7678, AP: 0.3827
2026-04-03 14:28:46,117 - utils - INFO - Label F1: 0.5839, Acc: 0.6738, Recall: 0.6934, AUC: 0.7579, AP: 0.3540
2026-04-03 14:29:02,788 - utils - INFO - GNN F1: 0.5832, Acc: 0.6715, Recall: 0.6952, AUC: 0.7715, AP: 0.3827
2026-04-03 14:29:02,788 - utils - INFO - Label F1: 0.5875, Acc: 0.6774, Recall: 0.6976, AUC: 0.7619, AP: 0.3622
2026-04-03 14:29:02,789 - train - INFO - Validation AUC: 0.7715
2026-04-03 14:29:02,801 - utils - INFO - Checkpoint saved to checkpoints\best_CARE_yelp.pt
2026-04-03 14:29:02,801 - train - INFO - New best model saved (AUC: 0.7715)
2026-04-03 14:29:02,801 - train - INFO - Training complete.
2026-04-03 14:29:03,478 - __main__ - INFO - Experiment CAPN (LLM priors) completed in 1393.9s
2026-04-03 14:29:03,479 - __main__ - INFO - Best GNN AUC: 0.7678047627078498
2026-04-03 14:29:03,480 - __main__ - INFO - Results saved to results/ablation\yelp\capn_llm\ablation_results_20260403_142903.json
2026-04-03 14:29:04,330 - __main__ - INFO - 

Starting study: capn_lambda
2026-04-03 14:29:04,332 - __main__ - INFO - 
============================================================
2026-04-03 14:29:04,332 - __main__ - INFO - Running experiment: lambda_policy=0.01
2026-04-03 14:29:04,333 - __main__ - INFO - ============================================================
2026-04-03 14:29:04,333 - __main__ - INFO - Config: {'model': 'CARE', 'use_capn': True, 'lambda_policy': 0.01}
2026-04-03 14:29:04,333 - train - INFO - Using device: cuda
2026-04-03 14:29:04,334 - utils - INFO - Random seed set to 72
2026-04-03 14:29:04,334 - utils - INFO - Loading cached labels/features from yelp_labels.npy, yelp_features.npy
2026-04-03 14:29:08,949 - utils - INFO - Loaded yelp dataset: 45954 nodes, 32 features
2026-04-03 14:29:08,977 - train - INFO - Split: train=11488, val=6893, test=27573
2026-04-03 14:29:08,997 - train - INFO - Model: CARE, Inter-AGG: GNN, emb_size: 64
2026-04-03 14:29:08,998 - train - INFO - Using MLP label predictor (hidden=16)
2026-04-03 14:29:09,010 - train - INFO - Policy network state_dim=37
2026-04-03 14:29:09,010 - train - INFO - CAPN mode enabled: policy_hidden=64, policy_lr=0.001, lambda_policy=0.01
2026-04-03 14:29:09,012 - train - INFO - Dual optimizer: GNN params=3618, Policy params=4710
2026-04-03 14:29:28,277 - train - INFO - Epoch: 0, loss: 2.0795, lr: 0.010000, time: 19.25s
2026-04-03 14:32:06,272 - utils - INFO - GNN F1: 0.5784, Acc: 0.8303, Recall: 0.5678, AUC: 0.6744, AP: 0.2753
2026-04-03 14:32:06,273 - utils - INFO - Label F1: 0.4608, Acc: 0.8547, Recall: 0.5000, AUC: 0.6259, AP: 0.2226
2026-04-03 14:32:46,914 - utils - INFO - GNN F1: 0.5695, Acc: 0.8306, Recall: 0.5603, AUC: 0.6659, AP: 0.2689
2026-04-03 14:32:46,915 - utils - INFO - Label F1: 0.4609, Acc: 0.8551, Recall: 0.5000, AUC: 0.6113, AP: 0.2220
2026-04-03 14:32:46,915 - train - INFO - Validation AUC: 0.6659
2026-04-03 14:32:46,928 - utils - INFO - Checkpoint saved to checkpoints\best_CARE_yelp.pt
2026-04-03 14:32:46,928 - train - INFO - New best model saved (AUC: 0.6659)
2026-04-03 14:33:00,357 - train - INFO - Epoch: 1, loss: 2.0758, lr: 0.010000, time: 13.41s
2026-04-03 14:33:13,297 - train - INFO - Epoch: 2, loss: 2.0674, lr: 0.010000, time: 12.93s
2026-04-03 14:33:24,687 - train - INFO - Epoch: 3, loss: 2.0595, lr: 0.010000, time: 11.37s
2026-04-03 14:34:32,913 - utils - INFO - GNN F1: 0.6103, Acc: 0.7517, Recall: 0.6540, AUC: 0.7271, AP: 0.3278
2026-04-03 14:34:32,913 - utils - INFO - Label F1: 0.1863, Acc: 0.1937, Recall: 0.5243, AUC: 0.7087, AP: 0.2932
2026-04-03 14:34:50,368 - utils - INFO - GNN F1: 0.6151, Acc: 0.7566, Recall: 0.6577, AUC: 0.7260, AP: 0.3236
2026-04-03 14:34:50,368 - utils - INFO - Label F1: 0.1877, Acc: 0.1948, Recall: 0.5256, AUC: 0.7089, AP: 0.2991
2026-04-03 14:34:50,369 - train - INFO - Validation AUC: 0.7260
2026-04-03 14:34:50,381 - utils - INFO - Checkpoint saved to checkpoints\best_CARE_yelp.pt
2026-04-03 14:34:50,381 - train - INFO - New best model saved (AUC: 0.7260)
2026-04-03 14:35:02,881 - train - INFO - Epoch: 4, loss: 2.0507, lr: 0.010000, time: 12.49s
2026-04-03 14:35:13,437 - train - INFO - Epoch: 5, loss: 2.0376, lr: 0.010000, time: 10.54s
2026-04-03 14:35:24,209 - train - INFO - Epoch: 6, loss: 2.0236, lr: 0.010000, time: 10.77s
2026-04-03 14:36:32,906 - utils - INFO - GNN F1: 0.5567, Acc: 0.6374, Recall: 0.6749, AUC: 0.7403, AP: 0.3429
2026-04-03 14:36:32,907 - utils - INFO - Label F1: 0.4932, Acc: 0.5400, Recall: 0.6543, AUC: 0.7251, AP: 0.3106
2026-04-03 14:36:49,993 - utils - INFO - GNN F1: 0.5610, Acc: 0.6427, Recall: 0.6788, AUC: 0.7408, AP: 0.3423
2026-04-03 14:36:49,993 - utils - INFO - Label F1: 0.4997, Acc: 0.5489, Recall: 0.6587, AUC: 0.7274, AP: 0.3172
2026-04-03 14:36:49,993 - train - INFO - Validation AUC: 0.7408
2026-04-03 14:36:50,005 - utils - INFO - Checkpoint saved to checkpoints\best_CARE_yelp.pt
2026-04-03 14:36:50,006 - train - INFO - New best model saved (AUC: 0.7408)
2026-04-03 14:37:00,554 - train - INFO - Epoch: 7, loss: 2.0105, lr: 0.010000, time: 10.54s
2026-04-03 14:37:09,981 - train - INFO - Epoch: 8, loss: 1.9853, lr: 0.010000, time: 9.42s
2026-04-03 14:37:20,202 - train - INFO - Epoch: 9, loss: 1.9643, lr: 0.010000, time: 10.22s
2026-04-03 14:38:27,705 - utils - INFO - GNN F1: 0.5913, Acc: 0.6935, Recall: 0.6830, AUC: 0.7489, AP: 0.3555
2026-04-03 14:38:27,705 - utils - INFO - Label F1: 0.5114, Acc: 0.5666, Recall: 0.6618, AUC: 0.7311, AP: 0.3184
2026-04-03 14:38:44,827 - utils - INFO - GNN F1: 0.5943, Acc: 0.6964, Recall: 0.6861, AUC: 0.7503, AP: 0.3558
2026-04-03 14:38:44,828 - utils - INFO - Label F1: 0.5160, Acc: 0.5733, Recall: 0.6640, AUC: 0.7348, AP: 0.3258
2026-04-03 14:38:44,828 - train - INFO - Validation AUC: 0.7503
2026-04-03 14:38:44,839 - utils - INFO - Checkpoint saved to checkpoints\best_CARE_yelp.pt
2026-04-03 14:38:44,840 - train - INFO - New best model saved (AUC: 0.7503)
2026-04-03 14:38:54,168 - train - INFO - Epoch: 10, loss: 1.9422, lr: 0.010000, time: 9.32s
2026-04-03 14:39:04,175 - train - INFO - Epoch: 11, loss: 1.9116, lr: 0.010000, time: 10.00s
2026-04-03 14:39:13,325 - train - INFO - Epoch: 12, loss: 1.9205, lr: 0.010000, time: 9.15s
2026-04-03 14:40:21,450 - utils - INFO - GNN F1: 0.5747, Acc: 0.6604, Recall: 0.6897, AUC: 0.7558, AP: 0.3674
2026-04-03 14:40:21,450 - utils - INFO - Label F1: 0.5702, Acc: 0.6614, Recall: 0.6749, AUC: 0.7346, AP: 0.3223
2026-04-03 14:40:39,299 - utils - INFO - GNN F1: 0.5791, Acc: 0.6666, Recall: 0.6916, AUC: 0.7585, AP: 0.3682
2026-04-03 14:40:39,299 - utils - INFO - Label F1: 0.5786, Acc: 0.6712, Recall: 0.6825, AUC: 0.7386, AP: 0.3300
2026-04-03 14:40:39,300 - train - INFO - Validation AUC: 0.7585
2026-04-03 14:40:39,313 - utils - INFO - Checkpoint saved to checkpoints\best_CARE_yelp.pt
2026-04-03 14:40:39,313 - train - INFO - New best model saved (AUC: 0.7585)
2026-04-03 14:40:48,209 - train - INFO - Epoch: 13, loss: 1.8860, lr: 0.010000, time: 8.89s
2026-04-03 14:40:57,721 - train - INFO - Epoch: 14, loss: 1.8601, lr: 0.010000, time: 9.51s
2026-04-03 14:41:06,342 - train - INFO - Epoch: 15, loss: 1.8592, lr: 0.010000, time: 8.62s
2026-04-03 14:42:14,638 - utils - INFO - GNN F1: 0.5492, Acc: 0.6179, Recall: 0.6875, AUC: 0.7633, AP: 0.3818
2026-04-03 14:42:14,638 - utils - INFO - Label F1: 0.5146, Acc: 0.5695, Recall: 0.6676, AUC: 0.7405, AP: 0.3298
2026-04-03 14:42:32,586 - utils - INFO - GNN F1: 0.5574, Acc: 0.6291, Recall: 0.6926, AUC: 0.7669, AP: 0.3848
2026-04-03 14:42:32,586 - utils - INFO - Label F1: 0.5220, Acc: 0.5785, Recall: 0.6748, AUC: 0.7446, AP: 0.3382
2026-04-03 14:42:32,587 - train - INFO - Validation AUC: 0.7669
2026-04-03 14:42:32,599 - utils - INFO - Checkpoint saved to checkpoints\best_CARE_yelp.pt
2026-04-03 14:42:32,600 - train - INFO - New best model saved (AUC: 0.7669)
2026-04-03 14:42:41,552 - train - INFO - Epoch: 16, loss: 1.8544, lr: 0.010000, time: 8.95s
2026-04-03 14:42:50,945 - train - INFO - Epoch: 17, loss: 1.8126, lr: 0.010000, time: 9.38s
2026-04-03 14:42:59,543 - train - INFO - Epoch: 18, loss: 1.8220, lr: 0.010000, time: 8.59s
2026-04-03 14:44:08,111 - utils - INFO - GNN F1: 0.5937, Acc: 0.6872, Recall: 0.6993, AUC: 0.7675, AP: 0.3889
2026-04-03 14:44:08,112 - utils - INFO - Label F1: 0.6175, Acc: 0.7443, Recall: 0.6769, AUC: 0.7463, AP: 0.3370
2026-04-03 14:44:25,177 - utils - INFO - GNN F1: 0.5965, Acc: 0.6903, Recall: 0.7019, AUC: 0.7719, AP: 0.3925
2026-04-03 14:44:25,178 - utils - INFO - Label F1: 0.6183, Acc: 0.7455, Recall: 0.6770, AUC: 0.7506, AP: 0.3460
2026-04-03 14:44:25,178 - train - INFO - Validation AUC: 0.7719
2026-04-03 14:44:25,191 - utils - INFO - Checkpoint saved to checkpoints\best_CARE_yelp.pt
2026-04-03 14:44:25,191 - train - INFO - New best model saved (AUC: 0.7719)
2026-04-03 14:44:33,637 - train - INFO - Epoch: 19, loss: 1.8216, lr: 0.010000, time: 8.44s
2026-04-03 14:44:43,408 - train - INFO - Epoch: 20, loss: 1.8121, lr: 0.010000, time: 9.77s
2026-04-03 14:44:51,831 - train - INFO - Epoch: 21, loss: 1.7801, lr: 0.010000, time: 8.42s
2026-04-03 14:45:59,656 - utils - INFO - GNN F1: 0.5381, Acc: 0.5991, Recall: 0.6879, AUC: 0.7694, AP: 0.3926
2026-04-03 14:45:59,656 - utils - INFO - Label F1: 0.5101, Acc: 0.5599, Recall: 0.6733, AUC: 0.7519, AP: 0.3443
2026-04-03 14:46:16,984 - utils - INFO - GNN F1: 0.5432, Acc: 0.6062, Recall: 0.6912, AUC: 0.7729, AP: 0.3937
2026-04-03 14:46:16,984 - utils - INFO - Label F1: 0.5173, Acc: 0.5693, Recall: 0.6785, AUC: 0.7554, AP: 0.3527
2026-04-03 14:46:16,985 - train - INFO - Validation AUC: 0.7729
2026-04-03 14:46:16,997 - utils - INFO - Checkpoint saved to checkpoints\best_CARE_yelp.pt
2026-04-03 14:46:16,997 - train - INFO - New best model saved (AUC: 0.7729)
2026-04-03 14:46:25,781 - train - INFO - Epoch: 22, loss: 1.8018, lr: 0.010000, time: 8.78s
2026-04-03 14:46:35,178 - train - INFO - Epoch: 23, loss: 1.7931, lr: 0.010000, time: 9.39s
2026-04-03 14:46:43,738 - train - INFO - Epoch: 24, loss: 1.8053, lr: 0.010000, time: 8.55s
2026-04-03 14:47:51,907 - utils - INFO - GNN F1: 0.6358, Acc: 0.7620, Recall: 0.6944, AUC: 0.7713, AP: 0.3954
2026-04-03 14:47:51,908 - utils - INFO - Label F1: 0.5906, Acc: 0.6864, Recall: 0.6921, AUC: 0.7548, AP: 0.3472
2026-04-03 14:48:09,429 - utils - INFO - GNN F1: 0.6345, Acc: 0.7604, Recall: 0.6935, AUC: 0.7744, AP: 0.3944
2026-04-03 14:48:09,429 - utils - INFO - Label F1: 0.5952, Acc: 0.6915, Recall: 0.6963, AUC: 0.7580, AP: 0.3557
2026-04-03 14:48:09,430 - train - INFO - Validation AUC: 0.7744
2026-04-03 14:48:09,442 - utils - INFO - Checkpoint saved to checkpoints\best_CARE_yelp.pt
2026-04-03 14:48:09,442 - train - INFO - New best model saved (AUC: 0.7744)
2026-04-03 14:48:18,113 - train - INFO - Epoch: 25, loss: 1.7714, lr: 0.010000, time: 8.67s
2026-04-03 14:48:27,331 - train - INFO - Epoch: 26, loss: 1.7980, lr: 0.010000, time: 9.21s
2026-04-03 14:48:36,049 - train - INFO - Epoch: 27, loss: 1.7648, lr: 0.010000, time: 8.71s
2026-04-03 14:49:44,568 - utils - INFO - GNN F1: 0.6012, Acc: 0.6976, Recall: 0.7032, AUC: 0.7719, AP: 0.3972
2026-04-03 14:49:44,569 - utils - INFO - Label F1: 0.6212, Acc: 0.7425, Recall: 0.6875, AUC: 0.7568, AP: 0.3506
2026-04-03 14:50:01,773 - utils - INFO - GNN F1: 0.5996, Acc: 0.6962, Recall: 0.7009, AUC: 0.7752, AP: 0.3966
2026-04-03 14:50:01,774 - utils - INFO - Label F1: 0.6198, Acc: 0.7406, Recall: 0.6867, AUC: 0.7603, AP: 0.3590
2026-04-03 14:50:01,774 - train - INFO - Validation AUC: 0.7752
2026-04-03 14:50:01,786 - utils - INFO - Checkpoint saved to checkpoints\best_CARE_yelp.pt
2026-04-03 14:50:01,786 - train - INFO - New best model saved (AUC: 0.7752)
2026-04-03 14:50:10,625 - train - INFO - Epoch: 28, loss: 1.7742, lr: 0.010000, time: 8.83s
2026-04-03 14:50:20,155 - train - INFO - Epoch: 29, loss: 1.8020, lr: 0.010000, time: 9.53s
2026-04-03 14:50:28,592 - train - INFO - Epoch: 30, loss: 1.7442, lr: 0.010000, time: 8.43s
2026-04-03 14:51:36,875 - utils - INFO - GNN F1: 0.5878, Acc: 0.6757, Recall: 0.7018, AUC: 0.7728, AP: 0.3998
2026-04-03 14:51:36,875 - utils - INFO - Label F1: 0.5842, Acc: 0.6744, Recall: 0.6936, AUC: 0.7579, AP: 0.3540
2026-04-03 14:51:54,038 - utils - INFO - GNN F1: 0.5870, Acc: 0.6764, Recall: 0.6983, AUC: 0.7758, AP: 0.3980
2026-04-03 14:51:54,039 - utils - INFO - Label F1: 0.5867, Acc: 0.6771, Recall: 0.6961, AUC: 0.7619, AP: 0.3622
2026-04-03 14:51:54,039 - train - INFO - Validation AUC: 0.7758
2026-04-03 14:51:54,050 - utils - INFO - Checkpoint saved to checkpoints\best_CARE_yelp.pt
2026-04-03 14:51:54,050 - train - INFO - New best model saved (AUC: 0.7758)
2026-04-03 14:51:54,051 - train - INFO - Training complete.
2026-04-03 14:51:54,053 - __main__ - INFO - Experiment lambda_policy=0.01 completed in 1369.7s
2026-04-03 14:51:54,053 - __main__ - INFO - Best GNN AUC: 0.7727610752157925
2026-04-03 14:51:54,053 - __main__ - INFO - 
============================================================
2026-04-03 14:51:54,053 - __main__ - INFO - Running experiment: lambda_policy=0.05
2026-04-03 14:51:54,053 - __main__ - INFO - ============================================================
2026-04-03 14:51:54,053 - __main__ - INFO - Config: {'model': 'CARE', 'use_capn': True, 'lambda_policy': 0.05}
2026-04-03 14:51:54,054 - train - INFO - Using device: cuda
2026-04-03 14:51:54,054 - utils - INFO - Random seed set to 72
2026-04-03 14:51:54,055 - utils - INFO - Loading cached labels/features from yelp_labels.npy, yelp_features.npy
2026-04-03 14:51:58,637 - utils - INFO - Loaded yelp dataset: 45954 nodes, 32 features
2026-04-03 14:51:58,665 - train - INFO - Split: train=11488, val=6893, test=27573
2026-04-03 14:51:58,684 - train - INFO - Model: CARE, Inter-AGG: GNN, emb_size: 64
2026-04-03 14:51:58,686 - train - INFO - Using MLP label predictor (hidden=16)
2026-04-03 14:51:58,698 - train - INFO - Policy network state_dim=37
2026-04-03 14:51:58,699 - train - INFO - CAPN mode enabled: policy_hidden=64, policy_lr=0.001, lambda_policy=0.05
2026-04-03 14:51:58,701 - train - INFO - Dual optimizer: GNN params=3618, Policy params=4710
2026-04-03 14:52:20,138 - train - INFO - Epoch: 0, loss: 2.0796, lr: 0.010000, time: 21.42s
2026-04-03 14:55:05,656 - utils - INFO - GNN F1: 0.5785, Acc: 0.8304, Recall: 0.5679, AUC: 0.6744, AP: 0.2753
2026-04-03 14:55:05,656 - utils - INFO - Label F1: 0.4608, Acc: 0.8547, Recall: 0.5000, AUC: 0.6259, AP: 0.2226
2026-04-03 14:55:50,381 - utils - INFO - GNN F1: 0.5698, Acc: 0.8309, Recall: 0.5605, AUC: 0.6659, AP: 0.2688
2026-04-03 14:55:50,381 - utils - INFO - Label F1: 0.4609, Acc: 0.8551, Recall: 0.5000, AUC: 0.6113, AP: 0.2220
2026-04-03 14:55:50,382 - train - INFO - Validation AUC: 0.6659
2026-04-03 14:55:50,395 - utils - INFO - Checkpoint saved to checkpoints\best_CARE_yelp.pt
2026-04-03 14:55:50,396 - train - INFO - New best model saved (AUC: 0.6659)
2026-04-03 14:56:04,768 - train - INFO - Epoch: 1, loss: 2.0759, lr: 0.010000, time: 14.36s
2026-04-03 14:56:18,316 - train - INFO - Epoch: 2, loss: 2.0674, lr: 0.010000, time: 13.53s
2026-04-03 14:56:31,271 - train - INFO - Epoch: 3, loss: 2.0595, lr: 0.010000, time: 12.94s
2026-04-03 14:57:39,914 - utils - INFO - GNN F1: 0.6103, Acc: 0.7518, Recall: 0.6539, AUC: 0.7272, AP: 0.3279
2026-04-03 14:57:39,914 - utils - INFO - Label F1: 0.1863, Acc: 0.1937, Recall: 0.5243, AUC: 0.7087, AP: 0.2932
2026-04-03 14:57:58,178 - utils - INFO - GNN F1: 0.6144, Acc: 0.7563, Recall: 0.6568, AUC: 0.7261, AP: 0.3237
2026-04-03 14:57:58,178 - utils - INFO - Label F1: 0.1877, Acc: 0.1948, Recall: 0.5256, AUC: 0.7089, AP: 0.2991
2026-04-03 14:57:58,179 - train - INFO - Validation AUC: 0.7261
2026-04-03 14:57:58,190 - utils - INFO - Checkpoint saved to checkpoints\best_CARE_yelp.pt
2026-04-03 14:57:58,191 - train - INFO - New best model saved (AUC: 0.7261)
2026-04-03 14:58:09,546 - train - INFO - Epoch: 4, loss: 2.0507, lr: 0.010000, time: 11.34s
2026-04-03 14:58:20,956 - train - INFO - Epoch: 5, loss: 2.0376, lr: 0.010000, time: 11.40s
2026-04-03 14:58:32,523 - train - INFO - Epoch: 6, loss: 2.0236, lr: 0.010000, time: 11.56s
2026-04-03 14:59:40,613 - utils - INFO - GNN F1: 0.5566, Acc: 0.6373, Recall: 0.6750, AUC: 0.7404, AP: 0.3430
2026-04-03 14:59:40,613 - utils - INFO - Label F1: 0.4932, Acc: 0.5400, Recall: 0.6543, AUC: 0.7251, AP: 0.3106
2026-04-03 14:59:57,640 - utils - INFO - GNN F1: 0.5610, Acc: 0.6427, Recall: 0.6788, AUC: 0.7408, AP: 0.3423
2026-04-03 14:59:57,641 - utils - INFO - Label F1: 0.4997, Acc: 0.5489, Recall: 0.6587, AUC: 0.7274, AP: 0.3172
2026-04-03 14:59:57,642 - train - INFO - Validation AUC: 0.7408
2026-04-03 14:59:57,653 - utils - INFO - Checkpoint saved to checkpoints\best_CARE_yelp.pt
2026-04-03 14:59:57,654 - train - INFO - New best model saved (AUC: 0.7408)
2026-04-03 15:00:08,766 - train - INFO - Epoch: 7, loss: 2.0106, lr: 0.010000, time: 11.10s
2026-04-03 15:00:18,394 - train - INFO - Epoch: 8, loss: 1.9853, lr: 0.010000, time: 9.62s
2026-04-03 15:00:28,803 - train - INFO - Epoch: 9, loss: 1.9644, lr: 0.010000, time: 10.40s
2026-04-03 15:01:37,552 - utils - INFO - GNN F1: 0.5911, Acc: 0.6933, Recall: 0.6828, AUC: 0.7489, AP: 0.3555
2026-04-03 15:01:37,552 - utils - INFO - Label F1: 0.5114, Acc: 0.5666, Recall: 0.6618, AUC: 0.7311, AP: 0.3184
2026-04-03 15:01:55,039 - utils - INFO - GNN F1: 0.5947, Acc: 0.6966, Recall: 0.6870, AUC: 0.7504, AP: 0.3559
2026-04-03 15:01:55,039 - utils - INFO - Label F1: 0.5160, Acc: 0.5733, Recall: 0.6640, AUC: 0.7348, AP: 0.3258
2026-04-03 15:01:55,040 - train - INFO - Validation AUC: 0.7504
2026-04-03 15:01:55,050 - utils - INFO - Checkpoint saved to checkpoints\best_CARE_yelp.pt
2026-04-03 15:01:55,050 - train - INFO - New best model saved (AUC: 0.7504)
2026-04-03 15:02:06,012 - train - INFO - Epoch: 10, loss: 1.9423, lr: 0.010000, time: 10.95s
2026-04-03 15:02:15,216 - train - INFO - Epoch: 11, loss: 1.9117, lr: 0.010000, time: 9.20s
2026-04-03 15:02:24,470 - train - INFO - Epoch: 12, loss: 1.9205, lr: 0.010000, time: 9.25s
2026-04-03 15:03:33,628 - utils - INFO - GNN F1: 0.5743, Acc: 0.6597, Recall: 0.6897, AUC: 0.7558, AP: 0.3675
2026-04-03 15:03:33,628 - utils - INFO - Label F1: 0.5702, Acc: 0.6614, Recall: 0.6749, AUC: 0.7346, AP: 0.3223
2026-04-03 15:03:50,863 - utils - INFO - GNN F1: 0.5784, Acc: 0.6657, Recall: 0.6911, AUC: 0.7586, AP: 0.3683
2026-04-03 15:03:50,863 - utils - INFO - Label F1: 0.5786, Acc: 0.6712, Recall: 0.6825, AUC: 0.7386, AP: 0.3300
2026-04-03 15:03:50,864 - train - INFO - Validation AUC: 0.7586
2026-04-03 15:03:50,875 - utils - INFO - Checkpoint saved to checkpoints\best_CARE_yelp.pt
2026-04-03 15:03:50,875 - train - INFO - New best model saved (AUC: 0.7586)
2026-04-03 15:03:59,718 - train - INFO - Epoch: 13, loss: 1.8862, lr: 0.010000, time: 8.84s
2026-04-03 15:04:09,895 - train - INFO - Epoch: 14, loss: 1.8602, lr: 0.010000, time: 10.17s
2026-04-03 15:04:19,166 - train - INFO - Epoch: 15, loss: 1.8594, lr: 0.010000, time: 9.27s
2026-04-03 15:05:29,295 - utils - INFO - GNN F1: 0.5481, Acc: 0.6160, Recall: 0.6874, AUC: 0.7633, AP: 0.3819
2026-04-03 15:05:29,296 - utils - INFO - Label F1: 0.5146, Acc: 0.5695, Recall: 0.6676, AUC: 0.7405, AP: 0.3298
2026-04-03 15:05:47,044 - utils - INFO - GNN F1: 0.5545, Acc: 0.6253, Recall: 0.6903, AUC: 0.7669, AP: 0.3851
2026-04-03 15:05:47,044 - utils - INFO - Label F1: 0.5220, Acc: 0.5785, Recall: 0.6748, AUC: 0.7446, AP: 0.3382
2026-04-03 15:05:47,045 - train - INFO - Validation AUC: 0.7669
2026-04-03 15:05:47,055 - utils - INFO - Checkpoint saved to checkpoints\best_CARE_yelp.pt
2026-04-03 15:05:47,055 - train - INFO - New best model saved (AUC: 0.7669)
2026-04-03 15:05:56,049 - train - INFO - Epoch: 16, loss: 1.8541, lr: 0.010000, time: 8.99s
2026-04-03 15:06:04,629 - train - INFO - Epoch: 17, loss: 1.8127, lr: 0.010000, time: 8.58s
2026-04-03 15:06:14,288 - train - INFO - Epoch: 18, loss: 1.8200, lr: 0.010000, time: 9.65s
2026-04-03 15:07:23,335 - utils - INFO - GNN F1: 0.5925, Acc: 0.6855, Recall: 0.6988, AUC: 0.7674, AP: 0.3891
2026-04-03 15:07:23,336 - utils - INFO - Label F1: 0.6175, Acc: 0.7443, Recall: 0.6769, AUC: 0.7463, AP: 0.3370
2026-04-03 15:07:40,098 - utils - INFO - GNN F1: 0.5958, Acc: 0.6893, Recall: 0.7013, AUC: 0.7719, AP: 0.3928
2026-04-03 15:07:40,098 - utils - INFO - Label F1: 0.6183, Acc: 0.7455, Recall: 0.6770, AUC: 0.7506, AP: 0.3460
2026-04-03 15:07:40,099 - train - INFO - Validation AUC: 0.7719
2026-04-03 15:07:40,110 - utils - INFO - Checkpoint saved to checkpoints\best_CARE_yelp.pt
2026-04-03 15:07:40,110 - train - INFO - New best model saved (AUC: 0.7719)
2026-04-03 15:07:49,907 - train - INFO - Epoch: 19, loss: 1.8187, lr: 0.010000, time: 9.79s
2026-04-03 15:07:58,848 - train - INFO - Epoch: 20, loss: 1.8133, lr: 0.010000, time: 8.94s
2026-04-03 15:08:07,614 - train - INFO - Epoch: 21, loss: 1.7795, lr: 0.010000, time: 8.76s
2026-04-03 15:09:17,526 - utils - INFO - GNN F1: 0.5390, Acc: 0.6004, Recall: 0.6884, AUC: 0.7695, AP: 0.3930
2026-04-03 15:09:17,526 - utils - INFO - Label F1: 0.5101, Acc: 0.5599, Recall: 0.6733, AUC: 0.7519, AP: 0.3443
2026-04-03 15:09:34,673 - utils - INFO - GNN F1: 0.5454, Acc: 0.6089, Recall: 0.6933, AUC: 0.7730, AP: 0.3940
2026-04-03 15:09:34,674 - utils - INFO - Label F1: 0.5173, Acc: 0.5693, Recall: 0.6785, AUC: 0.7554, AP: 0.3527
2026-04-03 15:09:34,674 - train - INFO - Validation AUC: 0.7730
2026-04-03 15:09:34,684 - utils - INFO - Checkpoint saved to checkpoints\best_CARE_yelp.pt
2026-04-03 15:09:34,685 - train - INFO - New best model saved (AUC: 0.7730)
2026-04-03 15:09:43,313 - train - INFO - Epoch: 22, loss: 1.8047, lr: 0.010000, time: 8.62s
2026-04-03 15:09:52,800 - train - INFO - Epoch: 23, loss: 1.7958, lr: 0.010000, time: 9.48s
2026-04-03 15:10:01,332 - train - INFO - Epoch: 24, loss: 1.8061, lr: 0.010000, time: 8.53s
2026-04-03 15:11:10,480 - utils - INFO - GNN F1: 0.6357, Acc: 0.7615, Recall: 0.6947, AUC: 0.7716, AP: 0.3956
2026-04-03 15:11:10,480 - utils - INFO - Label F1: 0.5906, Acc: 0.6864, Recall: 0.6922, AUC: 0.7548, AP: 0.3472
2026-04-03 15:11:27,855 - utils - INFO - GNN F1: 0.6337, Acc: 0.7592, Recall: 0.6933, AUC: 0.7745, AP: 0.3948
2026-04-03 15:11:27,856 - utils - INFO - Label F1: 0.5952, Acc: 0.6915, Recall: 0.6963, AUC: 0.7580, AP: 0.3557
2026-04-03 15:11:27,856 - train - INFO - Validation AUC: 0.7745
2026-04-03 15:11:27,867 - utils - INFO - Checkpoint saved to checkpoints\best_CARE_yelp.pt
2026-04-03 15:11:27,868 - train - INFO - New best model saved (AUC: 0.7745)
2026-04-03 15:11:37,235 - train - INFO - Epoch: 25, loss: 1.7732, lr: 0.010000, time: 9.36s
2026-04-03 15:11:45,831 - train - INFO - Epoch: 26, loss: 1.7959, lr: 0.010000, time: 8.59s
2026-04-03 15:11:55,578 - train - INFO - Epoch: 27, loss: 1.7627, lr: 0.010000, time: 9.74s
2026-04-03 15:13:04,984 - utils - INFO - GNN F1: 0.6054, Acc: 0.7038, Recall: 0.7045, AUC: 0.7721, AP: 0.3978
2026-04-03 15:13:04,984 - utils - INFO - Label F1: 0.6211, Acc: 0.7424, Recall: 0.6875, AUC: 0.7568, AP: 0.3506
2026-04-03 15:13:22,003 - utils - INFO - GNN F1: 0.6041, Acc: 0.7023, Recall: 0.7033, AUC: 0.7753, AP: 0.3972
2026-04-03 15:13:22,003 - utils - INFO - Label F1: 0.6198, Acc: 0.7406, Recall: 0.6867, AUC: 0.7603, AP: 0.3590
2026-04-03 15:13:22,004 - train - INFO - Validation AUC: 0.7753
2026-04-03 15:13:22,014 - utils - INFO - Checkpoint saved to checkpoints\best_CARE_yelp.pt
2026-04-03 15:13:22,015 - train - INFO - New best model saved (AUC: 0.7753)
2026-04-03 15:13:31,918 - train - INFO - Epoch: 28, loss: 1.7734, lr: 0.010000, time: 9.90s
2026-04-03 15:13:40,327 - train - INFO - Epoch: 29, loss: 1.8029, lr: 0.010000, time: 8.40s
2026-04-03 15:13:48,544 - train - INFO - Epoch: 30, loss: 1.7439, lr: 0.010000, time: 8.21s
2026-04-03 15:14:58,407 - utils - INFO - GNN F1: 0.5874, Acc: 0.6749, Recall: 0.7018, AUC: 0.7731, AP: 0.4005
2026-04-03 15:14:58,407 - utils - INFO - Label F1: 0.5846, Acc: 0.6749, Recall: 0.6939, AUC: 0.7579, AP: 0.3540
2026-04-03 15:15:15,132 - utils - INFO - GNN F1: 0.5867, Acc: 0.6754, Recall: 0.6989, AUC: 0.7762, AP: 0.3990
2026-04-03 15:15:15,132 - utils - INFO - Label F1: 0.5872, Acc: 0.6777, Recall: 0.6964, AUC: 0.7619, AP: 0.3622
2026-04-03 15:15:15,133 - train - INFO - Validation AUC: 0.7762
2026-04-03 15:15:15,143 - utils - INFO - Checkpoint saved to checkpoints\best_CARE_yelp.pt
2026-04-03 15:15:15,144 - train - INFO - New best model saved (AUC: 0.7762)
2026-04-03 15:15:15,144 - train - INFO - Training complete.
2026-04-03 15:15:15,798 - __main__ - INFO - Experiment lambda_policy=0.05 completed in 1401.7s
2026-04-03 15:15:15,799 - __main__ - INFO - Best GNN AUC: 0.7730967038643036
2026-04-03 15:15:15,799 - __main__ - INFO - 
============================================================
2026-04-03 15:15:15,799 - __main__ - INFO - Running experiment: lambda_policy=0.1
2026-04-03 15:15:15,799 - __main__ - INFO - ============================================================
2026-04-03 15:15:15,799 - __main__ - INFO - Config: {'model': 'CARE', 'use_capn': True, 'lambda_policy': 0.1}
2026-04-03 15:15:15,800 - train - INFO - Using device: cuda
2026-04-03 15:15:15,800 - utils - INFO - Random seed set to 72
2026-04-03 15:15:15,801 - utils - INFO - Loading cached labels/features from yelp_labels.npy, yelp_features.npy
2026-04-03 15:15:20,265 - utils - INFO - Loaded yelp dataset: 45954 nodes, 32 features
2026-04-03 15:15:20,293 - train - INFO - Split: train=11488, val=6893, test=27573
2026-04-03 15:15:20,312 - train - INFO - Model: CARE, Inter-AGG: GNN, emb_size: 64
2026-04-03 15:15:20,314 - train - INFO - Using MLP label predictor (hidden=16)
2026-04-03 15:15:20,325 - train - INFO - Policy network state_dim=37
2026-04-03 15:15:20,325 - train - INFO - CAPN mode enabled: policy_hidden=64, policy_lr=0.001, lambda_policy=0.1
2026-04-03 15:15:20,326 - train - INFO - Dual optimizer: GNN params=3618, Policy params=4710
2026-04-03 15:15:41,062 - train - INFO - Epoch: 0, loss: 2.0797, lr: 0.010000, time: 20.72s
2026-04-03 15:18:25,708 - utils - INFO - GNN F1: 0.5785, Acc: 0.8305, Recall: 0.5679, AUC: 0.6744, AP: 0.2753
2026-04-03 15:18:25,709 - utils - INFO - Label F1: 0.4608, Acc: 0.8547, Recall: 0.5000, AUC: 0.6259, AP: 0.2226
2026-04-03 15:19:08,130 - utils - INFO - GNN F1: 0.5698, Acc: 0.8309, Recall: 0.5605, AUC: 0.6659, AP: 0.2688
2026-04-03 15:19:08,130 - utils - INFO - Label F1: 0.4609, Acc: 0.8551, Recall: 0.5000, AUC: 0.6113, AP: 0.2220
2026-04-03 15:19:08,131 - train - INFO - Validation AUC: 0.6659
2026-04-03 15:19:08,144 - utils - INFO - Checkpoint saved to checkpoints\best_CARE_yelp.pt
2026-04-03 15:19:08,144 - train - INFO - New best model saved (AUC: 0.6659)
2026-04-03 15:19:21,863 - train - INFO - Epoch: 1, loss: 2.0759, lr: 0.010000, time: 13.70s
2026-04-03 15:19:34,185 - train - INFO - Epoch: 2, loss: 2.0674, lr: 0.010000, time: 12.30s
2026-04-03 15:19:47,359 - train - INFO - Epoch: 3, loss: 2.0596, lr: 0.010000, time: 13.16s
2026-04-03 15:20:56,348 - utils - INFO - GNN F1: 0.6102, Acc: 0.7515, Recall: 0.6542, AUC: 0.7271, AP: 0.3278
2026-04-03 15:20:56,348 - utils - INFO - Label F1: 0.1863, Acc: 0.1937, Recall: 0.5243, AUC: 0.7087, AP: 0.2932
2026-04-03 15:21:13,810 - utils - INFO - GNN F1: 0.6153, Acc: 0.7564, Recall: 0.6582, AUC: 0.7260, AP: 0.3236
2026-04-03 15:21:13,811 - utils - INFO - Label F1: 0.1877, Acc: 0.1948, Recall: 0.5256, AUC: 0.7089, AP: 0.2991
2026-04-03 15:21:13,812 - train - INFO - Validation AUC: 0.7260
2026-04-03 15:21:13,824 - utils - INFO - Checkpoint saved to checkpoints\best_CARE_yelp.pt
2026-04-03 15:21:13,824 - train - INFO - New best model saved (AUC: 0.7260)
2026-04-03 15:21:25,618 - train - INFO - Epoch: 4, loss: 2.0507, lr: 0.010000, time: 11.78s
2026-04-03 15:21:36,648 - train - INFO - Epoch: 5, loss: 2.0377, lr: 0.010000, time: 11.01s
2026-04-03 15:21:48,247 - train - INFO - Epoch: 6, loss: 2.0237, lr: 0.010000, time: 11.59s
2026-04-03 15:22:57,737 - utils - INFO - GNN F1: 0.5565, Acc: 0.6371, Recall: 0.6749, AUC: 0.7403, AP: 0.3429
2026-04-03 15:22:57,737 - utils - INFO - Label F1: 0.4932, Acc: 0.5400, Recall: 0.6543, AUC: 0.7251, AP: 0.3106
2026-04-03 15:23:15,188 - utils - INFO - GNN F1: 0.5611, Acc: 0.6426, Recall: 0.6795, AUC: 0.7408, AP: 0.3423
2026-04-03 15:23:15,188 - utils - INFO - Label F1: 0.4997, Acc: 0.5489, Recall: 0.6587, AUC: 0.7274, AP: 0.3172
2026-04-03 15:23:15,189 - train - INFO - Validation AUC: 0.7408
2026-04-03 15:23:15,199 - utils - INFO - Checkpoint saved to checkpoints\best_CARE_yelp.pt
2026-04-03 15:23:15,199 - train - INFO - New best model saved (AUC: 0.7408)
2026-04-03 15:23:26,461 - train - INFO - Epoch: 7, loss: 2.0107, lr: 0.010000, time: 11.25s
2026-04-03 15:23:35,961 - train - INFO - Epoch: 8, loss: 1.9854, lr: 0.010000, time: 9.49s
2026-04-03 15:23:45,532 - train - INFO - Epoch: 9, loss: 1.9646, lr: 0.010000, time: 9.56s
2026-04-03 15:24:55,329 - utils - INFO - GNN F1: 0.5913, Acc: 0.6936, Recall: 0.6828, AUC: 0.7489, AP: 0.3555
2026-04-03 15:24:55,330 - utils - INFO - Label F1: 0.5114, Acc: 0.5666, Recall: 0.6618, AUC: 0.7311, AP: 0.3184
2026-04-03 15:25:12,094 - utils - INFO - GNN F1: 0.5947, Acc: 0.6970, Recall: 0.6864, AUC: 0.7504, AP: 0.3558
2026-04-03 15:25:12,094 - utils - INFO - Label F1: 0.5160, Acc: 0.5733, Recall: 0.6640, AUC: 0.7348, AP: 0.3258
2026-04-03 15:25:12,095 - train - INFO - Validation AUC: 0.7504
2026-04-03 15:25:12,105 - utils - INFO - Checkpoint saved to checkpoints\best_CARE_yelp.pt
2026-04-03 15:25:12,105 - train - INFO - New best model saved (AUC: 0.7504)
2026-04-03 15:25:22,721 - train - INFO - Epoch: 10, loss: 1.9424, lr: 0.010000, time: 10.61s
2026-04-03 15:25:31,697 - train - INFO - Epoch: 11, loss: 1.9135, lr: 0.010000, time: 8.97s
2026-04-03 15:25:40,842 - train - INFO - Epoch: 12, loss: 1.9209, lr: 0.010000, time: 9.14s
2026-04-03 15:26:50,205 - utils - INFO - GNN F1: 0.5779, Acc: 0.6654, Recall: 0.6905, AUC: 0.7559, AP: 0.3676
2026-04-03 15:26:50,206 - utils - INFO - Label F1: 0.5702, Acc: 0.6614, Recall: 0.6749, AUC: 0.7346, AP: 0.3223
2026-04-03 15:27:08,212 - utils - INFO - GNN F1: 0.5822, Acc: 0.6715, Recall: 0.6925, AUC: 0.7586, AP: 0.3683
2026-04-03 15:27:08,212 - utils - INFO - Label F1: 0.5786, Acc: 0.6712, Recall: 0.6825, AUC: 0.7386, AP: 0.3300
2026-04-03 15:27:08,213 - train - INFO - Validation AUC: 0.7586
2026-04-03 15:27:08,223 - utils - INFO - Checkpoint saved to checkpoints\best_CARE_yelp.pt
2026-04-03 15:27:08,224 - train - INFO - New best model saved (AUC: 0.7586)
2026-04-03 15:27:17,114 - train - INFO - Epoch: 13, loss: 1.8863, lr: 0.010000, time: 8.89s
2026-04-03 15:27:26,896 - train - INFO - Epoch: 14, loss: 1.8605, lr: 0.010000, time: 9.78s
2026-04-03 15:27:35,696 - train - INFO - Epoch: 15, loss: 1.8594, lr: 0.010000, time: 8.80s
2026-04-03 15:28:44,123 - utils - INFO - GNN F1: 0.5524, Acc: 0.6226, Recall: 0.6887, AUC: 0.7634, AP: 0.3819
2026-04-03 15:28:44,124 - utils - INFO - Label F1: 0.5146, Acc: 0.5695, Recall: 0.6676, AUC: 0.7405, AP: 0.3298
2026-04-03 15:29:01,747 - utils - INFO - GNN F1: 0.5604, Acc: 0.6335, Recall: 0.6939, AUC: 0.7670, AP: 0.3851
2026-04-03 15:29:01,747 - utils - INFO - Label F1: 0.5220, Acc: 0.5785, Recall: 0.6748, AUC: 0.7446, AP: 0.3382
2026-04-03 15:29:01,748 - train - INFO - Validation AUC: 0.7670
2026-04-03 15:29:01,758 - utils - INFO - Checkpoint saved to checkpoints\best_CARE_yelp.pt
2026-04-03 15:29:01,758 - train - INFO - New best model saved (AUC: 0.7670)
2026-04-03 15:29:10,740 - train - INFO - Epoch: 16, loss: 1.8545, lr: 0.010000, time: 8.98s
2026-04-03 15:29:19,377 - train - INFO - Epoch: 17, loss: 1.8133, lr: 0.010000, time: 8.63s
2026-04-03 15:29:29,089 - train - INFO - Epoch: 18, loss: 1.8213, lr: 0.010000, time: 9.71s
2026-04-03 15:30:38,804 - utils - INFO - GNN F1: 0.5972, Acc: 0.6928, Recall: 0.7000, AUC: 0.7676, AP: 0.3892
2026-04-03 15:30:38,804 - utils - INFO - Label F1: 0.6175, Acc: 0.7443, Recall: 0.6769, AUC: 0.7463, AP: 0.3370
2026-04-03 15:30:56,085 - utils - INFO - GNN F1: 0.5990, Acc: 0.6947, Recall: 0.7016, AUC: 0.7720, AP: 0.3926
2026-04-03 15:30:56,085 - utils - INFO - Label F1: 0.6183, Acc: 0.7455, Recall: 0.6770, AUC: 0.7506, AP: 0.3460
2026-04-03 15:30:56,086 - train - INFO - Validation AUC: 0.7720
2026-04-03 15:30:56,096 - utils - INFO - Checkpoint saved to checkpoints\best_CARE_yelp.pt
2026-04-03 15:30:56,097 - train - INFO - New best model saved (AUC: 0.7720)
2026-04-03 15:31:06,145 - train - INFO - Epoch: 19, loss: 1.8201, lr: 0.010000, time: 10.04s
2026-04-03 15:31:14,700 - train - INFO - Epoch: 20, loss: 1.8142, lr: 0.010000, time: 8.55s
2026-04-03 15:31:23,108 - train - INFO - Epoch: 21, loss: 1.7798, lr: 0.010000, time: 8.40s
2026-04-03 15:32:32,087 - utils - INFO - GNN F1: 0.5366, Acc: 0.5969, Recall: 0.6876, AUC: 0.7694, AP: 0.3925
2026-04-03 15:32:32,087 - utils - INFO - Label F1: 0.5101, Acc: 0.5599, Recall: 0.6733, AUC: 0.7519, AP: 0.3443
2026-04-03 15:32:49,149 - utils - INFO - GNN F1: 0.5424, Acc: 0.6046, Recall: 0.6916, AUC: 0.7729, AP: 0.3933
2026-04-03 15:32:49,149 - utils - INFO - Label F1: 0.5173, Acc: 0.5693, Recall: 0.6785, AUC: 0.7554, AP: 0.3527
2026-04-03 15:32:49,150 - train - INFO - Validation AUC: 0.7729
2026-04-03 15:32:49,163 - utils - INFO - Checkpoint saved to checkpoints\best_CARE_yelp.pt
2026-04-03 15:32:49,163 - train - INFO - New best model saved (AUC: 0.7729)
2026-04-03 15:32:57,823 - train - INFO - Epoch: 22, loss: 1.8055, lr: 0.010000, time: 8.66s
2026-04-03 15:33:07,733 - train - INFO - Epoch: 23, loss: 1.7940, lr: 0.010000, time: 9.90s
2026-04-03 15:33:16,304 - train - INFO - Epoch: 24, loss: 1.8060, lr: 0.010000, time: 8.57s
2026-04-03 15:34:24,877 - utils - INFO - GNN F1: 0.6354, Acc: 0.7609, Recall: 0.6948, AUC: 0.7714, AP: 0.3952
2026-04-03 15:34:24,878 - utils - INFO - Label F1: 0.5906, Acc: 0.6864, Recall: 0.6921, AUC: 0.7548, AP: 0.3472
2026-04-03 15:34:42,798 - utils - INFO - GNN F1: 0.6345, Acc: 0.7595, Recall: 0.6946, AUC: 0.7743, AP: 0.3942
2026-04-03 15:34:42,799 - utils - INFO - Label F1: 0.5952, Acc: 0.6915, Recall: 0.6963, AUC: 0.7580, AP: 0.3557
2026-04-03 15:34:42,800 - train - INFO - Validation AUC: 0.7743
2026-04-03 15:34:42,811 - utils - INFO - Checkpoint saved to checkpoints\best_CARE_yelp.pt
2026-04-03 15:34:42,811 - train - INFO - New best model saved (AUC: 0.7743)
2026-04-03 15:34:51,488 - train - INFO - Epoch: 25, loss: 1.7718, lr: 0.010000, time: 8.67s
2026-04-03 15:35:00,099 - train - INFO - Epoch: 26, loss: 1.7958, lr: 0.010000, time: 8.61s
2026-04-03 15:35:08,498 - train - INFO - Epoch: 27, loss: 1.7655, lr: 0.010000, time: 8.39s
2026-04-03 15:36:17,141 - utils - INFO - GNN F1: 0.6035, Acc: 0.7010, Recall: 0.7040, AUC: 0.7719, AP: 0.3972
2026-04-03 15:36:17,142 - utils - INFO - Label F1: 0.6212, Acc: 0.7425, Recall: 0.6875, AUC: 0.7568, AP: 0.3506
2026-04-03 15:36:34,371 - utils - INFO - GNN F1: 0.6023, Acc: 0.6995, Recall: 0.7028, AUC: 0.7751, AP: 0.3963
2026-04-03 15:36:34,371 - utils - INFO - Label F1: 0.6198, Acc: 0.7406, Recall: 0.6867, AUC: 0.7603, AP: 0.3590
2026-04-03 15:36:34,372 - train - INFO - Validation AUC: 0.7751
2026-04-03 15:36:34,383 - utils - INFO - Checkpoint saved to checkpoints\best_CARE_yelp.pt
2026-04-03 15:36:34,383 - train - INFO - New best model saved (AUC: 0.7751)
2026-04-03 15:36:43,725 - train - INFO - Epoch: 28, loss: 1.7746, lr: 0.010000, time: 9.34s
2026-04-03 15:36:53,603 - train - INFO - Epoch: 29, loss: 1.8043, lr: 0.010000, time: 9.87s
2026-04-03 15:37:02,036 - train - INFO - Epoch: 30, loss: 1.7446, lr: 0.010000, time: 8.43s
2026-04-03 15:38:11,404 - utils - INFO - GNN F1: 0.5858, Acc: 0.6727, Recall: 0.7011, AUC: 0.7727, AP: 0.3997
2026-04-03 15:38:11,404 - utils - INFO - Label F1: 0.5843, Acc: 0.6745, Recall: 0.6936, AUC: 0.7579, AP: 0.3540
2026-04-03 15:38:29,127 - utils - INFO - GNN F1: 0.5859, Acc: 0.6740, Recall: 0.6993, AUC: 0.7759, AP: 0.3979
2026-04-03 15:38:29,128 - utils - INFO - Label F1: 0.5867, Acc: 0.6771, Recall: 0.6961, AUC: 0.7619, AP: 0.3622
2026-04-03 15:38:29,128 - train - INFO - Validation AUC: 0.7759
2026-04-03 15:38:29,139 - utils - INFO - Checkpoint saved to checkpoints\best_CARE_yelp.pt
2026-04-03 15:38:29,140 - train - INFO - New best model saved (AUC: 0.7759)
2026-04-03 15:38:29,140 - train - INFO - Training complete.
2026-04-03 15:38:29,804 - __main__ - INFO - Experiment lambda_policy=0.1 completed in 1394.0s
2026-04-03 15:38:29,804 - __main__ - INFO - Best GNN AUC: 0.7727142896212815
2026-04-03 15:38:29,804 - __main__ - INFO - 
============================================================
2026-04-03 15:38:29,804 - __main__ - INFO - Running experiment: lambda_policy=0.5
2026-04-03 15:38:29,804 - __main__ - INFO - ============================================================
2026-04-03 15:38:29,805 - __main__ - INFO - Config: {'model': 'CARE', 'use_capn': True, 'lambda_policy': 0.5}
2026-04-03 15:38:29,805 - train - INFO - Using device: cuda
2026-04-03 15:38:29,806 - utils - INFO - Random seed set to 72
2026-04-03 15:38:29,807 - utils - INFO - Loading cached labels/features from yelp_labels.npy, yelp_features.npy
2026-04-03 15:38:34,408 - utils - INFO - Loaded yelp dataset: 45954 nodes, 32 features
2026-04-03 15:38:34,436 - train - INFO - Split: train=11488, val=6893, test=27573
2026-04-03 15:38:34,455 - train - INFO - Model: CARE, Inter-AGG: GNN, emb_size: 64
2026-04-03 15:38:34,456 - train - INFO - Using MLP label predictor (hidden=16)
2026-04-03 15:38:34,467 - train - INFO - Policy network state_dim=37
2026-04-03 15:38:34,468 - train - INFO - CAPN mode enabled: policy_hidden=64, policy_lr=0.001, lambda_policy=0.5
2026-04-03 15:38:34,471 - train - INFO - Dual optimizer: GNN params=3618, Policy params=4710
2026-04-03 15:38:54,777 - train - INFO - Epoch: 0, loss: 2.0806, lr: 0.010000, time: 20.29s
2026-04-03 15:41:40,435 - utils - INFO - GNN F1: 0.5785, Acc: 0.8305, Recall: 0.5679, AUC: 0.6744, AP: 0.2753
2026-04-03 15:41:40,435 - utils - INFO - Label F1: 0.4608, Acc: 0.8547, Recall: 0.5000, AUC: 0.6259, AP: 0.2226
2026-04-03 15:42:21,803 - utils - INFO - GNN F1: 0.5698, Acc: 0.8309, Recall: 0.5605, AUC: 0.6659, AP: 0.2688
2026-04-03 15:42:21,804 - utils - INFO - Label F1: 0.4609, Acc: 0.8551, Recall: 0.5000, AUC: 0.6113, AP: 0.2220
2026-04-03 15:42:21,804 - train - INFO - Validation AUC: 0.6659
2026-04-03 15:42:21,818 - utils - INFO - Checkpoint saved to checkpoints\best_CARE_yelp.pt
2026-04-03 15:42:21,818 - train - INFO - New best model saved (AUC: 0.6659)
2026-04-03 15:42:37,041 - train - INFO - Epoch: 1, loss: 2.0762, lr: 0.010000, time: 15.21s
2026-04-03 15:42:49,647 - train - INFO - Epoch: 2, loss: 2.0673, lr: 0.010000, time: 12.59s
2026-04-03 15:43:02,133 - train - INFO - Epoch: 3, loss: 2.0597, lr: 0.010000, time: 12.47s
2026-04-03 15:44:11,571 - utils - INFO - GNN F1: 0.6102, Acc: 0.7516, Recall: 0.6540, AUC: 0.7272, AP: 0.3278
2026-04-03 15:44:11,571 - utils - INFO - Label F1: 0.1863, Acc: 0.1937, Recall: 0.5243, AUC: 0.7087, AP: 0.2932
2026-04-03 15:44:28,806 - utils - INFO - GNN F1: 0.6151, Acc: 0.7566, Recall: 0.6577, AUC: 0.7261, AP: 0.3236
2026-04-03 15:44:28,806 - utils - INFO - Label F1: 0.1877, Acc: 0.1948, Recall: 0.5256, AUC: 0.7089, AP: 0.2991
2026-04-03 15:44:28,807 - train - INFO - Validation AUC: 0.7261
2026-04-03 15:44:28,817 - utils - INFO - Checkpoint saved to checkpoints\best_CARE_yelp.pt
2026-04-03 15:44:28,818 - train - INFO - New best model saved (AUC: 0.7261)
2026-04-03 15:44:41,618 - train - INFO - Epoch: 4, loss: 2.0510, lr: 0.010000, time: 12.78s
2026-04-03 15:44:52,702 - train - INFO - Epoch: 5, loss: 2.0382, lr: 0.010000, time: 11.07s
2026-04-03 15:45:02,819 - train - INFO - Epoch: 6, loss: 2.0244, lr: 0.010000, time: 10.11s
2026-04-03 15:46:12,265 - utils - INFO - GNN F1: 0.5564, Acc: 0.6369, Recall: 0.6748, AUC: 0.7403, AP: 0.3429
2026-04-03 15:46:12,265 - utils - INFO - Label F1: 0.4932, Acc: 0.5400, Recall: 0.6543, AUC: 0.7251, AP: 0.3106
2026-04-03 15:46:29,775 - utils - INFO - GNN F1: 0.5610, Acc: 0.6424, Recall: 0.6794, AUC: 0.7408, AP: 0.3423
2026-04-03 15:46:29,775 - utils - INFO - Label F1: 0.4997, Acc: 0.5489, Recall: 0.6587, AUC: 0.7274, AP: 0.3172
2026-04-03 15:46:29,776 - train - INFO - Validation AUC: 0.7408
2026-04-03 15:46:29,787 - utils - INFO - Checkpoint saved to checkpoints\best_CARE_yelp.pt
2026-04-03 15:46:29,787 - train - INFO - New best model saved (AUC: 0.7408)
2026-04-03 15:46:39,808 - train - INFO - Epoch: 7, loss: 2.0114, lr: 0.010000, time: 10.02s
2026-04-03 15:46:50,844 - train - INFO - Epoch: 8, loss: 1.9863, lr: 0.010000, time: 11.02s
2026-04-03 15:47:00,595 - train - INFO - Epoch: 9, loss: 1.9654, lr: 0.010000, time: 9.75s
2026-04-03 15:48:08,654 - utils - INFO - GNN F1: 0.5914, Acc: 0.6938, Recall: 0.6827, AUC: 0.7489, AP: 0.3554
2026-04-03 15:48:08,655 - utils - INFO - Label F1: 0.5114, Acc: 0.5666, Recall: 0.6618, AUC: 0.7311, AP: 0.3184
2026-04-03 15:48:25,938 - utils - INFO - GNN F1: 0.5947, Acc: 0.6970, Recall: 0.6864, AUC: 0.7503, AP: 0.3558
2026-04-03 15:48:25,938 - utils - INFO - Label F1: 0.5160, Acc: 0.5733, Recall: 0.6640, AUC: 0.7348, AP: 0.3258
2026-04-03 15:48:25,939 - train - INFO - Validation AUC: 0.7503
2026-04-03 15:48:25,951 - utils - INFO - Checkpoint saved to checkpoints\best_CARE_yelp.pt
2026-04-03 15:48:25,951 - train - INFO - New best model saved (AUC: 0.7503)
2026-04-03 15:48:35,443 - train - INFO - Epoch: 10, loss: 1.9432, lr: 0.010000, time: 9.48s
2026-04-03 15:48:45,483 - train - INFO - Epoch: 11, loss: 1.9149, lr: 0.010000, time: 10.03s
2026-04-03 15:48:54,428 - train - INFO - Epoch: 12, loss: 1.9217, lr: 0.010000, time: 8.94s
2026-04-03 15:50:02,968 - utils - INFO - GNN F1: 0.5782, Acc: 0.6661, Recall: 0.6902, AUC: 0.7559, AP: 0.3676
2026-04-03 15:50:02,968 - utils - INFO - Label F1: 0.5702, Acc: 0.6614, Recall: 0.6749, AUC: 0.7346, AP: 0.3223
2026-04-03 15:50:20,550 - utils - INFO - GNN F1: 0.5830, Acc: 0.6725, Recall: 0.6931, AUC: 0.7586, AP: 0.3684
2026-04-03 15:50:20,551 - utils - INFO - Label F1: 0.5786, Acc: 0.6712, Recall: 0.6825, AUC: 0.7386, AP: 0.3300
2026-04-03 15:50:20,551 - train - INFO - Validation AUC: 0.7586
2026-04-03 15:50:20,563 - utils - INFO - Checkpoint saved to checkpoints\best_CARE_yelp.pt
2026-04-03 15:50:20,563 - train - INFO - New best model saved (AUC: 0.7586)
2026-04-03 15:50:29,593 - train - INFO - Epoch: 13, loss: 1.8870, lr: 0.010000, time: 9.03s
2026-04-03 15:50:38,254 - train - INFO - Epoch: 14, loss: 1.8615, lr: 0.010000, time: 8.66s
2026-04-03 15:50:48,400 - train - INFO - Epoch: 15, loss: 1.8604, lr: 0.010000, time: 10.14s
2026-04-03 15:51:56,609 - utils - INFO - GNN F1: 0.5526, Acc: 0.6230, Recall: 0.6887, AUC: 0.7634, AP: 0.3819
2026-04-03 15:51:56,609 - utils - INFO - Label F1: 0.5146, Acc: 0.5695, Recall: 0.6676, AUC: 0.7405, AP: 0.3298
2026-04-03 15:52:13,488 - utils - INFO - GNN F1: 0.5605, Acc: 0.6336, Recall: 0.6940, AUC: 0.7670, AP: 0.3851
2026-04-03 15:52:13,488 - utils - INFO - Label F1: 0.5220, Acc: 0.5785, Recall: 0.6748, AUC: 0.7446, AP: 0.3382
2026-04-03 15:52:13,489 - train - INFO - Validation AUC: 0.7670
2026-04-03 15:52:13,500 - utils - INFO - Checkpoint saved to checkpoints\best_CARE_yelp.pt
2026-04-03 15:52:13,500 - train - INFO - New best model saved (AUC: 0.7670)
2026-04-03 15:52:23,055 - train - INFO - Epoch: 16, loss: 1.8555, lr: 0.010000, time: 9.55s
2026-04-03 15:52:31,855 - train - INFO - Epoch: 17, loss: 1.8126, lr: 0.010000, time: 8.80s
2026-04-03 15:52:40,732 - train - INFO - Epoch: 18, loss: 1.8207, lr: 0.010000, time: 8.87s
2026-04-03 15:53:49,783 - utils - INFO - GNN F1: 0.6020, Acc: 0.7001, Recall: 0.7014, AUC: 0.7675, AP: 0.3893
2026-04-03 15:53:49,784 - utils - INFO - Label F1: 0.6175, Acc: 0.7443, Recall: 0.6769, AUC: 0.7463, AP: 0.3370
2026-04-03 15:54:07,199 - utils - INFO - GNN F1: 0.6042, Acc: 0.7029, Recall: 0.7026, AUC: 0.7721, AP: 0.3928
2026-04-03 15:54:07,199 - utils - INFO - Label F1: 0.6183, Acc: 0.7455, Recall: 0.6770, AUC: 0.7506, AP: 0.3460
2026-04-03 15:54:07,200 - train - INFO - Validation AUC: 0.7721
2026-04-03 15:54:07,211 - utils - INFO - Checkpoint saved to checkpoints\best_CARE_yelp.pt
2026-04-03 15:54:07,211 - train - INFO - New best model saved (AUC: 0.7721)
2026-04-03 15:54:15,911 - train - INFO - Epoch: 19, loss: 1.8203, lr: 0.010000, time: 8.70s
2026-04-03 15:54:25,777 - train - INFO - Epoch: 20, loss: 1.8173, lr: 0.010000, time: 9.86s
2026-04-03 15:54:34,442 - train - INFO - Epoch: 21, loss: 1.7809, lr: 0.010000, time: 8.66s
2026-04-03 15:55:43,830 - utils - INFO - GNN F1: 0.5301, Acc: 0.5875, Recall: 0.6845, AUC: 0.7695, AP: 0.3928
2026-04-03 15:55:43,830 - utils - INFO - Label F1: 0.5101, Acc: 0.5599, Recall: 0.6733, AUC: 0.7519, AP: 0.3443
2026-04-03 15:56:01,292 - utils - INFO - GNN F1: 0.5366, Acc: 0.5961, Recall: 0.6894, AUC: 0.7731, AP: 0.3940
2026-04-03 15:56:01,292 - utils - INFO - Label F1: 0.5173, Acc: 0.5693, Recall: 0.6785, AUC: 0.7554, AP: 0.3527
2026-04-03 15:56:01,293 - train - INFO - Validation AUC: 0.7731
2026-04-03 15:56:01,304 - utils - INFO - Checkpoint saved to checkpoints\best_CARE_yelp.pt
2026-04-03 15:56:01,304 - train - INFO - New best model saved (AUC: 0.7731)
2026-04-03 15:56:10,351 - train - INFO - Epoch: 22, loss: 1.8059, lr: 0.010000, time: 9.04s
2026-04-03 15:56:18,962 - train - INFO - Epoch: 23, loss: 1.7955, lr: 0.010000, time: 8.61s
2026-04-03 15:56:28,577 - train - INFO - Epoch: 24, loss: 1.8055, lr: 0.010000, time: 9.61s
2026-04-03 15:57:37,065 - utils - INFO - GNN F1: 0.6363, Acc: 0.7634, Recall: 0.6936, AUC: 0.7714, AP: 0.3953
2026-04-03 15:57:37,065 - utils - INFO - Label F1: 0.5906, Acc: 0.6864, Recall: 0.6921, AUC: 0.7548, AP: 0.3472
2026-04-03 15:57:54,150 - utils - INFO - GNN F1: 0.6353, Acc: 0.7625, Recall: 0.6924, AUC: 0.7744, AP: 0.3943
2026-04-03 15:57:54,150 - utils - INFO - Label F1: 0.5952, Acc: 0.6915, Recall: 0.6963, AUC: 0.7580, AP: 0.3557
2026-04-03 15:57:54,151 - train - INFO - Validation AUC: 0.7744
2026-04-03 15:57:54,163 - utils - INFO - Checkpoint saved to checkpoints\best_CARE_yelp.pt
2026-04-03 15:57:54,163 - train - INFO - New best model saved (AUC: 0.7744)
2026-04-03 15:58:03,974 - train - INFO - Epoch: 25, loss: 1.7735, lr: 0.010000, time: 9.81s
2026-04-03 15:58:12,477 - train - INFO - Epoch: 26, loss: 1.7968, lr: 0.010000, time: 8.50s
2026-04-03 15:58:21,214 - train - INFO - Epoch: 27, loss: 1.7646, lr: 0.010000, time: 8.73s
2026-04-03 15:59:29,603 - utils - INFO - GNN F1: 0.6003, Acc: 0.6960, Recall: 0.7032, AUC: 0.7720, AP: 0.3974
2026-04-03 15:59:29,603 - utils - INFO - Label F1: 0.6212, Acc: 0.7425, Recall: 0.6875, AUC: 0.7568, AP: 0.3506
2026-04-03 15:59:47,874 - utils - INFO - GNN F1: 0.5980, Acc: 0.6940, Recall: 0.7000, AUC: 0.7752, AP: 0.3964
2026-04-03 15:59:47,875 - utils - INFO - Label F1: 0.6198, Acc: 0.7406, Recall: 0.6867, AUC: 0.7603, AP: 0.3590
2026-04-03 15:59:47,875 - train - INFO - Validation AUC: 0.7752
2026-04-03 15:59:47,886 - utils - INFO - Checkpoint saved to checkpoints\best_CARE_yelp.pt
2026-04-03 15:59:47,886 - train - INFO - New best model saved (AUC: 0.7752)
2026-04-03 15:59:56,447 - train - INFO - Epoch: 28, loss: 1.7764, lr: 0.010000, time: 8.56s
2026-04-03 16:00:05,981 - train - INFO - Epoch: 29, loss: 1.8041, lr: 0.010000, time: 9.53s
2026-04-03 16:00:14,777 - train - INFO - Epoch: 30, loss: 1.7441, lr: 0.010000, time: 8.79s
2026-04-03 16:01:23,196 - utils - INFO - GNN F1: 0.5877, Acc: 0.6756, Recall: 0.7016, AUC: 0.7729, AP: 0.4002
2026-04-03 16:01:23,197 - utils - INFO - Label F1: 0.5842, Acc: 0.6743, Recall: 0.6936, AUC: 0.7579, AP: 0.3540
2026-04-03 16:01:40,461 - utils - INFO - GNN F1: 0.5869, Acc: 0.6760, Recall: 0.6985, AUC: 0.7759, AP: 0.3982
2026-04-03 16:01:40,461 - utils - INFO - Label F1: 0.5867, Acc: 0.6771, Recall: 0.6961, AUC: 0.7619, AP: 0.3622
2026-04-03 16:01:40,462 - train - INFO - Validation AUC: 0.7759
2026-04-03 16:01:40,474 - utils - INFO - Checkpoint saved to checkpoints\best_CARE_yelp.pt
2026-04-03 16:01:40,474 - train - INFO - New best model saved (AUC: 0.7759)
2026-04-03 16:01:40,474 - train - INFO - Training complete.
2026-04-03 16:01:41,131 - __main__ - INFO - Experiment lambda_policy=0.5 completed in 1391.3s
2026-04-03 16:01:41,131 - __main__ - INFO - Best GNN AUC: 0.7728891133109814
2026-04-03 16:01:41,132 - __main__ - INFO - Results saved to results/ablation\yelp\capn_lambda\ablation_results_20260403_160141.json
2026-04-03 16:01:41,959 - __main__ - INFO - 

Starting study: capn_llm_state
2026-04-03 16:01:41,960 - __main__ - INFO - 
============================================================
2026-04-03 16:01:41,960 - __main__ - INFO - Running experiment: CAPN (base state)
2026-04-03 16:01:41,960 - __main__ - INFO - ============================================================
2026-04-03 16:01:41,960 - __main__ - INFO - Config: {'model': 'CARE', 'use_capn': True, 'use_llm_state': False}
2026-04-03 16:01:41,960 - train - INFO - Using device: cuda
2026-04-03 16:01:41,962 - utils - INFO - Random seed set to 72
2026-04-03 16:01:41,962 - utils - INFO - Loading cached labels/features from yelp_labels.npy, yelp_features.npy
2026-04-03 16:01:46,432 - utils - INFO - Loaded yelp dataset: 45954 nodes, 32 features
2026-04-03 16:01:46,461 - train - INFO - Split: train=11488, val=6893, test=27573
2026-04-03 16:01:46,480 - train - INFO - Model: CARE, Inter-AGG: GNN, emb_size: 64
2026-04-03 16:01:46,482 - train - INFO - Using MLP label predictor (hidden=16)
2026-04-03 16:01:46,495 - train - INFO - Policy network state_dim=37
2026-04-03 16:01:46,495 - train - INFO - CAPN mode enabled: policy_hidden=64, policy_lr=0.001, lambda_policy=0.1
2026-04-03 16:01:46,497 - train - INFO - Dual optimizer: GNN params=3618, Policy params=4710
2026-04-03 16:02:05,803 - train - INFO - Epoch: 0, loss: 2.0797, lr: 0.010000, time: 19.29s
2026-04-03 16:04:43,651 - utils - INFO - GNN F1: 0.5785, Acc: 0.8305, Recall: 0.5679, AUC: 0.6744, AP: 0.2753
2026-04-03 16:04:43,652 - utils - INFO - Label F1: 0.4608, Acc: 0.8547, Recall: 0.5000, AUC: 0.6259, AP: 0.2226
2026-04-03 16:05:25,045 - utils - INFO - GNN F1: 0.5698, Acc: 0.8309, Recall: 0.5605, AUC: 0.6659, AP: 0.2688
2026-04-03 16:05:25,045 - utils - INFO - Label F1: 0.4609, Acc: 0.8551, Recall: 0.5000, AUC: 0.6113, AP: 0.2220
2026-04-03 16:05:25,046 - train - INFO - Validation AUC: 0.6659
2026-04-03 16:05:25,059 - utils - INFO - Checkpoint saved to checkpoints\best_CARE_yelp.pt
2026-04-03 16:05:25,059 - train - INFO - New best model saved (AUC: 0.6659)
2026-04-03 16:05:38,480 - train - INFO - Epoch: 1, loss: 2.0759, lr: 0.010000, time: 13.40s
2026-04-03 16:05:51,861 - train - INFO - Epoch: 2, loss: 2.0674, lr: 0.010000, time: 13.37s
2026-04-03 16:06:03,856 - train - INFO - Epoch: 3, loss: 2.0596, lr: 0.010000, time: 11.98s
2026-04-03 16:07:14,749 - utils - INFO - GNN F1: 0.6102, Acc: 0.7515, Recall: 0.6542, AUC: 0.7271, AP: 0.3278
2026-04-03 16:07:14,749 - utils - INFO - Label F1: 0.1863, Acc: 0.1937, Recall: 0.5243, AUC: 0.7087, AP: 0.2932
2026-04-03 16:07:32,795 - utils - INFO - GNN F1: 0.6153, Acc: 0.7564, Recall: 0.6582, AUC: 0.7260, AP: 0.3236
2026-04-03 16:07:32,795 - utils - INFO - Label F1: 0.1877, Acc: 0.1948, Recall: 0.5256, AUC: 0.7089, AP: 0.2991
2026-04-03 16:07:32,795 - train - INFO - Validation AUC: 0.7260
2026-04-03 16:07:32,807 - utils - INFO - Checkpoint saved to checkpoints\best_CARE_yelp.pt
2026-04-03 16:07:32,808 - train - INFO - New best model saved (AUC: 0.7260)
2026-04-03 16:07:46,034 - train - INFO - Epoch: 4, loss: 2.0507, lr: 0.010000, time: 13.21s
2026-04-03 16:07:56,843 - train - INFO - Epoch: 5, loss: 2.0377, lr: 0.010000, time: 10.80s
2026-04-03 16:08:07,830 - train - INFO - Epoch: 6, loss: 2.0237, lr: 0.010000, time: 10.97s
2026-04-03 16:09:18,130 - utils - INFO - GNN F1: 0.5565, Acc: 0.6371, Recall: 0.6749, AUC: 0.7403, AP: 0.3429
2026-04-03 16:09:18,131 - utils - INFO - Label F1: 0.4932, Acc: 0.5400, Recall: 0.6543, AUC: 0.7251, AP: 0.3106
2026-04-03 16:09:35,752 - utils - INFO - GNN F1: 0.5611, Acc: 0.6426, Recall: 0.6795, AUC: 0.7408, AP: 0.3423
2026-04-03 16:09:35,752 - utils - INFO - Label F1: 0.4997, Acc: 0.5489, Recall: 0.6587, AUC: 0.7274, AP: 0.3172
2026-04-03 16:09:35,753 - train - INFO - Validation AUC: 0.7408
2026-04-03 16:09:35,767 - utils - INFO - Checkpoint saved to checkpoints\best_CARE_yelp.pt
2026-04-03 16:09:35,767 - train - INFO - New best model saved (AUC: 0.7408)
2026-04-03 16:09:46,216 - train - INFO - Epoch: 7, loss: 2.0107, lr: 0.010000, time: 10.44s
2026-04-03 16:09:56,042 - train - INFO - Epoch: 8, loss: 1.9854, lr: 0.010000, time: 9.82s
2026-04-03 16:10:06,585 - train - INFO - Epoch: 9, loss: 1.9646, lr: 0.010000, time: 10.53s
2026-04-03 16:11:16,519 - utils - INFO - GNN F1: 0.5913, Acc: 0.6936, Recall: 0.6828, AUC: 0.7489, AP: 0.3555
2026-04-03 16:11:16,519 - utils - INFO - Label F1: 0.5114, Acc: 0.5666, Recall: 0.6618, AUC: 0.7311, AP: 0.3184
2026-04-03 16:11:34,382 - utils - INFO - GNN F1: 0.5947, Acc: 0.6970, Recall: 0.6864, AUC: 0.7504, AP: 0.3558
2026-04-03 16:11:34,382 - utils - INFO - Label F1: 0.5160, Acc: 0.5733, Recall: 0.6640, AUC: 0.7348, AP: 0.3258
2026-04-03 16:11:34,383 - train - INFO - Validation AUC: 0.7504
2026-04-03 16:11:34,396 - utils - INFO - Checkpoint saved to checkpoints\best_CARE_yelp.pt
2026-04-03 16:11:34,396 - train - INFO - New best model saved (AUC: 0.7504)
2026-04-03 16:11:44,167 - train - INFO - Epoch: 10, loss: 1.9424, lr: 0.010000, time: 9.76s
2026-04-03 16:11:54,506 - train - INFO - Epoch: 11, loss: 1.9135, lr: 0.010000, time: 10.33s
2026-04-03 16:12:03,706 - train - INFO - Epoch: 12, loss: 1.9209, lr: 0.010000, time: 9.20s
2026-04-03 16:13:15,080 - utils - INFO - GNN F1: 0.5779, Acc: 0.6654, Recall: 0.6905, AUC: 0.7559, AP: 0.3676
2026-04-03 16:13:15,080 - utils - INFO - Label F1: 0.5702, Acc: 0.6614, Recall: 0.6749, AUC: 0.7346, AP: 0.3223
2026-04-03 16:13:32,630 - utils - INFO - GNN F1: 0.5822, Acc: 0.6715, Recall: 0.6925, AUC: 0.7586, AP: 0.3683
2026-04-03 16:13:32,630 - utils - INFO - Label F1: 0.5786, Acc: 0.6712, Recall: 0.6825, AUC: 0.7386, AP: 0.3300
2026-04-03 16:13:32,631 - train - INFO - Validation AUC: 0.7586
2026-04-03 16:13:32,642 - utils - INFO - Checkpoint saved to checkpoints\best_CARE_yelp.pt
2026-04-03 16:13:32,642 - train - INFO - New best model saved (AUC: 0.7586)
2026-04-03 16:13:41,913 - train - INFO - Epoch: 13, loss: 1.8863, lr: 0.010000, time: 9.27s
2026-04-03 16:13:51,780 - train - INFO - Epoch: 14, loss: 1.8605, lr: 0.010000, time: 9.86s
2026-04-03 16:14:00,550 - train - INFO - Epoch: 15, loss: 1.8594, lr: 0.010000, time: 8.77s
2026-04-03 16:15:10,363 - utils - INFO - GNN F1: 0.5524, Acc: 0.6226, Recall: 0.6887, AUC: 0.7634, AP: 0.3819
2026-04-03 16:15:10,364 - utils - INFO - Label F1: 0.5146, Acc: 0.5695, Recall: 0.6676, AUC: 0.7405, AP: 0.3298
2026-04-03 16:15:27,805 - utils - INFO - GNN F1: 0.5604, Acc: 0.6335, Recall: 0.6939, AUC: 0.7670, AP: 0.3851
2026-04-03 16:15:27,805 - utils - INFO - Label F1: 0.5220, Acc: 0.5785, Recall: 0.6748, AUC: 0.7446, AP: 0.3382
2026-04-03 16:15:27,806 - train - INFO - Validation AUC: 0.7670
2026-04-03 16:15:27,819 - utils - INFO - Checkpoint saved to checkpoints\best_CARE_yelp.pt
2026-04-03 16:15:27,819 - train - INFO - New best model saved (AUC: 0.7670)
2026-04-03 16:15:37,328 - train - INFO - Epoch: 16, loss: 1.8545, lr: 0.010000, time: 9.50s
2026-04-03 16:15:47,081 - train - INFO - Epoch: 17, loss: 1.8133, lr: 0.010000, time: 9.75s
2026-04-03 16:15:55,688 - train - INFO - Epoch: 18, loss: 1.8213, lr: 0.010000, time: 8.60s
2026-04-03 16:17:04,773 - utils - INFO - GNN F1: 0.5972, Acc: 0.6928, Recall: 0.7000, AUC: 0.7676, AP: 0.3892
2026-04-03 16:17:04,774 - utils - INFO - Label F1: 0.6175, Acc: 0.7443, Recall: 0.6769, AUC: 0.7463, AP: 0.3370
2026-04-03 16:17:22,488 - utils - INFO - GNN F1: 0.5990, Acc: 0.6947, Recall: 0.7016, AUC: 0.7720, AP: 0.3926
2026-04-03 16:17:22,489 - utils - INFO - Label F1: 0.6183, Acc: 0.7455, Recall: 0.6770, AUC: 0.7506, AP: 0.3460
2026-04-03 16:17:22,489 - train - INFO - Validation AUC: 0.7720
2026-04-03 16:17:22,503 - utils - INFO - Checkpoint saved to checkpoints\best_CARE_yelp.pt
2026-04-03 16:17:22,503 - train - INFO - New best model saved (AUC: 0.7720)
2026-04-03 16:17:31,096 - train - INFO - Epoch: 19, loss: 1.8201, lr: 0.010000, time: 8.59s
2026-04-03 16:17:40,830 - train - INFO - Epoch: 20, loss: 1.8142, lr: 0.010000, time: 9.73s
2026-04-03 16:17:49,173 - train - INFO - Epoch: 21, loss: 1.7798, lr: 0.010000, time: 8.34s
2026-04-03 16:18:58,424 - utils - INFO - GNN F1: 0.5366, Acc: 0.5969, Recall: 0.6876, AUC: 0.7694, AP: 0.3925
2026-04-03 16:18:58,425 - utils - INFO - Label F1: 0.5101, Acc: 0.5599, Recall: 0.6733, AUC: 0.7519, AP: 0.3443
2026-04-03 16:19:16,520 - utils - INFO - GNN F1: 0.5424, Acc: 0.6046, Recall: 0.6916, AUC: 0.7729, AP: 0.3933
2026-04-03 16:19:16,520 - utils - INFO - Label F1: 0.5173, Acc: 0.5693, Recall: 0.6785, AUC: 0.7554, AP: 0.3527
2026-04-03 16:19:16,521 - train - INFO - Validation AUC: 0.7729
2026-04-03 16:19:16,534 - utils - INFO - Checkpoint saved to checkpoints\best_CARE_yelp.pt
2026-04-03 16:19:16,534 - train - INFO - New best model saved (AUC: 0.7729)
2026-04-03 16:19:25,486 - train - INFO - Epoch: 22, loss: 1.8055, lr: 0.010000, time: 8.95s
2026-04-03 16:19:34,922 - train - INFO - Epoch: 23, loss: 1.7940, lr: 0.010000, time: 9.43s
2026-04-03 16:19:44,061 - train - INFO - Epoch: 24, loss: 1.8060, lr: 0.010000, time: 9.13s
2026-04-03 16:20:52,986 - utils - INFO - GNN F1: 0.6354, Acc: 0.7609, Recall: 0.6948, AUC: 0.7714, AP: 0.3952
2026-04-03 16:20:52,986 - utils - INFO - Label F1: 0.5906, Acc: 0.6864, Recall: 0.6921, AUC: 0.7548, AP: 0.3472
2026-04-03 16:21:10,568 - utils - INFO - GNN F1: 0.6345, Acc: 0.7595, Recall: 0.6946, AUC: 0.7743, AP: 0.3942
2026-04-03 16:21:10,568 - utils - INFO - Label F1: 0.5952, Acc: 0.6915, Recall: 0.6963, AUC: 0.7580, AP: 0.3557
2026-04-03 16:21:10,569 - train - INFO - Validation AUC: 0.7743
2026-04-03 16:21:10,579 - utils - INFO - Checkpoint saved to checkpoints\best_CARE_yelp.pt
2026-04-03 16:21:10,579 - train - INFO - New best model saved (AUC: 0.7743)
2026-04-03 16:21:19,362 - train - INFO - Epoch: 25, loss: 1.7718, lr: 0.010000, time: 8.78s
2026-04-03 16:21:28,895 - train - INFO - Epoch: 26, loss: 1.7958, lr: 0.010000, time: 9.53s
2026-04-03 16:21:37,537 - train - INFO - Epoch: 27, loss: 1.7655, lr: 0.010000, time: 8.64s
2026-04-03 16:22:47,372 - utils - INFO - GNN F1: 0.6035, Acc: 0.7010, Recall: 0.7040, AUC: 0.7719, AP: 0.3972
2026-04-03 16:22:47,373 - utils - INFO - Label F1: 0.6212, Acc: 0.7425, Recall: 0.6875, AUC: 0.7568, AP: 0.3506
2026-04-03 16:23:04,859 - utils - INFO - GNN F1: 0.6023, Acc: 0.6995, Recall: 0.7028, AUC: 0.7751, AP: 0.3963
2026-04-03 16:23:04,859 - utils - INFO - Label F1: 0.6198, Acc: 0.7406, Recall: 0.6867, AUC: 0.7603, AP: 0.3590
2026-04-03 16:23:04,860 - train - INFO - Validation AUC: 0.7751
2026-04-03 16:23:04,872 - utils - INFO - Checkpoint saved to checkpoints\best_CARE_yelp.pt
2026-04-03 16:23:04,872 - train - INFO - New best model saved (AUC: 0.7751)
2026-04-03 16:23:13,794 - train - INFO - Epoch: 28, loss: 1.7746, lr: 0.010000, time: 8.92s
2026-04-03 16:23:23,056 - train - INFO - Epoch: 29, loss: 1.8043, lr: 0.010000, time: 9.26s
2026-04-03 16:23:31,380 - train - INFO - Epoch: 30, loss: 1.7446, lr: 0.010000, time: 8.32s
2026-04-03 16:24:40,190 - utils - INFO - GNN F1: 0.5858, Acc: 0.6727, Recall: 0.7011, AUC: 0.7727, AP: 0.3997
2026-04-03 16:24:40,191 - utils - INFO - Label F1: 0.5843, Acc: 0.6745, Recall: 0.6936, AUC: 0.7579, AP: 0.3540
2026-04-03 16:24:58,188 - utils - INFO - GNN F1: 0.5859, Acc: 0.6740, Recall: 0.6993, AUC: 0.7759, AP: 0.3979
2026-04-03 16:24:58,188 - utils - INFO - Label F1: 0.5867, Acc: 0.6771, Recall: 0.6961, AUC: 0.7619, AP: 0.3622
2026-04-03 16:24:58,189 - train - INFO - Validation AUC: 0.7759
2026-04-03 16:24:58,201 - utils - INFO - Checkpoint saved to checkpoints\best_CARE_yelp.pt
2026-04-03 16:24:58,201 - train - INFO - New best model saved (AUC: 0.7759)
2026-04-03 16:24:58,201 - train - INFO - Training complete.
2026-04-03 16:24:58,203 - __main__ - INFO - Experiment CAPN (base state) completed in 1396.2s
2026-04-03 16:24:58,203 - __main__ - INFO - Best GNN AUC: 0.7727142896212815
2026-04-03 16:24:58,204 - __main__ - INFO - 
============================================================
2026-04-03 16:24:58,204 - __main__ - INFO - Running experiment: CAPN (LLM state)
2026-04-03 16:24:58,204 - __main__ - INFO - ============================================================
2026-04-03 16:24:58,204 - __main__ - INFO - Config: {'model': 'CARE', 'use_capn': True, 'use_llm_state': True}
2026-04-03 16:24:58,204 - train - INFO - Using device: cuda
2026-04-03 16:24:58,205 - utils - INFO - Random seed set to 72
2026-04-03 16:24:58,205 - utils - INFO - Loading cached labels/features from yelp_labels.npy, yelp_features.npy
2026-04-03 16:25:02,745 - utils - INFO - Loaded yelp dataset: 45954 nodes, 32 features
2026-04-03 16:25:02,773 - train - INFO - Split: train=11488, val=6893, test=27573
2026-04-03 16:25:02,793 - train - INFO - Model: CARE, Inter-AGG: GNN, emb_size: 64
2026-04-03 16:25:02,794 - train - INFO - Using MLP label predictor (hidden=16)
2026-04-03 16:25:02,887 - train - INFO - LLM state enrichment: embeddings torch.Size([45954, 384]), projection 384 -> 16
2026-04-03 16:25:02,898 - train - INFO - Policy network state_dim=53
2026-04-03 16:25:02,899 - train - INFO - CAPN mode enabled: policy_hidden=64, policy_lr=0.001, lambda_policy=0.1
2026-04-03 16:25:02,902 - train - INFO - Dual optimizer: GNN params=3618, Policy params=31414
2026-04-03 16:25:24,397 - train - INFO - Epoch: 0, loss: 2.0788, lr: 0.010000, time: 21.48s
2026-04-03 16:28:12,405 - utils - INFO - GNN F1: 0.5127, Acc: 0.8519, Recall: 0.5237, AUC: 0.6942, AP: 0.2799
2026-04-03 16:28:12,405 - utils - INFO - Label F1: 0.4608, Acc: 0.8547, Recall: 0.5000, AUC: 0.6212, AP: 0.2196
2026-04-03 16:28:56,456 - utils - INFO - GNN F1: 0.5256, Acc: 0.8561, Recall: 0.5314, AUC: 0.6909, AP: 0.2866
2026-04-03 16:28:56,456 - utils - INFO - Label F1: 0.4609, Acc: 0.8551, Recall: 0.5000, AUC: 0.6056, AP: 0.2165
2026-04-03 16:28:56,457 - train - INFO - Validation AUC: 0.6909
2026-04-03 16:28:56,469 - utils - INFO - Checkpoint saved to checkpoints\best_CARE_yelp.pt
2026-04-03 16:28:56,470 - train - INFO - New best model saved (AUC: 0.6909)
2026-04-03 16:29:11,126 - train - INFO - Epoch: 1, loss: 2.0745, lr: 0.010000, time: 14.64s
2026-04-03 16:29:24,255 - train - INFO - Epoch: 2, loss: 2.0666, lr: 0.010000, time: 13.11s
2026-04-03 16:29:37,767 - train - INFO - Epoch: 3, loss: 2.0579, lr: 0.010000, time: 13.49s
2026-04-03 16:30:46,807 - utils - INFO - GNN F1: 0.6145, Acc: 0.7621, Recall: 0.6514, AUC: 0.7316, AP: 0.3297
2026-04-03 16:30:46,807 - utils - INFO - Label F1: 0.1844, Acc: 0.1921, Recall: 0.5240, AUC: 0.7096, AP: 0.2931
2026-04-03 16:31:04,556 - utils - INFO - GNN F1: 0.6152, Acc: 0.7643, Recall: 0.6500, AUC: 0.7318, AP: 0.3359
2026-04-03 16:31:04,556 - utils - INFO - Label F1: 0.1870, Acc: 0.1942, Recall: 0.5253, AUC: 0.7090, AP: 0.2987
2026-04-03 16:31:04,557 - train - INFO - Validation AUC: 0.7318
2026-04-03 16:31:04,568 - utils - INFO - Checkpoint saved to checkpoints\best_CARE_yelp.pt
2026-04-03 16:31:04,568 - train - INFO - New best model saved (AUC: 0.7318)
2026-04-03 16:31:16,245 - train - INFO - Epoch: 4, loss: 2.0493, lr: 0.010000, time: 11.66s
2026-04-03 16:31:28,305 - train - INFO - Epoch: 5, loss: 2.0360, lr: 0.010000, time: 12.04s
2026-04-03 16:31:40,006 - train - INFO - Epoch: 6, loss: 2.0249, lr: 0.010000, time: 11.69s
2026-04-03 16:32:49,272 - utils - INFO - GNN F1: 0.5603, Acc: 0.6439, Recall: 0.6747, AUC: 0.7390, AP: 0.3401
2026-04-03 16:32:49,272 - utils - INFO - Label F1: 0.4511, Acc: 0.4799, Recall: 0.6404, AUC: 0.7250, AP: 0.3095
2026-04-03 16:33:06,605 - utils - INFO - GNN F1: 0.5673, Acc: 0.6528, Recall: 0.6803, AUC: 0.7402, AP: 0.3431
2026-04-03 16:33:06,605 - utils - INFO - Label F1: 0.4542, Acc: 0.4843, Recall: 0.6415, AUC: 0.7266, AP: 0.3157
2026-04-03 16:33:06,606 - train - INFO - Validation AUC: 0.7402
2026-04-03 16:33:06,617 - utils - INFO - Checkpoint saved to checkpoints\best_CARE_yelp.pt
2026-04-03 16:33:06,618 - train - INFO - New best model saved (AUC: 0.7402)
2026-04-03 16:33:17,727 - train - INFO - Epoch: 7, loss: 2.0090, lr: 0.010000, time: 11.10s
2026-04-03 16:33:27,243 - train - INFO - Epoch: 8, loss: 1.9861, lr: 0.010000, time: 9.51s
2026-04-03 16:33:37,895 - train - INFO - Epoch: 9, loss: 1.9683, lr: 0.010000, time: 10.65s
2026-04-03 16:34:47,279 - utils - INFO - GNN F1: 0.5858, Acc: 0.6856, Recall: 0.6804, AUC: 0.7460, AP: 0.3486
2026-04-03 16:34:47,279 - utils - INFO - Label F1: 0.4990, Acc: 0.5479, Recall: 0.6579, AUC: 0.7315, AP: 0.3175
2026-04-03 16:35:04,621 - utils - INFO - GNN F1: 0.5913, Acc: 0.6912, Recall: 0.6863, AUC: 0.7478, AP: 0.3503
2026-04-03 16:35:04,622 - utils - INFO - Label F1: 0.5057, Acc: 0.5568, Recall: 0.6632, AUC: 0.7347, AP: 0.3244
2026-04-03 16:35:04,622 - train - INFO - Validation AUC: 0.7478
2026-04-03 16:35:04,633 - utils - INFO - Checkpoint saved to checkpoints\best_CARE_yelp.pt
2026-04-03 16:35:04,633 - train - INFO - New best model saved (AUC: 0.7478)
2026-04-03 16:35:15,273 - train - INFO - Epoch: 10, loss: 1.9492, lr: 0.010000, time: 10.63s
2026-04-03 16:35:24,533 - train - INFO - Epoch: 11, loss: 1.9227, lr: 0.010000, time: 9.25s
2026-04-03 16:35:33,718 - train - INFO - Epoch: 12, loss: 1.9228, lr: 0.010000, time: 9.18s
2026-04-03 16:36:43,766 - utils - INFO - GNN F1: 0.5716, Acc: 0.6560, Recall: 0.6878, AUC: 0.7531, AP: 0.3596
2026-04-03 16:36:43,767 - utils - INFO - Label F1: 0.5587, Acc: 0.6411, Recall: 0.6745, AUC: 0.7340, AP: 0.3205
2026-04-03 16:37:01,019 - utils - INFO - GNN F1: 0.5768, Acc: 0.6635, Recall: 0.6903, AUC: 0.7558, AP: 0.3611
2026-04-03 16:37:01,019 - utils - INFO - Label F1: 0.5653, Acc: 0.6495, Recall: 0.6799, AUC: 0.7379, AP: 0.3283
2026-04-03 16:37:01,020 - train - INFO - Validation AUC: 0.7558
2026-04-03 16:37:01,032 - utils - INFO - Checkpoint saved to checkpoints\best_CARE_yelp.pt
2026-04-03 16:37:01,032 - train - INFO - New best model saved (AUC: 0.7558)
2026-04-03 16:37:10,279 - train - INFO - Epoch: 13, loss: 1.8932, lr: 0.010000, time: 9.24s
2026-04-03 16:37:20,238 - train - INFO - Epoch: 14, loss: 1.8675, lr: 0.010000, time: 9.95s
2026-04-03 16:37:28,917 - train - INFO - Epoch: 15, loss: 1.8689, lr: 0.010000, time: 8.67s
2026-04-03 16:38:39,669 - utils - INFO - GNN F1: 0.5476, Acc: 0.6164, Recall: 0.6849, AUC: 0.7601, AP: 0.3728
2026-04-03 16:38:39,669 - utils - INFO - Label F1: 0.5203, Acc: 0.5785, Recall: 0.6684, AUC: 0.7393, AP: 0.3289
2026-04-03 16:38:57,378 - utils - INFO - GNN F1: 0.5561, Acc: 0.6281, Recall: 0.6902, AUC: 0.7638, AP: 0.3753
2026-04-03 16:38:57,379 - utils - INFO - Label F1: 0.5276, Acc: 0.5880, Recall: 0.6742, AUC: 0.7435, AP: 0.3377
2026-04-03 16:38:57,380 - train - INFO - Validation AUC: 0.7638
2026-04-03 16:38:57,391 - utils - INFO - Checkpoint saved to checkpoints\best_CARE_yelp.pt
2026-04-03 16:38:57,392 - train - INFO - New best model saved (AUC: 0.7638)
2026-04-03 16:39:06,454 - train - INFO - Epoch: 16, loss: 1.8574, lr: 0.010000, time: 9.06s
2026-04-03 16:39:15,434 - train - INFO - Epoch: 17, loss: 1.8154, lr: 0.010000, time: 8.98s
2026-04-03 16:39:25,582 - train - INFO - Epoch: 18, loss: 1.8279, lr: 0.010000, time: 10.14s
2026-04-03 16:40:34,581 - utils - INFO - GNN F1: 0.5864, Acc: 0.6766, Recall: 0.6961, AUC: 0.7643, AP: 0.3792
2026-04-03 16:40:34,581 - utils - INFO - Label F1: 0.6094, Acc: 0.7283, Recall: 0.6793, AUC: 0.7454, AP: 0.3357
2026-04-03 16:40:51,865 - utils - INFO - GNN F1: 0.5921, Acc: 0.6829, Recall: 0.7018, AUC: 0.7685, AP: 0.3819
2026-04-03 16:40:51,865 - utils - INFO - Label F1: 0.6136, Acc: 0.7314, Recall: 0.6845, AUC: 0.7496, AP: 0.3447
2026-04-03 16:40:51,865 - train - INFO - Validation AUC: 0.7685
2026-04-03 16:40:51,880 - utils - INFO - Checkpoint saved to checkpoints\best_CARE_yelp.pt
2026-04-03 16:40:51,880 - train - INFO - New best model saved (AUC: 0.7685)
2026-04-03 16:41:01,584 - train - INFO - Epoch: 19, loss: 1.8343, lr: 0.010000, time: 9.70s
2026-04-03 16:41:10,387 - train - INFO - Epoch: 20, loss: 1.8196, lr: 0.010000, time: 8.80s
2026-04-03 16:41:19,129 - train - INFO - Epoch: 21, loss: 1.7898, lr: 0.010000, time: 8.74s
2026-04-03 16:42:29,772 - utils - INFO - GNN F1: 0.5292, Acc: 0.5858, Recall: 0.6851, AUC: 0.7663, AP: 0.3815
2026-04-03 16:42:29,773 - utils - INFO - Label F1: 0.5226, Acc: 0.5788, Recall: 0.6763, AUC: 0.7513, AP: 0.3425
2026-04-03 16:42:46,797 - utils - INFO - GNN F1: 0.5345, Acc: 0.5932, Recall: 0.6883, AUC: 0.7699, AP: 0.3820
2026-04-03 16:42:46,798 - utils - INFO - Label F1: 0.5273, Acc: 0.5855, Recall: 0.6790, AUC: 0.7546, AP: 0.3510
2026-04-03 16:42:46,798 - train - INFO - Validation AUC: 0.7699
2026-04-03 16:42:46,810 - utils - INFO - Checkpoint saved to checkpoints\best_CARE_yelp.pt
2026-04-03 16:42:46,810 - train - INFO - New best model saved (AUC: 0.7699)
2026-04-03 16:42:55,510 - train - INFO - Epoch: 22, loss: 1.8043, lr: 0.010000, time: 8.70s
2026-04-03 16:43:05,059 - train - INFO - Epoch: 23, loss: 1.7995, lr: 0.010000, time: 9.54s
2026-04-03 16:43:13,487 - train - INFO - Epoch: 24, loss: 1.7995, lr: 0.010000, time: 8.42s
2026-04-03 16:44:22,963 - utils - INFO - GNN F1: 0.6315, Acc: 0.7574, Recall: 0.6910, AUC: 0.7673, AP: 0.3829
2026-04-03 16:44:22,964 - utils - INFO - Label F1: 0.5942, Acc: 0.6928, Recall: 0.6918, AUC: 0.7543, AP: 0.3461
2026-04-03 16:44:40,664 - utils - INFO - GNN F1: 0.6332, Acc: 0.7574, Recall: 0.6946, AUC: 0.7708, AP: 0.3828
2026-04-03 16:44:40,664 - utils - INFO - Label F1: 0.5977, Acc: 0.6968, Recall: 0.6946, AUC: 0.7573, AP: 0.3543
2026-04-03 16:44:40,665 - train - INFO - Validation AUC: 0.7708
2026-04-03 16:44:40,677 - utils - INFO - Checkpoint saved to checkpoints\best_CARE_yelp.pt
2026-04-03 16:44:40,677 - train - INFO - New best model saved (AUC: 0.7708)
2026-04-03 16:44:49,663 - train - INFO - Epoch: 25, loss: 1.7860, lr: 0.010000, time: 8.98s
2026-04-03 16:44:58,355 - train - INFO - Epoch: 26, loss: 1.8063, lr: 0.010000, time: 8.69s
2026-04-03 16:45:07,532 - train - INFO - Epoch: 27, loss: 1.7701, lr: 0.010000, time: 9.17s
2026-04-03 16:46:17,860 - utils - INFO - GNN F1: 0.5943, Acc: 0.6883, Recall: 0.6991, AUC: 0.7681, AP: 0.3847
2026-04-03 16:46:17,860 - utils - INFO - Label F1: 0.6238, Acc: 0.7489, Recall: 0.6850, AUC: 0.7564, AP: 0.3498
2026-04-03 16:46:35,348 - utils - INFO - GNN F1: 0.5965, Acc: 0.6911, Recall: 0.7006, AUC: 0.7716, AP: 0.3844
2026-04-03 16:46:35,348 - utils - INFO - Label F1: 0.6222, Acc: 0.7470, Recall: 0.6837, AUC: 0.7599, AP: 0.3576
2026-04-03 16:46:35,349 - train - INFO - Validation AUC: 0.7716
2026-04-03 16:46:35,359 - utils - INFO - Checkpoint saved to checkpoints\best_CARE_yelp.pt
2026-04-03 16:46:35,360 - train - INFO - New best model saved (AUC: 0.7716)
2026-04-03 16:46:45,438 - train - INFO - Epoch: 28, loss: 1.7697, lr: 0.010000, time: 10.08s
2026-04-03 16:46:54,022 - train - INFO - Epoch: 29, loss: 1.8059, lr: 0.010000, time: 8.58s
2026-04-03 16:47:02,394 - train - INFO - Epoch: 30, loss: 1.7522, lr: 0.010000, time: 8.37s
2026-04-03 16:48:11,618 - utils - INFO - GNN F1: 0.5869, Acc: 0.6755, Recall: 0.6994, AUC: 0.7687, AP: 0.3867
2026-04-03 16:48:11,619 - utils - INFO - Label F1: 0.5833, Acc: 0.6734, Recall: 0.6927, AUC: 0.7576, AP: 0.3540
2026-04-03 16:48:29,282 - utils - INFO - GNN F1: 0.5883, Acc: 0.6786, Recall: 0.6982, AUC: 0.7718, AP: 0.3849
2026-04-03 16:48:29,282 - utils - INFO - Label F1: 0.5866, Acc: 0.6766, Recall: 0.6966, AUC: 0.7615, AP: 0.3615
2026-04-03 16:48:29,283 - train - INFO - Validation AUC: 0.7718
2026-04-03 16:48:29,294 - utils - INFO - Checkpoint saved to checkpoints\best_CARE_yelp.pt
2026-04-03 16:48:29,294 - train - INFO - New best model saved (AUC: 0.7718)
2026-04-03 16:48:29,294 - train - INFO - Training complete.
2026-04-03 16:48:29,968 - __main__ - INFO - Experiment CAPN (LLM state) completed in 1411.8s
2026-04-03 16:48:29,969 - __main__ - INFO - Best GNN AUC: 0.7686948700299998
2026-04-03 16:48:29,970 - __main__ - INFO - Results saved to results/ablation\yelp\capn_llm_state\ablation_results_20260403_164829.json
