2026-04-03 01:14:01,189 - __main__ - INFO - 

Starting study: capn
2026-04-03 01:14:01,189 - __main__ - INFO - 
============================================================
2026-04-03 01:14:01,189 - __main__ - INFO - Running experiment: CARE-GNN (original RL)
2026-04-03 01:14:01,189 - __main__ - INFO - ============================================================
2026-04-03 01:14:01,189 - __main__ - INFO - Config: {'model': 'CARE', 'use_capn': False}
2026-04-03 01:14:02,422 - train - INFO - Using device: cuda
2026-04-03 01:14:02,424 - utils - INFO - Random seed set to 72
2026-04-03 01:14:02,424 - utils - INFO - Loading cached labels/features from amz_labels.npy, amz_features.npy
2026-04-03 01:14:07,954 - utils - INFO - Loaded amazon dataset: 11944 nodes, 25 features
2026-04-03 01:14:07,961 - train - INFO - Split: train=2159, val=1296, test=5184
2026-04-03 01:14:08,048 - train - INFO - Model: CARE, Inter-AGG: GNN, emb_size: 64
2026-04-03 01:14:10,669 - train - INFO - Epoch: 0, loss: 2.1396, lr: 0.010000, time: 0.85s
2026-04-03 01:14:19,732 - utils - INFO - GNN F1: 0.3874, Acc: 0.5177, Recall: 0.4265, AUC: 0.4875, AP: 0.0844
2026-04-03 01:14:19,732 - utils - INFO - Label F1: 0.4284, Acc: 0.6847, Recall: 0.4150, AUC: 0.4902, AP: 0.0844
2026-04-03 01:14:22,151 - utils - INFO - GNN F1: 0.4059, Acc: 0.5323, Recall: 0.4483, AUC: 0.5075, AP: 0.0873
2026-04-03 01:14:22,152 - utils - INFO - Label F1: 0.4287, Acc: 0.6898, Recall: 0.4125, AUC: 0.4472, AP: 0.0793
2026-04-03 01:14:22,152 - train - INFO - Validation AUC: 0.5075
2026-04-03 01:14:22,159 - utils - INFO - Checkpoint saved to checkpoints\best_CARE_amazon.pt
2026-04-03 01:14:22,159 - train - INFO - New best model saved (AUC: 0.5075)
2026-04-03 01:14:22,991 - train - INFO - Epoch: 1, loss: 2.0820, lr: 0.010000, time: 0.83s
2026-04-03 01:14:23,832 - layers - INFO - RL update - scores: ['0.0339', '0.0347', '0.0315'], rewards: [-1, -1, -1], thresholds: ['0.4800', '0.4800', '0.4800']
2026-04-03 01:14:23,845 - train - INFO - Epoch: 2, loss: 2.0269, lr: 0.010000, time: 0.85s
2026-04-03 01:14:24,650 - layers - INFO - RL update - scores: ['0.0336', '0.0359', '0.0338'], rewards: [1, -1, -1], thresholds: ['0.5000', '0.4600', '0.4600']
2026-04-03 01:14:24,664 - train - INFO - Epoch: 3, loss: 1.9966, lr: 0.010000, time: 0.82s
2026-04-03 01:14:34,976 - utils - INFO - GNN F1: 0.7583, Acc: 0.8859, Recall: 0.8547, AUC: 0.8863, AP: 0.8083
2026-04-03 01:14:34,977 - utils - INFO - Label F1: 0.3965, Acc: 0.4702, Recall: 0.5461, AUC: 0.5384, AP: 0.0922
2026-04-03 01:14:37,404 - utils - INFO - GNN F1: 0.7418, Acc: 0.8752, Recall: 0.8200, AUC: 0.8392, AP: 0.7492
2026-04-03 01:14:37,405 - utils - INFO - Label F1: 0.3917, Acc: 0.4583, Recall: 0.5211, AUC: 0.5030, AP: 0.0869
2026-04-03 01:14:37,405 - train - INFO - Validation AUC: 0.8392
2026-04-03 01:14:37,412 - utils - INFO - Checkpoint saved to checkpoints\best_CARE_amazon.pt
2026-04-03 01:14:37,412 - train - INFO - New best model saved (AUC: 0.8392)
2026-04-03 01:14:38,180 - layers - INFO - RL update - scores: ['0.0322', '0.0353', '0.0353'], rewards: [1, 1, -1], thresholds: ['0.5200', '0.4800', '0.4400']
2026-04-03 01:14:38,191 - train - INFO - Epoch: 4, loss: 1.9664, lr: 0.010000, time: 0.78s
2026-04-03 01:14:38,960 - layers - INFO - RL update - scores: ['0.0321', '0.0338', '0.0358'], rewards: [1, 1, -1], thresholds: ['0.5400', '0.5000', '0.4200']
2026-04-03 01:14:38,973 - train - INFO - Epoch: 5, loss: 1.9326, lr: 0.010000, time: 0.78s
2026-04-03 01:14:39,838 - layers - INFO - RL update - scores: ['0.0328', '0.0349', '0.0357'], rewards: [-1, -1, 1], thresholds: ['0.5200', '0.4800', '0.4400']
2026-04-03 01:14:39,852 - train - INFO - Epoch: 6, loss: 1.8853, lr: 0.010000, time: 0.88s
2026-04-03 01:14:49,842 - utils - INFO - GNN F1: 0.6535, Acc: 0.7920, Recall: 0.8058, AUC: 0.8800, AP: 0.7967
2026-04-03 01:14:49,843 - utils - INFO - Label F1: 0.4263, Acc: 0.4834, Recall: 0.6585, AUC: 0.6118, AP: 0.1122
2026-04-03 01:14:52,158 - utils - INFO - GNN F1: 0.6427, Acc: 0.7847, Recall: 0.7656, AUC: 0.8356, AP: 0.7398
2026-04-03 01:14:52,158 - utils - INFO - Label F1: 0.4184, Acc: 0.4729, Recall: 0.6129, AUC: 0.5868, AP: 0.1072
2026-04-03 01:14:52,158 - train - INFO - Validation AUC: 0.8356
2026-04-03 01:14:52,790 - layers - INFO - RL update - scores: ['0.0326', '0.0361', '0.0355'], rewards: [1, -1, 1], thresholds: ['0.5400', '0.4600', '0.4600']
2026-04-03 01:14:52,802 - train - INFO - Epoch: 7, loss: 1.8984, lr: 0.010000, time: 0.64s
2026-04-03 01:14:53,500 - layers - INFO - RL update - scores: ['0.0310', '0.0342', '0.0382'], rewards: [1, 1, -1], thresholds: ['0.5600', '0.4800', '0.4400']
2026-04-03 01:14:53,515 - train - INFO - Epoch: 8, loss: 1.8597, lr: 0.010000, time: 0.71s
2026-04-03 01:14:54,269 - layers - INFO - RL update - scores: ['0.0313', '0.0321', '0.0412'], rewards: [-1, 1, -1], thresholds: ['0.5400', '0.5000', '0.4200']
2026-04-03 01:14:54,281 - train - INFO - Epoch: 9, loss: 1.8134, lr: 0.010000, time: 0.76s
2026-04-03 01:15:04,159 - utils - INFO - GNN F1: 0.7340, Acc: 0.8677, Recall: 0.8446, AUC: 0.8796, AP: 0.7957
2026-04-03 01:15:04,159 - utils - INFO - Label F1: 0.4263, Acc: 0.4832, Recall: 0.6591, AUC: 0.7056, AP: 0.1584
2026-04-03 01:15:06,335 - utils - INFO - GNN F1: 0.7300, Acc: 0.8680, Recall: 0.8097, AUC: 0.8374, AP: 0.7428
2026-04-03 01:15:06,335 - utils - INFO - Label F1: 0.4185, Acc: 0.4724, Recall: 0.6152, AUC: 0.6760, AP: 0.1488
2026-04-03 01:15:06,335 - train - INFO - Validation AUC: 0.8374
2026-04-03 01:15:07,161 - layers - INFO - RL update - scores: ['0.0321', '0.0340', '0.0404'], rewards: [-1, -1, 1], thresholds: ['0.5200', '0.4800', '0.4400']
2026-04-03 01:15:07,177 - train - INFO - Epoch: 10, loss: 1.8164, lr: 0.010000, time: 0.84s
2026-04-03 01:15:08,146 - layers - INFO - RL update - scores: ['0.0314', '0.0366', '0.0398'], rewards: [1, -1, 1], thresholds: ['0.5400', '0.4600', '0.4600']
2026-04-03 01:15:08,158 - train - INFO - Epoch: 11, loss: 1.7898, lr: 0.010000, time: 0.98s
2026-04-03 01:15:08,927 - layers - INFO - RL update - scores: ['0.0313', '0.0355', '0.0427'], rewards: [1, 1, -1], thresholds: ['0.5600', '0.4800', '0.4400']
2026-04-03 01:15:08,940 - train - INFO - Epoch: 12, loss: 1.7694, lr: 0.010000, time: 0.78s
2026-04-03 01:15:18,923 - utils - INFO - GNN F1: 0.7862, Acc: 0.9051, Recall: 0.8615, AUC: 0.8799, AP: 0.7956
2026-04-03 01:15:18,924 - utils - INFO - Label F1: 0.4280, Acc: 0.4857, Recall: 0.6604, AUC: 0.7765, AP: 0.2357
2026-04-03 01:15:21,368 - utils - INFO - GNN F1: 0.7768, Acc: 0.9018, Recall: 0.8285, AUC: 0.8400, AP: 0.7464
2026-04-03 01:15:21,368 - utils - INFO - Label F1: 0.4205, Acc: 0.4757, Recall: 0.6145, AUC: 0.7376, AP: 0.2127
2026-04-03 01:15:21,369 - train - INFO - Validation AUC: 0.8400
2026-04-03 01:15:21,375 - utils - INFO - Checkpoint saved to checkpoints\best_CARE_amazon.pt
2026-04-03 01:15:21,375 - train - INFO - New best model saved (AUC: 0.8400)
2026-04-03 01:15:22,185 - layers - INFO - RL update - scores: ['0.0334', '0.0345', '0.0464'], rewards: [-1, 1, -1], thresholds: ['0.5400', '0.5000', '0.4200']
2026-04-03 01:15:22,198 - train - INFO - Epoch: 13, loss: 1.7594, lr: 0.010000, time: 0.82s
2026-04-03 01:15:23,127 - layers - INFO - RL update - scores: ['0.0362', '0.0385', '0.0454'], rewards: [-1, -1, 1], thresholds: ['0.5200', '0.4800', '0.4400']
2026-04-03 01:15:23,144 - train - INFO - Epoch: 14, loss: 1.7542, lr: 0.010000, time: 0.95s
2026-04-03 01:15:23,943 - layers - INFO - RL update - scores: ['0.0368', '0.0430', '0.0447'], rewards: [-1, -1, 1], thresholds: ['0.5000', '0.4600', '0.4600']
2026-04-03 01:15:23,957 - train - INFO - Epoch: 15, loss: 1.7037, lr: 0.010000, time: 0.81s
2026-04-03 01:15:34,304 - utils - INFO - GNN F1: 0.8617, Acc: 0.9484, Recall: 0.8838, AUC: 0.8837, AP: 0.8015
2026-04-03 01:15:34,304 - utils - INFO - Label F1: 0.4348, Acc: 0.4951, Recall: 0.6657, AUC: 0.8184, AP: 0.3485
2026-04-03 01:15:36,705 - utils - INFO - GNN F1: 0.8536, Acc: 0.9461, Recall: 0.8509, AUC: 0.8445, AP: 0.7523
2026-04-03 01:15:36,705 - utils - INFO - Label F1: 0.4241, Acc: 0.4810, Recall: 0.6174, AUC: 0.7743, AP: 0.3020
2026-04-03 01:15:36,705 - train - INFO - Validation AUC: 0.8445
2026-04-03 01:15:36,711 - utils - INFO - Checkpoint saved to checkpoints\best_CARE_amazon.pt
2026-04-03 01:15:36,711 - train - INFO - New best model saved (AUC: 0.8445)
2026-04-03 01:15:37,403 - layers - INFO - RL update - scores: ['0.0378', '0.0428', '0.0481'], rewards: [-1, 1, -1], thresholds: ['0.4800', '0.4800', '0.4400']
2026-04-03 01:15:37,415 - train - INFO - Epoch: 16, loss: 1.7244, lr: 0.010000, time: 0.70s
2026-04-03 01:15:38,199 - layers - INFO - RL update - scores: ['0.0373', '0.0426', '0.0522'], rewards: [1, 1, -1], thresholds: ['0.5000', '0.5000', '0.4200']
2026-04-03 01:15:38,212 - train - INFO - Epoch: 17, loss: 1.6750, lr: 0.010000, time: 0.80s
2026-04-03 01:15:38,993 - layers - INFO - RL update - scores: ['0.0390', '0.0480', '0.0508'], rewards: [-1, -1, 1], thresholds: ['0.4800', '0.4800', '0.4400']
2026-04-03 01:15:39,006 - train - INFO - Epoch: 18, loss: 1.6526, lr: 0.010000, time: 0.79s
2026-04-03 01:15:48,819 - utils - INFO - GNN F1: 0.8717, Acc: 0.9535, Recall: 0.8821, AUC: 0.9103, AP: 0.8134
2026-04-03 01:15:48,820 - utils - INFO - Label F1: 0.4734, Acc: 0.5505, Recall: 0.6926, AUC: 0.8428, AP: 0.4832
2026-04-03 01:15:51,048 - utils - INFO - GNN F1: 0.8642, Acc: 0.9508, Recall: 0.8547, AUC: 0.8921, AP: 0.7726
2026-04-03 01:15:51,048 - utils - INFO - Label F1: 0.4634, Acc: 0.5394, Recall: 0.6437, AUC: 0.7947, AP: 0.4016
2026-04-03 01:15:51,049 - train - INFO - Validation AUC: 0.8921
2026-04-03 01:15:51,055 - utils - INFO - Checkpoint saved to checkpoints\best_CARE_amazon.pt
2026-04-03 01:15:51,055 - train - INFO - New best model saved (AUC: 0.8921)
2026-04-03 01:15:52,471 - layers - INFO - RL update - scores: ['0.0429', '0.0537', '0.0501'], rewards: [-1, -1, 1], thresholds: ['0.4600', '0.4600', '0.4600']
2026-04-03 01:15:52,487 - train - INFO - Epoch: 19, loss: 1.6147, lr: 0.010000, time: 1.43s
2026-04-03 01:15:53,362 - layers - INFO - RL update - scores: ['0.0453', '0.0540', '0.0538'], rewards: [-1, -1, -1], thresholds: ['0.4400', '0.4400', '0.4400']
2026-04-03 01:15:53,375 - train - INFO - Epoch: 20, loss: 1.6176, lr: 0.010000, time: 0.89s
2026-04-03 01:15:54,247 - layers - INFO - RL update - scores: ['0.0473', '0.0542', '0.0585'], rewards: [-1, -1, -1], thresholds: ['0.4200', '0.4200', '0.4200']
2026-04-03 01:15:54,261 - train - INFO - Epoch: 21, loss: 1.6101, lr: 0.010000, time: 0.88s
2026-04-03 01:16:04,681 - utils - INFO - GNN F1: 0.8642, Acc: 0.9494, Recall: 0.8867, AUC: 0.9287, AP: 0.8277
2026-04-03 01:16:04,681 - utils - INFO - Label F1: 0.5186, Acc: 0.6152, Recall: 0.7270, AUC: 0.8550, AP: 0.5844
2026-04-03 01:16:07,626 - utils - INFO - GNN F1: 0.8543, Acc: 0.9456, Recall: 0.8569, AUC: 0.9280, AP: 0.7981
2026-04-03 01:16:07,627 - utils - INFO - Label F1: 0.5071, Acc: 0.6027, Recall: 0.6790, AUC: 0.8057, AP: 0.4845
2026-04-03 01:16:07,627 - train - INFO - Validation AUC: 0.9280
2026-04-03 01:16:07,632 - utils - INFO - Checkpoint saved to checkpoints\best_CARE_amazon.pt
2026-04-03 01:16:07,632 - train - INFO - New best model saved (AUC: 0.9280)
2026-04-03 01:16:08,278 - layers - INFO - RL update - scores: ['0.0490', '0.0544', '0.0572'], rewards: [-1, -1, 1], thresholds: ['0.4000', '0.4000', '0.4400']
2026-04-03 01:16:08,291 - train - INFO - Epoch: 22, loss: 1.5921, lr: 0.010000, time: 0.66s
2026-04-03 01:16:09,014 - layers - INFO - RL update - scores: ['0.0508', '0.0547', '0.0565'], rewards: [-1, -1, 1], thresholds: ['0.3800', '0.3800', '0.4600']
2026-04-03 01:16:09,027 - train - INFO - Epoch: 23, loss: 1.5882, lr: 0.010000, time: 0.74s
2026-04-03 01:16:09,816 - layers - INFO - RL update - scores: ['0.0520', '0.0550', '0.0606'], rewards: [-1, -1, -1], thresholds: ['0.3600', '0.3600', '0.4400']
2026-04-03 01:16:09,828 - train - INFO - Epoch: 24, loss: 1.5775, lr: 0.010000, time: 0.80s
2026-04-03 01:16:18,936 - utils - INFO - GNN F1: 0.8677, Acc: 0.9510, Recall: 0.8868, AUC: 0.9315, AP: 0.8336
2026-04-03 01:16:18,936 - utils - INFO - Label F1: 0.5634, Acc: 0.6772, Recall: 0.7591, AUC: 0.8624, AP: 0.6525
2026-04-03 01:16:22,128 - utils - INFO - GNN F1: 0.8493, Acc: 0.9442, Recall: 0.8473, AUC: 0.9355, AP: 0.8084
2026-04-03 01:16:22,128 - utils - INFO - Label F1: 0.5567, Acc: 0.6718, Recall: 0.7177, AUC: 0.8129, AP: 0.5552
2026-04-03 01:16:22,128 - train - INFO - Validation AUC: 0.9355
2026-04-03 01:16:22,134 - utils - INFO - Checkpoint saved to checkpoints\best_CARE_amazon.pt
2026-04-03 01:16:22,134 - train - INFO - New best model saved (AUC: 0.9355)
2026-04-03 01:16:22,910 - layers - INFO - RL update - scores: ['0.0540', '0.0555', '0.0656'], rewards: [-1, -1, -1], thresholds: ['0.3400', '0.3400', '0.4200']
2026-04-03 01:16:22,923 - train - INFO - Epoch: 25, loss: 1.5644, lr: 0.010000, time: 0.79s
2026-04-03 01:16:23,734 - layers - INFO - RL update - scores: ['0.0554', '0.0558', '0.0640'], rewards: [-1, -1, 1], thresholds: ['0.3200', '0.3200', '0.4400']
2026-04-03 01:16:23,747 - train - INFO - Epoch: 26, loss: 1.5648, lr: 0.010000, time: 0.82s
2026-04-03 01:16:24,532 - layers - INFO - RL update - scores: ['0.0572', '0.0563', '0.0632'], rewards: [-1, -1, 1], thresholds: ['0.3000', '0.3000', '0.4600']
2026-04-03 01:16:24,543 - train - INFO - Epoch: 27, loss: 1.5479, lr: 0.010000, time: 0.79s
2026-04-03 01:16:34,647 - utils - INFO - GNN F1: 0.8771, Acc: 0.9554, Recall: 0.8868, AUC: 0.9345, AP: 0.8395
2026-04-03 01:16:34,647 - utils - INFO - Label F1: 0.5978, Acc: 0.7215, Recall: 0.7836, AUC: 0.8675, AP: 0.7052
2026-04-03 01:16:36,776 - utils - INFO - GNN F1: 0.8602, Acc: 0.9499, Recall: 0.8479, AUC: 0.9423, AP: 0.8180
2026-04-03 01:16:36,777 - utils - INFO - Label F1: 0.5785, Acc: 0.7009, Recall: 0.7339, AUC: 0.8184, AP: 0.6188
2026-04-03 01:16:36,777 - train - INFO - Validation AUC: 0.9423
2026-04-03 01:16:36,783 - utils - INFO - Checkpoint saved to checkpoints\best_CARE_amazon.pt
2026-04-03 01:16:36,783 - train - INFO - New best model saved (AUC: 0.9423)
2026-04-03 01:16:37,452 - layers - INFO - RL update - scores: ['0.0552', '0.0567', '0.0674'], rewards: [1, -1, -1], thresholds: ['0.3200', '0.2800', '0.4400']
2026-04-03 01:16:37,467 - train - INFO - Epoch: 28, loss: 1.5412, lr: 0.010000, time: 0.68s
2026-04-03 01:16:38,315 - layers - INFO - RL update - scores: ['0.0559', '0.0570', '0.0726'], rewards: [-1, -1, -1], thresholds: ['0.3000', '0.2600', '0.4200']
2026-04-03 01:16:38,328 - train - INFO - Epoch: 29, loss: 1.5229, lr: 0.010000, time: 0.86s
2026-04-03 01:16:39,073 - layers - INFO - RL update - scores: ['0.0621', '0.0572', '0.0707'], rewards: [-1, -1, 1], thresholds: ['0.2800', '0.2400', '0.4400']
2026-04-03 01:16:39,088 - train - INFO - Epoch: 30, loss: 1.5033, lr: 0.010000, time: 0.76s
2026-04-03 01:16:48,796 - utils - INFO - GNN F1: 0.8815, Acc: 0.9577, Recall: 0.8890, AUC: 0.9346, AP: 0.8389
2026-04-03 01:16:48,796 - utils - INFO - Label F1: 0.6062, Acc: 0.7324, Recall: 0.7888, AUC: 0.8710, AP: 0.7339
2026-04-03 01:16:50,826 - utils - INFO - GNN F1: 0.8639, Acc: 0.9508, Recall: 0.8535, AUC: 0.9394, AP: 0.8151
2026-04-03 01:16:50,827 - utils - INFO - Label F1: 0.5921, Acc: 0.7185, Recall: 0.7437, AUC: 0.8220, AP: 0.6529
2026-04-03 01:16:50,827 - train - INFO - Validation AUC: 0.9394
2026-04-03 01:16:50,827 - train - INFO - Training complete.
2026-04-03 01:16:51,016 - __main__ - INFO - Experiment CARE-GNN (original RL) completed in 169.8s
2026-04-03 01:16:51,017 - __main__ - INFO - Best GNN AUC: 0.9345989882659081
2026-04-03 01:16:51,017 - __main__ - INFO - 
============================================================
2026-04-03 01:16:51,017 - __main__ - INFO - Running experiment: CAPN (policy network)
2026-04-03 01:16:51,017 - __main__ - INFO - ============================================================
2026-04-03 01:16:51,017 - __main__ - INFO - Config: {'model': 'CARE', 'use_capn': True}
2026-04-03 01:16:51,017 - train - INFO - Using device: cuda
2026-04-03 01:16:51,020 - utils - INFO - Random seed set to 72
2026-04-03 01:16:51,020 - utils - INFO - Loading cached labels/features from amz_labels.npy, amz_features.npy
2026-04-03 01:16:55,369 - utils - INFO - Loaded amazon dataset: 11944 nodes, 25 features
2026-04-03 01:16:55,375 - train - INFO - Split: train=2159, val=1296, test=5184
2026-04-03 01:16:55,382 - train - INFO - Model: CARE, Inter-AGG: GNN, emb_size: 64
2026-04-03 01:16:55,388 - train - INFO - Policy network state_dim=30
2026-04-03 01:16:55,389 - train - INFO - CAPN mode enabled: policy_hidden=64, policy_lr=0.001, lambda_policy=0.1
2026-04-03 01:16:55,390 - train - INFO - Dual optimizer: GNN params=2946, Policy params=4262
2026-04-03 01:17:23,685 - train - INFO - Epoch: 0, loss: 2.1607, lr: 0.010000, time: 28.29s
2026-04-03 01:26:28,743 - utils - INFO - GNN F1: 0.3042, Acc: 0.4007, Recall: 0.2912, AUC: 0.1760, AP: 0.0546
2026-04-03 01:26:28,744 - utils - INFO - Label F1: 0.0886, Acc: 0.0973, Recall: 0.5000, AUC: 0.8218, AP: 0.5400
2026-04-03 01:28:39,748 - utils - INFO - GNN F1: 0.3224, Acc: 0.4074, Recall: 0.3390, AUC: 0.2014, AP: 0.0563
2026-04-03 01:28:39,748 - utils - INFO - Label F1: 0.0955, Acc: 0.1060, Recall: 0.5000, AUC: 0.8333, AP: 0.4740
2026-04-03 01:28:39,748 - train - INFO - Validation AUC: 0.2014
2026-04-03 01:28:39,757 - utils - INFO - Checkpoint saved to checkpoints\best_CARE_amazon.pt
2026-04-03 01:28:39,757 - train - INFO - New best model saved (AUC: 0.2014)
2026-04-03 01:29:00,178 - train - INFO - Epoch: 1, loss: 2.1018, lr: 0.010000, time: 20.42s
2026-04-03 01:29:19,804 - train - INFO - Epoch: 2, loss: 2.0283, lr: 0.010000, time: 19.62s
2026-04-03 01:29:37,163 - train - INFO - Epoch: 3, loss: 1.9831, lr: 0.010000, time: 17.36s
2026-04-03 01:29:59,582 - utils - INFO - GNN F1: 0.5018, Acc: 0.5916, Recall: 0.7131, AUC: 0.8630, AP: 0.6792
2026-04-03 01:29:59,582 - utils - INFO - Label F1: 0.8601, Acc: 0.9481, Recall: 0.8814, AUC: 0.8765, AP: 0.8013
2026-04-03 01:30:05,100 - utils - INFO - GNN F1: 0.4865, Acc: 0.5782, Recall: 0.6526, AUC: 0.8158, AP: 0.6178
2026-04-03 01:30:05,100 - utils - INFO - Label F1: 0.8147, Acc: 0.9262, Recall: 0.8295, AUC: 0.8260, AP: 0.7462
2026-04-03 01:30:05,100 - train - INFO - Validation AUC: 0.8158
2026-04-03 01:30:05,108 - utils - INFO - Checkpoint saved to checkpoints\best_CARE_amazon.pt
2026-04-03 01:30:05,108 - train - INFO - New best model saved (AUC: 0.8158)
2026-04-03 01:30:18,099 - train - INFO - Epoch: 4, loss: 1.9436, lr: 0.010000, time: 12.99s
2026-04-03 01:30:32,200 - train - INFO - Epoch: 5, loss: 1.8915, lr: 0.010000, time: 14.10s
2026-04-03 01:30:48,161 - train - INFO - Epoch: 6, loss: 1.8333, lr: 0.010000, time: 15.96s
2026-04-03 01:31:10,678 - utils - INFO - GNN F1: 0.6328, Acc: 0.7690, Recall: 0.7931, AUC: 0.8712, AP: 0.7395
2026-04-03 01:31:10,678 - utils - INFO - Label F1: 0.8008, Acc: 0.9147, Recall: 0.8709, AUC: 0.8755, AP: 0.8055
2026-04-03 01:31:15,955 - utils - INFO - GNN F1: 0.6227, Acc: 0.7621, Recall: 0.7529, AUC: 0.8252, AP: 0.6783
2026-04-03 01:31:15,955 - utils - INFO - Label F1: 0.7598, Acc: 0.8884, Recall: 0.8235, AUC: 0.8249, AP: 0.7561
2026-04-03 01:31:15,955 - train - INFO - Validation AUC: 0.8252
2026-04-03 01:31:15,962 - utils - INFO - Checkpoint saved to checkpoints\best_CARE_amazon.pt
2026-04-03 01:31:15,962 - train - INFO - New best model saved (AUC: 0.8252)
2026-04-03 01:31:31,802 - train - INFO - Epoch: 7, loss: 1.8078, lr: 0.010000, time: 15.84s
2026-04-03 01:31:42,392 - train - INFO - Epoch: 8, loss: 1.7524, lr: 0.010000, time: 10.59s
2026-04-03 01:31:51,649 - train - INFO - Epoch: 9, loss: 1.6934, lr: 0.010000, time: 9.25s
2026-04-03 01:32:11,983 - utils - INFO - GNN F1: 0.7603, Acc: 0.8895, Recall: 0.8505, AUC: 0.8758, AP: 0.7631
2026-04-03 01:32:11,983 - utils - INFO - Label F1: 0.6154, Acc: 0.7487, Recall: 0.7827, AUC: 0.8758, AP: 0.8085
2026-04-03 01:32:17,242 - utils - INFO - GNN F1: 0.7476, Acc: 0.8820, Recall: 0.8149, AUC: 0.8318, AP: 0.7019
2026-04-03 01:32:17,243 - utils - INFO - Label F1: 0.5999, Acc: 0.7347, Recall: 0.7376, AUC: 0.8252, AP: 0.7599
2026-04-03 01:32:17,243 - train - INFO - Validation AUC: 0.8318
2026-04-03 01:32:17,250 - utils - INFO - Checkpoint saved to checkpoints\best_CARE_amazon.pt
2026-04-03 01:32:17,250 - train - INFO - New best model saved (AUC: 0.8318)
2026-04-03 01:32:28,549 - train - INFO - Epoch: 10, loss: 1.6620, lr: 0.010000, time: 11.30s
2026-04-03 01:32:35,880 - train - INFO - Epoch: 11, loss: 1.6449, lr: 0.010000, time: 7.33s
2026-04-03 01:32:44,090 - train - INFO - Epoch: 12, loss: 1.6109, lr: 0.010000, time: 8.21s
2026-04-03 01:33:04,597 - utils - INFO - GNN F1: 0.8364, Acc: 0.9368, Recall: 0.8729, AUC: 0.8790, AP: 0.7763
2026-04-03 01:33:04,598 - utils - INFO - Label F1: 0.5445, Acc: 0.6558, Recall: 0.7352, AUC: 0.8761, AP: 0.8088
2026-04-03 01:33:11,018 - utils - INFO - GNN F1: 0.8147, Acc: 0.9259, Recall: 0.8370, AUC: 0.8374, AP: 0.7158
2026-04-03 01:33:11,018 - utils - INFO - Label F1: 0.5396, Acc: 0.6524, Recall: 0.6978, AUC: 0.8255, AP: 0.7610
2026-04-03 01:33:11,018 - train - INFO - Validation AUC: 0.8374
2026-04-03 01:33:11,025 - utils - INFO - Checkpoint saved to checkpoints\best_CARE_amazon.pt
2026-04-03 01:33:11,025 - train - INFO - New best model saved (AUC: 0.8374)
2026-04-03 01:33:18,315 - train - INFO - Epoch: 13, loss: 1.5828, lr: 0.010000, time: 7.29s
2026-04-03 01:33:26,111 - train - INFO - Epoch: 14, loss: 1.5614, lr: 0.010000, time: 7.79s
2026-04-03 01:33:31,108 - train - INFO - Epoch: 15, loss: 1.4896, lr: 0.010000, time: 5.00s
2026-04-03 01:33:51,781 - utils - INFO - GNN F1: 0.8468, Acc: 0.9416, Recall: 0.8787, AUC: 0.8850, AP: 0.7878
2026-04-03 01:33:51,781 - utils - INFO - Label F1: 0.7106, Acc: 0.8473, Recall: 0.8359, AUC: 0.8770, AP: 0.8100
2026-04-03 01:33:58,402 - utils - INFO - GNN F1: 0.8252, Acc: 0.9306, Recall: 0.8447, AUC: 0.8500, AP: 0.7298
2026-04-03 01:33:58,402 - utils - INFO - Label F1: 0.6765, Acc: 0.8196, Recall: 0.7850, AUC: 0.8273, AP: 0.7627
2026-04-03 01:33:58,403 - train - INFO - Validation AUC: 0.8500
2026-04-03 01:33:58,409 - utils - INFO - Checkpoint saved to checkpoints\best_CARE_amazon.pt
2026-04-03 01:33:58,409 - train - INFO - New best model saved (AUC: 0.8500)
2026-04-03 01:34:06,010 - train - INFO - Epoch: 16, loss: 1.5125, lr: 0.010000, time: 7.60s
2026-04-03 01:34:10,114 - train - INFO - Epoch: 17, loss: 1.4228, lr: 0.010000, time: 4.10s
2026-04-03 01:34:13,384 - train - INFO - Epoch: 18, loss: 1.4005, lr: 0.010000, time: 3.27s
2026-04-03 01:34:35,105 - utils - INFO - GNN F1: 0.8535, Acc: 0.9448, Recall: 0.8803, AUC: 0.9188, AP: 0.8099
2026-04-03 01:34:35,106 - utils - INFO - Label F1: 0.8221, Acc: 0.9274, Recall: 0.8779, AUC: 0.8783, AP: 0.8121
2026-04-03 01:34:40,662 - utils - INFO - GNN F1: 0.8339, Acc: 0.9353, Recall: 0.8486, AUC: 0.9101, AP: 0.7637
2026-04-03 01:34:40,662 - utils - INFO - Label F1: 0.7877, Acc: 0.9073, Recall: 0.8340, AUC: 0.8295, AP: 0.7641
2026-04-03 01:34:40,663 - train - INFO - Validation AUC: 0.9101
2026-04-03 01:34:40,669 - utils - INFO - Checkpoint saved to checkpoints\best_CARE_amazon.pt
2026-04-03 01:34:40,670 - train - INFO - New best model saved (AUC: 0.9101)
2026-04-03 01:34:45,048 - train - INFO - Epoch: 19, loss: 1.3204, lr: 0.010000, time: 4.38s
2026-04-03 01:34:48,524 - train - INFO - Epoch: 20, loss: 1.3385, lr: 0.010000, time: 3.48s
2026-04-03 01:34:52,084 - train - INFO - Epoch: 21, loss: 1.3047, lr: 0.010000, time: 3.56s
2026-04-03 01:35:13,838 - utils - INFO - GNN F1: 0.8591, Acc: 0.9471, Recall: 0.8838, AUC: 0.9147, AP: 0.8158
2026-04-03 01:35:13,839 - utils - INFO - Label F1: 0.8304, Acc: 0.9320, Recall: 0.8804, AUC: 0.8799, AP: 0.8131
2026-04-03 01:35:19,030 - utils - INFO - GNN F1: 0.8348, Acc: 0.9363, Recall: 0.8453, AUC: 0.9225, AP: 0.7842
2026-04-03 01:35:19,030 - utils - INFO - Label F1: 0.7992, Acc: 0.9147, Recall: 0.8383, AUC: 0.8323, AP: 0.7658
2026-04-03 01:35:19,030 - train - INFO - Validation AUC: 0.9225
2026-04-03 01:35:19,039 - utils - INFO - Checkpoint saved to checkpoints\best_CARE_amazon.pt
2026-04-03 01:35:19,039 - train - INFO - New best model saved (AUC: 0.9225)
2026-04-03 01:35:23,413 - train - INFO - Epoch: 22, loss: 1.2693, lr: 0.010000, time: 4.37s
2026-04-03 01:35:25,978 - train - INFO - Epoch: 23, loss: 1.2714, lr: 0.010000, time: 2.57s
2026-04-03 01:35:28,875 - train - INFO - Epoch: 24, loss: 1.2518, lr: 0.010000, time: 2.89s
2026-04-03 01:35:50,355 - utils - INFO - GNN F1: 0.8677, Acc: 0.9518, Recall: 0.8811, AUC: 0.9152, AP: 0.8188
2026-04-03 01:35:50,355 - utils - INFO - Label F1: 0.8340, Acc: 0.9338, Recall: 0.8821, AUC: 0.8820, AP: 0.8143
2026-04-03 01:35:55,764 - utils - INFO - GNN F1: 0.8522, Acc: 0.9467, Recall: 0.8398, AUC: 0.9202, AP: 0.7870
2026-04-03 01:35:55,764 - utils - INFO - Label F1: 0.8084, Acc: 0.9204, Recall: 0.8414, AUC: 0.8355, AP: 0.7677
2026-04-03 01:35:55,764 - train - INFO - Validation AUC: 0.9202
2026-04-03 01:35:59,303 - train - INFO - Epoch: 25, loss: 1.2115, lr: 0.010000, time: 3.54s
2026-04-03 01:36:02,410 - train - INFO - Epoch: 26, loss: 1.1790, lr: 0.010000, time: 3.11s
2026-04-03 01:36:05,727 - train - INFO - Epoch: 27, loss: 1.1706, lr: 0.010000, time: 3.31s
2026-04-03 01:36:27,971 - utils - INFO - GNN F1: 0.8800, Acc: 0.9572, Recall: 0.8834, AUC: 0.9162, AP: 0.8217
2026-04-03 01:36:27,972 - utils - INFO - Label F1: 0.8685, Acc: 0.9507, Recall: 0.8914, AUC: 0.8869, AP: 0.8162
2026-04-03 01:36:33,031 - utils - INFO - GNN F1: 0.8617, Acc: 0.9509, Recall: 0.8422, AUC: 0.9220, AP: 0.7959
2026-04-03 01:36:33,031 - utils - INFO - Label F1: 0.8448, Acc: 0.9405, Recall: 0.8528, AUC: 0.8438, AP: 0.7713
2026-04-03 01:36:33,032 - train - INFO - Validation AUC: 0.9220
2026-04-03 01:36:36,003 - train - INFO - Epoch: 28, loss: 1.1484, lr: 0.010000, time: 2.97s
2026-04-03 01:36:38,822 - train - INFO - Epoch: 29, loss: 1.1135, lr: 0.010000, time: 2.82s
2026-04-03 01:36:41,298 - train - INFO - Epoch: 30, loss: 1.0754, lr: 0.010000, time: 2.47s
2026-04-03 01:37:02,940 - utils - INFO - GNN F1: 0.8785, Acc: 0.9565, Recall: 0.8876, AUC: 0.9223, AP: 0.8283
2026-04-03 01:37:02,940 - utils - INFO - Label F1: 0.8875, Acc: 0.9598, Recall: 0.8942, AUC: 0.9042, AP: 0.8210
2026-04-03 01:37:08,160 - utils - INFO - GNN F1: 0.8728, Acc: 0.9541, Recall: 0.8617, AUC: 0.9287, AP: 0.8055
2026-04-03 01:37:08,161 - utils - INFO - Label F1: 0.8663, Acc: 0.9523, Recall: 0.8506, AUC: 0.8764, AP: 0.7813
2026-04-03 01:37:08,161 - train - INFO - Validation AUC: 0.9287
2026-04-03 01:37:08,168 - utils - INFO - Checkpoint saved to checkpoints\best_CARE_amazon.pt
2026-04-03 01:37:08,168 - train - INFO - New best model saved (AUC: 0.9287)
2026-04-03 01:37:08,168 - train - INFO - Training complete.
2026-04-03 01:37:08,395 - __main__ - INFO - Experiment CAPN (policy network) completed in 1217.4s
2026-04-03 01:37:08,395 - __main__ - INFO - Best GNN AUC: 0.9223228805926329
2026-04-03 01:37:08,396 - __main__ - INFO - Results saved to results/ablation\capn\ablation_results_20260403_013708.json
2026-04-03 01:37:09,109 - __main__ - INFO - 

Starting study: capn_label
2026-04-03 01:37:09,110 - __main__ - INFO - 
============================================================
2026-04-03 01:37:09,110 - __main__ - INFO - Running experiment: Linear label predictor
2026-04-03 01:37:09,110 - __main__ - INFO - ============================================================
2026-04-03 01:37:09,110 - __main__ - INFO - Config: {'model': 'CARE', 'use_capn': False}
2026-04-03 01:37:09,111 - train - INFO - Using device: cuda
2026-04-03 01:37:09,112 - utils - INFO - Random seed set to 72
2026-04-03 01:37:09,112 - utils - INFO - Loading cached labels/features from amz_labels.npy, amz_features.npy
2026-04-03 01:37:13,954 - utils - INFO - Loaded amazon dataset: 11944 nodes, 25 features
2026-04-03 01:37:13,960 - train - INFO - Split: train=2159, val=1296, test=5184
2026-04-03 01:37:13,966 - train - INFO - Model: CARE, Inter-AGG: GNN, emb_size: 64
2026-04-03 01:37:14,937 - train - INFO - Epoch: 0, loss: 2.1396, lr: 0.010000, time: 0.97s
2026-04-03 01:37:25,337 - utils - INFO - GNN F1: 0.3874, Acc: 0.5177, Recall: 0.4265, AUC: 0.4875, AP: 0.0844
2026-04-03 01:37:25,338 - utils - INFO - Label F1: 0.4284, Acc: 0.6847, Recall: 0.4150, AUC: 0.4902, AP: 0.0844
2026-04-03 01:37:28,005 - utils - INFO - GNN F1: 0.4059, Acc: 0.5323, Recall: 0.4483, AUC: 0.5075, AP: 0.0873
2026-04-03 01:37:28,005 - utils - INFO - Label F1: 0.4287, Acc: 0.6898, Recall: 0.4125, AUC: 0.4472, AP: 0.0793
2026-04-03 01:37:28,005 - train - INFO - Validation AUC: 0.5075
2026-04-03 01:37:28,011 - utils - INFO - Checkpoint saved to checkpoints\best_CARE_amazon.pt
2026-04-03 01:37:28,011 - train - INFO - New best model saved (AUC: 0.5075)
2026-04-03 01:37:28,856 - train - INFO - Epoch: 1, loss: 2.0820, lr: 0.010000, time: 0.84s
2026-04-03 01:37:29,668 - layers - INFO - RL update - scores: ['0.0339', '0.0347', '0.0315'], rewards: [-1, -1, -1], thresholds: ['0.4800', '0.4800', '0.4800']
2026-04-03 01:37:29,683 - train - INFO - Epoch: 2, loss: 2.0269, lr: 0.010000, time: 0.83s
2026-04-03 01:37:30,491 - layers - INFO - RL update - scores: ['0.0336', '0.0359', '0.0338'], rewards: [1, -1, -1], thresholds: ['0.5000', '0.4600', '0.4600']
2026-04-03 01:37:30,503 - train - INFO - Epoch: 3, loss: 1.9966, lr: 0.010000, time: 0.82s
2026-04-03 01:37:40,434 - utils - INFO - GNN F1: 0.7583, Acc: 0.8859, Recall: 0.8547, AUC: 0.8863, AP: 0.8083
2026-04-03 01:37:40,434 - utils - INFO - Label F1: 0.3965, Acc: 0.4702, Recall: 0.5461, AUC: 0.5384, AP: 0.0922
2026-04-03 01:37:42,746 - utils - INFO - GNN F1: 0.7418, Acc: 0.8752, Recall: 0.8200, AUC: 0.8392, AP: 0.7492
2026-04-03 01:37:42,746 - utils - INFO - Label F1: 0.3917, Acc: 0.4583, Recall: 0.5211, AUC: 0.5030, AP: 0.0869
2026-04-03 01:37:42,747 - train - INFO - Validation AUC: 0.8392
2026-04-03 01:37:42,752 - utils - INFO - Checkpoint saved to checkpoints\best_CARE_amazon.pt
2026-04-03 01:37:42,752 - train - INFO - New best model saved (AUC: 0.8392)
2026-04-03 01:37:43,396 - layers - INFO - RL update - scores: ['0.0322', '0.0353', '0.0353'], rewards: [1, 1, -1], thresholds: ['0.5200', '0.4800', '0.4400']
2026-04-03 01:37:43,407 - train - INFO - Epoch: 4, loss: 1.9664, lr: 0.010000, time: 0.65s
2026-04-03 01:37:44,191 - layers - INFO - RL update - scores: ['0.0321', '0.0338', '0.0358'], rewards: [1, 1, -1], thresholds: ['0.5400', '0.5000', '0.4200']
2026-04-03 01:37:44,205 - train - INFO - Epoch: 5, loss: 1.9326, lr: 0.010000, time: 0.80s
2026-04-03 01:37:44,994 - layers - INFO - RL update - scores: ['0.0328', '0.0349', '0.0357'], rewards: [-1, -1, 1], thresholds: ['0.5200', '0.4800', '0.4400']
2026-04-03 01:37:45,009 - train - INFO - Epoch: 6, loss: 1.8853, lr: 0.010000, time: 0.80s
2026-04-03 01:37:54,669 - utils - INFO - GNN F1: 0.6535, Acc: 0.7920, Recall: 0.8058, AUC: 0.8800, AP: 0.7967
2026-04-03 01:37:54,669 - utils - INFO - Label F1: 0.4263, Acc: 0.4834, Recall: 0.6585, AUC: 0.6118, AP: 0.1122
2026-04-03 01:37:57,088 - utils - INFO - GNN F1: 0.6427, Acc: 0.7847, Recall: 0.7656, AUC: 0.8356, AP: 0.7398
2026-04-03 01:37:57,089 - utils - INFO - Label F1: 0.4184, Acc: 0.4729, Recall: 0.6129, AUC: 0.5868, AP: 0.1072
2026-04-03 01:37:57,089 - train - INFO - Validation AUC: 0.8356
2026-04-03 01:37:57,733 - layers - INFO - RL update - scores: ['0.0326', '0.0361', '0.0355'], rewards: [1, -1, 1], thresholds: ['0.5400', '0.4600', '0.4600']
2026-04-03 01:37:57,746 - train - INFO - Epoch: 7, loss: 1.8984, lr: 0.010000, time: 0.66s
2026-04-03 01:37:58,411 - layers - INFO - RL update - scores: ['0.0310', '0.0342', '0.0382'], rewards: [1, 1, -1], thresholds: ['0.5600', '0.4800', '0.4400']
2026-04-03 01:37:58,422 - train - INFO - Epoch: 8, loss: 1.8597, lr: 0.010000, time: 0.68s
2026-04-03 01:37:59,189 - layers - INFO - RL update - scores: ['0.0313', '0.0321', '0.0412'], rewards: [-1, 1, -1], thresholds: ['0.5400', '0.5000', '0.4200']
2026-04-03 01:37:59,201 - train - INFO - Epoch: 9, loss: 1.8134, lr: 0.010000, time: 0.78s
2026-04-03 01:38:09,139 - utils - INFO - GNN F1: 0.7340, Acc: 0.8677, Recall: 0.8446, AUC: 0.8796, AP: 0.7957
2026-04-03 01:38:09,139 - utils - INFO - Label F1: 0.4263, Acc: 0.4832, Recall: 0.6591, AUC: 0.7056, AP: 0.1584
2026-04-03 01:38:11,285 - utils - INFO - GNN F1: 0.7300, Acc: 0.8680, Recall: 0.8097, AUC: 0.8374, AP: 0.7428
2026-04-03 01:38:11,286 - utils - INFO - Label F1: 0.4185, Acc: 0.4724, Recall: 0.6152, AUC: 0.6760, AP: 0.1488
2026-04-03 01:38:11,286 - train - INFO - Validation AUC: 0.8374
2026-04-03 01:38:11,946 - layers - INFO - RL update - scores: ['0.0321', '0.0340', '0.0404'], rewards: [-1, -1, 1], thresholds: ['0.5200', '0.4800', '0.4400']
2026-04-03 01:38:11,961 - train - INFO - Epoch: 10, loss: 1.8164, lr: 0.010000, time: 0.68s
2026-04-03 01:38:12,616 - layers - INFO - RL update - scores: ['0.0314', '0.0366', '0.0398'], rewards: [1, -1, 1], thresholds: ['0.5400', '0.4600', '0.4600']
2026-04-03 01:38:12,630 - train - INFO - Epoch: 11, loss: 1.7898, lr: 0.010000, time: 0.67s
2026-04-03 01:38:13,421 - layers - INFO - RL update - scores: ['0.0313', '0.0355', '0.0427'], rewards: [1, 1, -1], thresholds: ['0.5600', '0.4800', '0.4400']
2026-04-03 01:38:13,437 - train - INFO - Epoch: 12, loss: 1.7694, lr: 0.010000, time: 0.81s
2026-04-03 01:38:23,424 - utils - INFO - GNN F1: 0.7862, Acc: 0.9051, Recall: 0.8615, AUC: 0.8799, AP: 0.7956
2026-04-03 01:38:23,425 - utils - INFO - Label F1: 0.4280, Acc: 0.4857, Recall: 0.6604, AUC: 0.7765, AP: 0.2357
2026-04-03 01:38:25,834 - utils - INFO - GNN F1: 0.7768, Acc: 0.9018, Recall: 0.8285, AUC: 0.8400, AP: 0.7464
2026-04-03 01:38:25,834 - utils - INFO - Label F1: 0.4205, Acc: 0.4757, Recall: 0.6145, AUC: 0.7376, AP: 0.2127
2026-04-03 01:38:25,834 - train - INFO - Validation AUC: 0.8400
2026-04-03 01:38:25,839 - utils - INFO - Checkpoint saved to checkpoints\best_CARE_amazon.pt
2026-04-03 01:38:25,839 - train - INFO - New best model saved (AUC: 0.8400)
2026-04-03 01:38:26,529 - layers - INFO - RL update - scores: ['0.0334', '0.0345', '0.0464'], rewards: [-1, 1, -1], thresholds: ['0.5400', '0.5000', '0.4200']
2026-04-03 01:38:26,541 - train - INFO - Epoch: 13, loss: 1.7594, lr: 0.010000, time: 0.70s
2026-04-03 01:38:27,286 - layers - INFO - RL update - scores: ['0.0362', '0.0385', '0.0454'], rewards: [-1, -1, 1], thresholds: ['0.5200', '0.4800', '0.4400']
2026-04-03 01:38:27,302 - train - INFO - Epoch: 14, loss: 1.7542, lr: 0.010000, time: 0.76s
2026-04-03 01:38:28,094 - layers - INFO - RL update - scores: ['0.0368', '0.0430', '0.0447'], rewards: [-1, -1, 1], thresholds: ['0.5000', '0.4600', '0.4600']
2026-04-03 01:38:28,108 - train - INFO - Epoch: 15, loss: 1.7037, lr: 0.010000, time: 0.80s
2026-04-03 01:38:38,488 - utils - INFO - GNN F1: 0.8617, Acc: 0.9484, Recall: 0.8838, AUC: 0.8837, AP: 0.8015
2026-04-03 01:38:38,488 - utils - INFO - Label F1: 0.4348, Acc: 0.4951, Recall: 0.6657, AUC: 0.8184, AP: 0.3485
2026-04-03 01:38:40,757 - utils - INFO - GNN F1: 0.8536, Acc: 0.9461, Recall: 0.8509, AUC: 0.8445, AP: 0.7523
2026-04-03 01:38:40,757 - utils - INFO - Label F1: 0.4241, Acc: 0.4810, Recall: 0.6174, AUC: 0.7743, AP: 0.3020
2026-04-03 01:38:40,757 - train - INFO - Validation AUC: 0.8445
2026-04-03 01:38:40,762 - utils - INFO - Checkpoint saved to checkpoints\best_CARE_amazon.pt
2026-04-03 01:38:40,762 - train - INFO - New best model saved (AUC: 0.8445)
2026-04-03 01:38:42,111 - layers - INFO - RL update - scores: ['0.0378', '0.0428', '0.0481'], rewards: [-1, 1, -1], thresholds: ['0.4800', '0.4800', '0.4400']
2026-04-03 01:38:42,126 - train - INFO - Epoch: 16, loss: 1.7244, lr: 0.010000, time: 1.36s
2026-04-03 01:38:42,954 - layers - INFO - RL update - scores: ['0.0373', '0.0426', '0.0522'], rewards: [1, 1, -1], thresholds: ['0.5000', '0.5000', '0.4200']
2026-04-03 01:38:42,969 - train - INFO - Epoch: 17, loss: 1.6750, lr: 0.010000, time: 0.84s
2026-04-03 01:38:43,771 - layers - INFO - RL update - scores: ['0.0390', '0.0480', '0.0508'], rewards: [-1, -1, 1], thresholds: ['0.4800', '0.4800', '0.4400']
2026-04-03 01:38:43,785 - train - INFO - Epoch: 18, loss: 1.6526, lr: 0.010000, time: 0.81s
2026-04-03 01:38:53,620 - utils - INFO - GNN F1: 0.8717, Acc: 0.9535, Recall: 0.8821, AUC: 0.9103, AP: 0.8134
2026-04-03 01:38:53,620 - utils - INFO - Label F1: 0.4734, Acc: 0.5505, Recall: 0.6926, AUC: 0.8428, AP: 0.4832
2026-04-03 01:38:56,973 - utils - INFO - GNN F1: 0.8642, Acc: 0.9508, Recall: 0.8547, AUC: 0.8921, AP: 0.7726
2026-04-03 01:38:56,973 - utils - INFO - Label F1: 0.4634, Acc: 0.5394, Recall: 0.6437, AUC: 0.7947, AP: 0.4016
2026-04-03 01:38:56,973 - train - INFO - Validation AUC: 0.8921
2026-04-03 01:38:56,978 - utils - INFO - Checkpoint saved to checkpoints\best_CARE_amazon.pt
2026-04-03 01:38:56,979 - train - INFO - New best model saved (AUC: 0.8921)
2026-04-03 01:38:57,863 - layers - INFO - RL update - scores: ['0.0429', '0.0537', '0.0501'], rewards: [-1, -1, 1], thresholds: ['0.4600', '0.4600', '0.4600']
2026-04-03 01:38:57,878 - train - INFO - Epoch: 19, loss: 1.6147, lr: 0.010000, time: 0.90s
2026-04-03 01:38:58,708 - layers - INFO - RL update - scores: ['0.0453', '0.0540', '0.0538'], rewards: [-1, -1, -1], thresholds: ['0.4400', '0.4400', '0.4400']
2026-04-03 01:38:58,725 - train - INFO - Epoch: 20, loss: 1.6176, lr: 0.010000, time: 0.85s
2026-04-03 01:38:59,560 - layers - INFO - RL update - scores: ['0.0473', '0.0542', '0.0585'], rewards: [-1, -1, -1], thresholds: ['0.4200', '0.4200', '0.4200']
2026-04-03 01:38:59,575 - train - INFO - Epoch: 21, loss: 1.6101, lr: 0.010000, time: 0.85s
2026-04-03 01:39:10,095 - utils - INFO - GNN F1: 0.8642, Acc: 0.9494, Recall: 0.8867, AUC: 0.9287, AP: 0.8277
2026-04-03 01:39:10,095 - utils - INFO - Label F1: 0.5186, Acc: 0.6152, Recall: 0.7270, AUC: 0.8550, AP: 0.5844
2026-04-03 01:39:12,492 - utils - INFO - GNN F1: 0.8543, Acc: 0.9456, Recall: 0.8569, AUC: 0.9280, AP: 0.7981
2026-04-03 01:39:12,492 - utils - INFO - Label F1: 0.5071, Acc: 0.6027, Recall: 0.6790, AUC: 0.8057, AP: 0.4845
2026-04-03 01:39:12,492 - train - INFO - Validation AUC: 0.9280
2026-04-03 01:39:12,500 - utils - INFO - Checkpoint saved to checkpoints\best_CARE_amazon.pt
2026-04-03 01:39:12,500 - train - INFO - New best model saved (AUC: 0.9280)
2026-04-03 01:39:13,359 - layers - INFO - RL update - scores: ['0.0490', '0.0544', '0.0572'], rewards: [-1, -1, 1], thresholds: ['0.4000', '0.4000', '0.4400']
2026-04-03 01:39:13,383 - train - INFO - Epoch: 22, loss: 1.5921, lr: 0.010000, time: 0.88s
2026-04-03 01:39:14,224 - layers - INFO - RL update - scores: ['0.0508', '0.0547', '0.0565'], rewards: [-1, -1, 1], thresholds: ['0.3800', '0.3800', '0.4600']
2026-04-03 01:39:14,237 - train - INFO - Epoch: 23, loss: 1.5882, lr: 0.010000, time: 0.85s
2026-04-03 01:39:15,148 - layers - INFO - RL update - scores: ['0.0520', '0.0550', '0.0606'], rewards: [-1, -1, -1], thresholds: ['0.3600', '0.3600', '0.4400']
2026-04-03 01:39:15,163 - train - INFO - Epoch: 24, loss: 1.5775, lr: 0.010000, time: 0.93s
2026-04-03 01:39:25,178 - utils - INFO - GNN F1: 0.8677, Acc: 0.9510, Recall: 0.8868, AUC: 0.9315, AP: 0.8336
2026-04-03 01:39:25,178 - utils - INFO - Label F1: 0.5634, Acc: 0.6772, Recall: 0.7591, AUC: 0.8624, AP: 0.6525
2026-04-03 01:39:27,546 - utils - INFO - GNN F1: 0.8493, Acc: 0.9442, Recall: 0.8473, AUC: 0.9355, AP: 0.8084
2026-04-03 01:39:27,547 - utils - INFO - Label F1: 0.5567, Acc: 0.6718, Recall: 0.7177, AUC: 0.8129, AP: 0.5552
2026-04-03 01:39:27,547 - train - INFO - Validation AUC: 0.9355
2026-04-03 01:39:27,553 - utils - INFO - Checkpoint saved to checkpoints\best_CARE_amazon.pt
2026-04-03 01:39:27,553 - train - INFO - New best model saved (AUC: 0.9355)
2026-04-03 01:39:28,370 - layers - INFO - RL update - scores: ['0.0540', '0.0555', '0.0656'], rewards: [-1, -1, -1], thresholds: ['0.3400', '0.3400', '0.4200']
2026-04-03 01:39:28,388 - train - INFO - Epoch: 25, loss: 1.5644, lr: 0.010000, time: 0.83s
2026-04-03 01:39:29,206 - layers - INFO - RL update - scores: ['0.0554', '0.0558', '0.0640'], rewards: [-1, -1, 1], thresholds: ['0.3200', '0.3200', '0.4400']
2026-04-03 01:39:29,226 - train - INFO - Epoch: 26, loss: 1.5648, lr: 0.010000, time: 0.84s
2026-04-03 01:39:30,102 - layers - INFO - RL update - scores: ['0.0572', '0.0563', '0.0632'], rewards: [-1, -1, 1], thresholds: ['0.3000', '0.3000', '0.4600']
2026-04-03 01:39:30,115 - train - INFO - Epoch: 27, loss: 1.5479, lr: 0.010000, time: 0.89s
2026-04-03 01:39:40,418 - utils - INFO - GNN F1: 0.8771, Acc: 0.9554, Recall: 0.8868, AUC: 0.9345, AP: 0.8395
2026-04-03 01:39:40,418 - utils - INFO - Label F1: 0.5978, Acc: 0.7215, Recall: 0.7836, AUC: 0.8675, AP: 0.7052
2026-04-03 01:39:42,971 - utils - INFO - GNN F1: 0.8602, Acc: 0.9499, Recall: 0.8479, AUC: 0.9423, AP: 0.8180
2026-04-03 01:39:42,971 - utils - INFO - Label F1: 0.5785, Acc: 0.7009, Recall: 0.7339, AUC: 0.8184, AP: 0.6188
2026-04-03 01:39:42,972 - train - INFO - Validation AUC: 0.9423
2026-04-03 01:39:42,976 - utils - INFO - Checkpoint saved to checkpoints\best_CARE_amazon.pt
2026-04-03 01:39:42,976 - train - INFO - New best model saved (AUC: 0.9423)
2026-04-03 01:39:43,597 - layers - INFO - RL update - scores: ['0.0552', '0.0567', '0.0674'], rewards: [1, -1, -1], thresholds: ['0.3200', '0.2800', '0.4400']
2026-04-03 01:39:43,608 - train - INFO - Epoch: 28, loss: 1.5412, lr: 0.010000, time: 0.63s
2026-04-03 01:39:44,266 - layers - INFO - RL update - scores: ['0.0559', '0.0570', '0.0726'], rewards: [-1, -1, -1], thresholds: ['0.3000', '0.2600', '0.4200']
2026-04-03 01:39:44,280 - train - INFO - Epoch: 29, loss: 1.5229, lr: 0.010000, time: 0.67s
2026-04-03 01:39:45,072 - layers - INFO - RL update - scores: ['0.0621', '0.0572', '0.0707'], rewards: [-1, -1, 1], thresholds: ['0.2800', '0.2400', '0.4400']
2026-04-03 01:39:45,086 - train - INFO - Epoch: 30, loss: 1.5033, lr: 0.010000, time: 0.80s
2026-04-03 01:39:54,868 - utils - INFO - GNN F1: 0.8815, Acc: 0.9577, Recall: 0.8890, AUC: 0.9346, AP: 0.8389
2026-04-03 01:39:54,868 - utils - INFO - Label F1: 0.6062, Acc: 0.7324, Recall: 0.7888, AUC: 0.8710, AP: 0.7339
2026-04-03 01:39:57,249 - utils - INFO - GNN F1: 0.8639, Acc: 0.9508, Recall: 0.8535, AUC: 0.9394, AP: 0.8151
2026-04-03 01:39:57,249 - utils - INFO - Label F1: 0.5921, Acc: 0.7185, Recall: 0.7437, AUC: 0.8220, AP: 0.6529
2026-04-03 01:39:57,249 - train - INFO - Validation AUC: 0.9394
2026-04-03 01:39:57,250 - train - INFO - Training complete.
2026-04-03 01:39:57,479 - __main__ - INFO - Experiment Linear label predictor completed in 168.4s
2026-04-03 01:39:57,480 - __main__ - INFO - Best GNN AUC: 0.9345989882659081
2026-04-03 01:39:57,480 - __main__ - INFO - 
============================================================
2026-04-03 01:39:57,480 - __main__ - INFO - Running experiment: MLP label predictor (CAPN)
2026-04-03 01:39:57,480 - __main__ - INFO - ============================================================
2026-04-03 01:39:57,480 - __main__ - INFO - Config: {'model': 'CARE', 'use_capn': True}
2026-04-03 01:39:57,481 - train - INFO - Using device: cuda
2026-04-03 01:39:57,482 - utils - INFO - Random seed set to 72
2026-04-03 01:39:57,482 - utils - INFO - Loading cached labels/features from amz_labels.npy, amz_features.npy
2026-04-03 01:40:03,013 - utils - INFO - Loaded amazon dataset: 11944 nodes, 25 features
2026-04-03 01:40:03,018 - train - INFO - Split: train=2159, val=1296, test=5184
2026-04-03 01:40:03,024 - train - INFO - Model: CARE, Inter-AGG: GNN, emb_size: 64
2026-04-03 01:40:03,032 - train - INFO - Policy network state_dim=30
2026-04-03 01:40:03,033 - train - INFO - CAPN mode enabled: policy_hidden=64, policy_lr=0.001, lambda_policy=0.1
2026-04-03 01:40:03,035 - train - INFO - Dual optimizer: GNN params=2946, Policy params=4262
2026-04-03 01:40:32,207 - train - INFO - Epoch: 0, loss: 2.1607, lr: 0.010000, time: 29.17s
2026-04-03 01:50:23,516 - utils - INFO - GNN F1: 0.3042, Acc: 0.4007, Recall: 0.2912, AUC: 0.1760, AP: 0.0546
2026-04-03 01:50:23,517 - utils - INFO - Label F1: 0.0886, Acc: 0.0973, Recall: 0.5000, AUC: 0.8218, AP: 0.5400
2026-04-03 01:52:44,658 - utils - INFO - GNN F1: 0.3224, Acc: 0.4074, Recall: 0.3390, AUC: 0.2014, AP: 0.0563
2026-04-03 01:52:44,658 - utils - INFO - Label F1: 0.0955, Acc: 0.1060, Recall: 0.5000, AUC: 0.8333, AP: 0.4740
2026-04-03 01:52:44,658 - train - INFO - Validation AUC: 0.2014
2026-04-03 01:52:44,665 - utils - INFO - Checkpoint saved to checkpoints\best_CARE_amazon.pt
2026-04-03 01:52:44,666 - train - INFO - New best model saved (AUC: 0.2014)
2026-04-03 01:53:06,701 - train - INFO - Epoch: 1, loss: 2.1018, lr: 0.010000, time: 22.03s
2026-04-03 01:53:28,927 - train - INFO - Epoch: 2, loss: 2.0283, lr: 0.010000, time: 22.22s
2026-04-03 01:53:47,591 - train - INFO - Epoch: 3, loss: 1.9831, lr: 0.010000, time: 18.66s
2026-04-03 01:54:08,724 - utils - INFO - GNN F1: 0.5018, Acc: 0.5916, Recall: 0.7131, AUC: 0.8630, AP: 0.6792
2026-04-03 01:54:08,724 - utils - INFO - Label F1: 0.8601, Acc: 0.9481, Recall: 0.8814, AUC: 0.8765, AP: 0.8013
2026-04-03 01:54:15,089 - utils - INFO - GNN F1: 0.4865, Acc: 0.5782, Recall: 0.6526, AUC: 0.8158, AP: 0.6178
2026-04-03 01:54:15,090 - utils - INFO - Label F1: 0.8147, Acc: 0.9262, Recall: 0.8295, AUC: 0.8260, AP: 0.7462
2026-04-03 01:54:15,090 - train - INFO - Validation AUC: 0.8158
2026-04-03 01:54:15,096 - utils - INFO - Checkpoint saved to checkpoints\best_CARE_amazon.pt
2026-04-03 01:54:15,096 - train - INFO - New best model saved (AUC: 0.8158)
2026-04-03 01:54:28,680 - train - INFO - Epoch: 4, loss: 1.9436, lr: 0.010000, time: 13.58s
2026-04-03 01:54:43,351 - train - INFO - Epoch: 5, loss: 1.8915, lr: 0.010000, time: 14.67s
2026-04-03 01:55:00,119 - train - INFO - Epoch: 6, loss: 1.8333, lr: 0.010000, time: 16.77s
2026-04-03 01:55:21,863 - utils - INFO - GNN F1: 0.6328, Acc: 0.7690, Recall: 0.7931, AUC: 0.8712, AP: 0.7395
2026-04-03 01:55:21,863 - utils - INFO - Label F1: 0.8008, Acc: 0.9147, Recall: 0.8709, AUC: 0.8755, AP: 0.8055
2026-04-03 01:55:28,293 - utils - INFO - GNN F1: 0.6227, Acc: 0.7621, Recall: 0.7529, AUC: 0.8252, AP: 0.6783
2026-04-03 01:55:28,293 - utils - INFO - Label F1: 0.7598, Acc: 0.8884, Recall: 0.8235, AUC: 0.8249, AP: 0.7561
2026-04-03 01:55:28,293 - train - INFO - Validation AUC: 0.8252
2026-04-03 01:55:28,300 - utils - INFO - Checkpoint saved to checkpoints\best_CARE_amazon.pt
2026-04-03 01:55:28,301 - train - INFO - New best model saved (AUC: 0.8252)
2026-04-03 01:55:45,450 - train - INFO - Epoch: 7, loss: 1.8078, lr: 0.010000, time: 17.15s
2026-04-03 01:55:56,885 - train - INFO - Epoch: 8, loss: 1.7524, lr: 0.010000, time: 11.43s
2026-04-03 01:56:05,594 - train - INFO - Epoch: 9, loss: 1.6934, lr: 0.010000, time: 8.71s
2026-04-03 01:56:27,799 - utils - INFO - GNN F1: 0.7603, Acc: 0.8895, Recall: 0.8505, AUC: 0.8758, AP: 0.7631
2026-04-03 01:56:27,800 - utils - INFO - Label F1: 0.6154, Acc: 0.7487, Recall: 0.7827, AUC: 0.8758, AP: 0.8085
2026-04-03 01:56:33,321 - utils - INFO - GNN F1: 0.7476, Acc: 0.8820, Recall: 0.8149, AUC: 0.8318, AP: 0.7019
2026-04-03 01:56:33,321 - utils - INFO - Label F1: 0.5999, Acc: 0.7347, Recall: 0.7376, AUC: 0.8252, AP: 0.7599
2026-04-03 01:56:33,321 - train - INFO - Validation AUC: 0.8318
2026-04-03 01:56:33,330 - utils - INFO - Checkpoint saved to checkpoints\best_CARE_amazon.pt
2026-04-03 01:56:33,330 - train - INFO - New best model saved (AUC: 0.8318)
2026-04-03 01:56:45,799 - train - INFO - Epoch: 10, loss: 1.6620, lr: 0.010000, time: 12.47s
2026-04-03 01:56:52,324 - train - INFO - Epoch: 11, loss: 1.6449, lr: 0.010000, time: 6.52s
2026-04-03 01:57:01,217 - train - INFO - Epoch: 12, loss: 1.6109, lr: 0.010000, time: 8.89s
2026-04-03 01:57:23,389 - utils - INFO - GNN F1: 0.8364, Acc: 0.9368, Recall: 0.8729, AUC: 0.8790, AP: 0.7763
2026-04-03 01:57:23,389 - utils - INFO - Label F1: 0.5445, Acc: 0.6558, Recall: 0.7352, AUC: 0.8761, AP: 0.8088
2026-04-03 01:57:28,910 - utils - INFO - GNN F1: 0.8147, Acc: 0.9259, Recall: 0.8370, AUC: 0.8374, AP: 0.7158
2026-04-03 01:57:28,910 - utils - INFO - Label F1: 0.5396, Acc: 0.6524, Recall: 0.6978, AUC: 0.8255, AP: 0.7610
2026-04-03 01:57:28,911 - train - INFO - Validation AUC: 0.8374
2026-04-03 01:57:28,918 - utils - INFO - Checkpoint saved to checkpoints\best_CARE_amazon.pt
2026-04-03 01:57:28,918 - train - INFO - New best model saved (AUC: 0.8374)
2026-04-03 01:57:36,610 - train - INFO - Epoch: 13, loss: 1.5828, lr: 0.010000, time: 7.69s
2026-04-03 01:57:44,997 - train - INFO - Epoch: 14, loss: 1.5614, lr: 0.010000, time: 8.38s
2026-04-03 01:57:50,256 - train - INFO - Epoch: 15, loss: 1.4896, lr: 0.010000, time: 5.26s
2026-04-03 01:58:12,731 - utils - INFO - GNN F1: 0.8468, Acc: 0.9416, Recall: 0.8787, AUC: 0.8850, AP: 0.7878
2026-04-03 01:58:12,732 - utils - INFO - Label F1: 0.7106, Acc: 0.8473, Recall: 0.8359, AUC: 0.8770, AP: 0.8100
2026-04-03 01:58:18,389 - utils - INFO - GNN F1: 0.8252, Acc: 0.9306, Recall: 0.8447, AUC: 0.8500, AP: 0.7298
2026-04-03 01:58:18,389 - utils - INFO - Label F1: 0.6765, Acc: 0.8196, Recall: 0.7850, AUC: 0.8273, AP: 0.7627
2026-04-03 01:58:18,389 - train - INFO - Validation AUC: 0.8500
2026-04-03 01:58:18,399 - utils - INFO - Checkpoint saved to checkpoints\best_CARE_amazon.pt
2026-04-03 01:58:18,399 - train - INFO - New best model saved (AUC: 0.8500)
2026-04-03 01:58:26,600 - train - INFO - Epoch: 16, loss: 1.5125, lr: 0.010000, time: 8.20s
2026-04-03 01:58:30,992 - train - INFO - Epoch: 17, loss: 1.4228, lr: 0.010000, time: 4.39s
2026-04-03 01:58:34,612 - train - INFO - Epoch: 18, loss: 1.4005, lr: 0.010000, time: 3.62s
2026-04-03 01:58:56,963 - utils - INFO - GNN F1: 0.8535, Acc: 0.9448, Recall: 0.8803, AUC: 0.9188, AP: 0.8099
2026-04-03 01:58:56,964 - utils - INFO - Label F1: 0.8221, Acc: 0.9274, Recall: 0.8779, AUC: 0.8783, AP: 0.8121
2026-04-03 01:59:02,607 - utils - INFO - GNN F1: 0.8339, Acc: 0.9353, Recall: 0.8486, AUC: 0.9101, AP: 0.7637
2026-04-03 01:59:02,608 - utils - INFO - Label F1: 0.7877, Acc: 0.9073, Recall: 0.8340, AUC: 0.8295, AP: 0.7641
2026-04-03 01:59:02,608 - train - INFO - Validation AUC: 0.9101
2026-04-03 01:59:02,615 - utils - INFO - Checkpoint saved to checkpoints\best_CARE_amazon.pt
2026-04-03 01:59:02,615 - train - INFO - New best model saved (AUC: 0.9101)
2026-04-03 01:59:07,213 - train - INFO - Epoch: 19, loss: 1.3204, lr: 0.010000, time: 4.60s
2026-04-03 01:59:10,940 - train - INFO - Epoch: 20, loss: 1.3385, lr: 0.010000, time: 3.73s
2026-04-03 01:59:14,644 - train - INFO - Epoch: 21, loss: 1.3047, lr: 0.010000, time: 3.70s
2026-04-03 01:59:38,200 - utils - INFO - GNN F1: 0.8591, Acc: 0.9471, Recall: 0.8838, AUC: 0.9147, AP: 0.8158
2026-04-03 01:59:38,200 - utils - INFO - Label F1: 0.8304, Acc: 0.9320, Recall: 0.8804, AUC: 0.8799, AP: 0.8131
2026-04-03 01:59:44,005 - utils - INFO - GNN F1: 0.8348, Acc: 0.9363, Recall: 0.8453, AUC: 0.9225, AP: 0.7842
2026-04-03 01:59:44,005 - utils - INFO - Label F1: 0.7992, Acc: 0.9147, Recall: 0.8383, AUC: 0.8323, AP: 0.7658
2026-04-03 01:59:44,006 - train - INFO - Validation AUC: 0.9225
2026-04-03 01:59:44,013 - utils - INFO - Checkpoint saved to checkpoints\best_CARE_amazon.pt
2026-04-03 01:59:44,013 - train - INFO - New best model saved (AUC: 0.9225)
2026-04-03 01:59:48,851 - train - INFO - Epoch: 22, loss: 1.2693, lr: 0.010000, time: 4.84s
2026-04-03 01:59:51,565 - train - INFO - Epoch: 23, loss: 1.2714, lr: 0.010000, time: 2.71s
2026-04-03 01:59:54,607 - train - INFO - Epoch: 24, loss: 1.2518, lr: 0.010000, time: 3.04s
2026-04-03 02:00:17,105 - utils - INFO - GNN F1: 0.8677, Acc: 0.9518, Recall: 0.8811, AUC: 0.9152, AP: 0.8188
2026-04-03 02:00:17,106 - utils - INFO - Label F1: 0.8340, Acc: 0.9338, Recall: 0.8821, AUC: 0.8820, AP: 0.8143
2026-04-03 02:00:22,665 - utils - INFO - GNN F1: 0.8522, Acc: 0.9467, Recall: 0.8398, AUC: 0.9202, AP: 0.7870
2026-04-03 02:00:22,665 - utils - INFO - Label F1: 0.8084, Acc: 0.9204, Recall: 0.8414, AUC: 0.8355, AP: 0.7677
2026-04-03 02:00:22,666 - train - INFO - Validation AUC: 0.9202
2026-04-03 02:00:26,376 - train - INFO - Epoch: 25, loss: 1.2115, lr: 0.010000, time: 3.71s
2026-04-03 02:00:29,789 - train - INFO - Epoch: 26, loss: 1.1790, lr: 0.010000, time: 3.41s
2026-04-03 02:00:33,267 - train - INFO - Epoch: 27, loss: 1.1706, lr: 0.010000, time: 3.48s
2026-04-03 02:00:55,271 - utils - INFO - GNN F1: 0.8800, Acc: 0.9572, Recall: 0.8834, AUC: 0.9162, AP: 0.8217
2026-04-03 02:00:55,271 - utils - INFO - Label F1: 0.8685, Acc: 0.9507, Recall: 0.8914, AUC: 0.8869, AP: 0.8162
2026-04-03 02:01:01,359 - utils - INFO - GNN F1: 0.8617, Acc: 0.9509, Recall: 0.8422, AUC: 0.9220, AP: 0.7959
2026-04-03 02:01:01,359 - utils - INFO - Label F1: 0.8448, Acc: 0.9405, Recall: 0.8528, AUC: 0.8438, AP: 0.7713
2026-04-03 02:01:01,360 - train - INFO - Validation AUC: 0.9220
2026-04-03 02:01:04,829 - train - INFO - Epoch: 28, loss: 1.1484, lr: 0.010000, time: 3.47s
2026-04-03 02:01:09,150 - train - INFO - Epoch: 29, loss: 1.1135, lr: 0.010000, time: 4.32s
2026-04-03 02:01:11,731 - train - INFO - Epoch: 30, loss: 1.0754, lr: 0.010000, time: 2.58s
2026-04-03 02:01:33,501 - utils - INFO - GNN F1: 0.8785, Acc: 0.9565, Recall: 0.8876, AUC: 0.9223, AP: 0.8283
2026-04-03 02:01:33,502 - utils - INFO - Label F1: 0.8875, Acc: 0.9598, Recall: 0.8942, AUC: 0.9042, AP: 0.8210
2026-04-03 02:01:40,069 - utils - INFO - GNN F1: 0.8728, Acc: 0.9541, Recall: 0.8617, AUC: 0.9287, AP: 0.8055
2026-04-03 02:01:40,069 - utils - INFO - Label F1: 0.8663, Acc: 0.9523, Recall: 0.8506, AUC: 0.8764, AP: 0.7813
2026-04-03 02:01:40,069 - train - INFO - Validation AUC: 0.9287
2026-04-03 02:01:40,075 - utils - INFO - Checkpoint saved to checkpoints\best_CARE_amazon.pt
2026-04-03 02:01:40,076 - train - INFO - New best model saved (AUC: 0.9287)
2026-04-03 02:01:40,076 - train - INFO - Training complete.
2026-04-03 02:01:40,300 - __main__ - INFO - Experiment MLP label predictor (CAPN) completed in 1302.8s
2026-04-03 02:01:40,301 - __main__ - INFO - Best GNN AUC: 0.9223228805926329
2026-04-03 02:01:40,302 - __main__ - INFO - Results saved to results/ablation\capn_label\ablation_results_20260403_020140.json
2026-04-03 02:01:41,123 - __main__ - INFO - 

Starting study: capn_reward
2026-04-03 02:01:41,124 - __main__ - INFO - 
============================================================
2026-04-03 02:01:41,124 - __main__ - INFO - Running experiment: Binary reward (original)
2026-04-03 02:01:41,125 - __main__ - INFO - ============================================================
2026-04-03 02:01:41,125 - __main__ - INFO - Config: {'model': 'CARE', 'use_capn': False}
2026-04-03 02:01:41,125 - train - INFO - Using device: cuda
2026-04-03 02:01:41,127 - utils - INFO - Random seed set to 72
2026-04-03 02:01:41,127 - utils - INFO - Loading cached labels/features from amz_labels.npy, amz_features.npy
2026-04-03 02:01:45,662 - utils - INFO - Loaded amazon dataset: 11944 nodes, 25 features
2026-04-03 02:01:45,668 - train - INFO - Split: train=2159, val=1296, test=5184
2026-04-03 02:01:45,673 - train - INFO - Model: CARE, Inter-AGG: GNN, emb_size: 64
2026-04-03 02:01:46,622 - train - INFO - Epoch: 0, loss: 2.1396, lr: 0.010000, time: 0.95s
2026-04-03 02:01:57,804 - utils - INFO - GNN F1: 0.3874, Acc: 0.5177, Recall: 0.4265, AUC: 0.4875, AP: 0.0844
2026-04-03 02:01:57,804 - utils - INFO - Label F1: 0.4284, Acc: 0.6847, Recall: 0.4150, AUC: 0.4902, AP: 0.0844
2026-04-03 02:02:00,595 - utils - INFO - GNN F1: 0.4059, Acc: 0.5323, Recall: 0.4483, AUC: 0.5075, AP: 0.0873
2026-04-03 02:02:00,595 - utils - INFO - Label F1: 0.4287, Acc: 0.6898, Recall: 0.4125, AUC: 0.4472, AP: 0.0793
2026-04-03 02:02:00,595 - train - INFO - Validation AUC: 0.5075
2026-04-03 02:02:00,603 - utils - INFO - Checkpoint saved to checkpoints\best_CARE_amazon.pt
2026-04-03 02:02:00,603 - train - INFO - New best model saved (AUC: 0.5075)
2026-04-03 02:02:01,416 - train - INFO - Epoch: 1, loss: 2.0820, lr: 0.010000, time: 0.81s
2026-04-03 02:02:02,282 - layers - INFO - RL update - scores: ['0.0339', '0.0347', '0.0315'], rewards: [-1, -1, -1], thresholds: ['0.4800', '0.4800', '0.4800']
2026-04-03 02:02:02,298 - train - INFO - Epoch: 2, loss: 2.0269, lr: 0.010000, time: 0.88s
2026-04-03 02:02:03,114 - layers - INFO - RL update - scores: ['0.0336', '0.0359', '0.0338'], rewards: [1, -1, -1], thresholds: ['0.5000', '0.4600', '0.4600']
2026-04-03 02:02:03,131 - train - INFO - Epoch: 3, loss: 1.9966, lr: 0.010000, time: 0.83s
2026-04-03 02:02:13,703 - utils - INFO - GNN F1: 0.7583, Acc: 0.8859, Recall: 0.8547, AUC: 0.8863, AP: 0.8083
2026-04-03 02:02:13,704 - utils - INFO - Label F1: 0.3965, Acc: 0.4702, Recall: 0.5461, AUC: 0.5384, AP: 0.0922
2026-04-03 02:02:16,467 - utils - INFO - GNN F1: 0.7418, Acc: 0.8752, Recall: 0.8200, AUC: 0.8392, AP: 0.7492
2026-04-03 02:02:16,467 - utils - INFO - Label F1: 0.3917, Acc: 0.4583, Recall: 0.5211, AUC: 0.5030, AP: 0.0869
2026-04-03 02:02:16,467 - train - INFO - Validation AUC: 0.8392
2026-04-03 02:02:16,473 - utils - INFO - Checkpoint saved to checkpoints\best_CARE_amazon.pt
2026-04-03 02:02:16,473 - train - INFO - New best model saved (AUC: 0.8392)
2026-04-03 02:02:17,264 - layers - INFO - RL update - scores: ['0.0322', '0.0353', '0.0353'], rewards: [1, 1, -1], thresholds: ['0.5200', '0.4800', '0.4400']
2026-04-03 02:02:17,278 - train - INFO - Epoch: 4, loss: 1.9664, lr: 0.010000, time: 0.80s
2026-04-03 02:02:18,067 - layers - INFO - RL update - scores: ['0.0321', '0.0338', '0.0358'], rewards: [1, 1, -1], thresholds: ['0.5400', '0.5000', '0.4200']
2026-04-03 02:02:18,080 - train - INFO - Epoch: 5, loss: 1.9326, lr: 0.010000, time: 0.80s
2026-04-03 02:02:18,928 - layers - INFO - RL update - scores: ['0.0328', '0.0349', '0.0357'], rewards: [-1, -1, 1], thresholds: ['0.5200', '0.4800', '0.4400']
2026-04-03 02:02:18,943 - train - INFO - Epoch: 6, loss: 1.8853, lr: 0.010000, time: 0.86s
2026-04-03 02:02:29,737 - utils - INFO - GNN F1: 0.6535, Acc: 0.7920, Recall: 0.8058, AUC: 0.8800, AP: 0.7967
2026-04-03 02:02:29,737 - utils - INFO - Label F1: 0.4263, Acc: 0.4834, Recall: 0.6585, AUC: 0.6118, AP: 0.1122
2026-04-03 02:02:32,125 - utils - INFO - GNN F1: 0.6427, Acc: 0.7847, Recall: 0.7656, AUC: 0.8356, AP: 0.7398
2026-04-03 02:02:32,125 - utils - INFO - Label F1: 0.4184, Acc: 0.4729, Recall: 0.6129, AUC: 0.5868, AP: 0.1072
2026-04-03 02:02:32,126 - train - INFO - Validation AUC: 0.8356
2026-04-03 02:02:32,920 - layers - INFO - RL update - scores: ['0.0326', '0.0361', '0.0355'], rewards: [1, -1, 1], thresholds: ['0.5400', '0.4600', '0.4600']
2026-04-03 02:02:32,933 - train - INFO - Epoch: 7, loss: 1.8984, lr: 0.010000, time: 0.81s
2026-04-03 02:02:33,755 - layers - INFO - RL update - scores: ['0.0310', '0.0342', '0.0382'], rewards: [1, 1, -1], thresholds: ['0.5600', '0.4800', '0.4400']
2026-04-03 02:02:33,768 - train - INFO - Epoch: 8, loss: 1.8597, lr: 0.010000, time: 0.84s
2026-04-03 02:02:34,590 - layers - INFO - RL update - scores: ['0.0313', '0.0321', '0.0412'], rewards: [-1, 1, -1], thresholds: ['0.5400', '0.5000', '0.4200']
2026-04-03 02:02:34,604 - train - INFO - Epoch: 9, loss: 1.8134, lr: 0.010000, time: 0.83s
2026-04-03 02:02:45,051 - utils - INFO - GNN F1: 0.7340, Acc: 0.8677, Recall: 0.8446, AUC: 0.8796, AP: 0.7957
2026-04-03 02:02:45,051 - utils - INFO - Label F1: 0.4263, Acc: 0.4832, Recall: 0.6591, AUC: 0.7056, AP: 0.1584
2026-04-03 02:02:47,379 - utils - INFO - GNN F1: 0.7300, Acc: 0.8680, Recall: 0.8097, AUC: 0.8374, AP: 0.7428
2026-04-03 02:02:47,379 - utils - INFO - Label F1: 0.4185, Acc: 0.4724, Recall: 0.6152, AUC: 0.6760, AP: 0.1488
2026-04-03 02:02:47,379 - train - INFO - Validation AUC: 0.8374
2026-04-03 02:02:48,173 - layers - INFO - RL update - scores: ['0.0321', '0.0340', '0.0404'], rewards: [-1, -1, 1], thresholds: ['0.5200', '0.4800', '0.4400']
2026-04-03 02:02:48,186 - train - INFO - Epoch: 10, loss: 1.8164, lr: 0.010000, time: 0.81s
2026-04-03 02:02:48,948 - layers - INFO - RL update - scores: ['0.0314', '0.0366', '0.0398'], rewards: [1, -1, 1], thresholds: ['0.5400', '0.4600', '0.4600']
2026-04-03 02:02:48,964 - train - INFO - Epoch: 11, loss: 1.7898, lr: 0.010000, time: 0.78s
2026-04-03 02:02:49,762 - layers - INFO - RL update - scores: ['0.0313', '0.0355', '0.0427'], rewards: [1, 1, -1], thresholds: ['0.5600', '0.4800', '0.4400']
2026-04-03 02:02:49,779 - train - INFO - Epoch: 12, loss: 1.7694, lr: 0.010000, time: 0.82s
2026-04-03 02:02:59,506 - utils - INFO - GNN F1: 0.7862, Acc: 0.9051, Recall: 0.8615, AUC: 0.8799, AP: 0.7956
2026-04-03 02:02:59,506 - utils - INFO - Label F1: 0.4280, Acc: 0.4857, Recall: 0.6604, AUC: 0.7765, AP: 0.2357
2026-04-03 02:03:02,147 - utils - INFO - GNN F1: 0.7768, Acc: 0.9018, Recall: 0.8285, AUC: 0.8400, AP: 0.7464
2026-04-03 02:03:02,147 - utils - INFO - Label F1: 0.4205, Acc: 0.4757, Recall: 0.6145, AUC: 0.7376, AP: 0.2127
2026-04-03 02:03:02,147 - train - INFO - Validation AUC: 0.8400
2026-04-03 02:03:02,153 - utils - INFO - Checkpoint saved to checkpoints\best_CARE_amazon.pt
2026-04-03 02:03:02,153 - train - INFO - New best model saved (AUC: 0.8400)
2026-04-03 02:03:03,048 - layers - INFO - RL update - scores: ['0.0334', '0.0345', '0.0464'], rewards: [-1, 1, -1], thresholds: ['0.5400', '0.5000', '0.4200']
2026-04-03 02:03:03,062 - train - INFO - Epoch: 13, loss: 1.7594, lr: 0.010000, time: 0.91s
2026-04-03 02:03:03,841 - layers - INFO - RL update - scores: ['0.0362', '0.0385', '0.0454'], rewards: [-1, -1, 1], thresholds: ['0.5200', '0.4800', '0.4400']
2026-04-03 02:03:03,854 - train - INFO - Epoch: 14, loss: 1.7542, lr: 0.010000, time: 0.79s
2026-04-03 02:03:04,644 - layers - INFO - RL update - scores: ['0.0368', '0.0430', '0.0447'], rewards: [-1, -1, 1], thresholds: ['0.5000', '0.4600', '0.4600']
2026-04-03 02:03:04,659 - train - INFO - Epoch: 15, loss: 1.7037, lr: 0.010000, time: 0.80s
2026-04-03 02:03:14,605 - utils - INFO - GNN F1: 0.8617, Acc: 0.9484, Recall: 0.8838, AUC: 0.8837, AP: 0.8015
2026-04-03 02:03:14,606 - utils - INFO - Label F1: 0.4348, Acc: 0.4951, Recall: 0.6657, AUC: 0.8184, AP: 0.3485
2026-04-03 02:03:17,183 - utils - INFO - GNN F1: 0.8536, Acc: 0.9461, Recall: 0.8509, AUC: 0.8445, AP: 0.7523
2026-04-03 02:03:17,184 - utils - INFO - Label F1: 0.4241, Acc: 0.4810, Recall: 0.6174, AUC: 0.7743, AP: 0.3020
2026-04-03 02:03:17,184 - train - INFO - Validation AUC: 0.8445
2026-04-03 02:03:17,188 - utils - INFO - Checkpoint saved to checkpoints\best_CARE_amazon.pt
2026-04-03 02:03:17,189 - train - INFO - New best model saved (AUC: 0.8445)
2026-04-03 02:03:17,936 - layers - INFO - RL update - scores: ['0.0378', '0.0428', '0.0481'], rewards: [-1, 1, -1], thresholds: ['0.4800', '0.4800', '0.4400']
2026-04-03 02:03:17,951 - train - INFO - Epoch: 16, loss: 1.7244, lr: 0.010000, time: 0.76s
2026-04-03 02:03:18,709 - layers - INFO - RL update - scores: ['0.0373', '0.0426', '0.0522'], rewards: [1, 1, -1], thresholds: ['0.5000', '0.5000', '0.4200']
2026-04-03 02:03:18,723 - train - INFO - Epoch: 17, loss: 1.6750, lr: 0.010000, time: 0.77s
2026-04-03 02:03:19,513 - layers - INFO - RL update - scores: ['0.0390', '0.0480', '0.0508'], rewards: [-1, -1, 1], thresholds: ['0.4800', '0.4800', '0.4400']
2026-04-03 02:03:19,526 - train - INFO - Epoch: 18, loss: 1.6526, lr: 0.010000, time: 0.80s
2026-04-03 02:03:29,748 - utils - INFO - GNN F1: 0.8717, Acc: 0.9535, Recall: 0.8821, AUC: 0.9103, AP: 0.8134
2026-04-03 02:03:29,748 - utils - INFO - Label F1: 0.4734, Acc: 0.5505, Recall: 0.6926, AUC: 0.8428, AP: 0.4832
2026-04-03 02:03:32,527 - utils - INFO - GNN F1: 0.8642, Acc: 0.9508, Recall: 0.8547, AUC: 0.8921, AP: 0.7726
2026-04-03 02:03:32,528 - utils - INFO - Label F1: 0.4634, Acc: 0.5394, Recall: 0.6437, AUC: 0.7947, AP: 0.4016
2026-04-03 02:03:32,528 - train - INFO - Validation AUC: 0.8921
2026-04-03 02:03:32,534 - utils - INFO - Checkpoint saved to checkpoints\best_CARE_amazon.pt
2026-04-03 02:03:32,534 - train - INFO - New best model saved (AUC: 0.8921)
2026-04-03 02:03:33,363 - layers - INFO - RL update - scores: ['0.0429', '0.0537', '0.0501'], rewards: [-1, -1, 1], thresholds: ['0.4600', '0.4600', '0.4600']
2026-04-03 02:03:33,377 - train - INFO - Epoch: 19, loss: 1.6147, lr: 0.010000, time: 0.84s
2026-04-03 02:03:34,184 - layers - INFO - RL update - scores: ['0.0453', '0.0540', '0.0538'], rewards: [-1, -1, -1], thresholds: ['0.4400', '0.4400', '0.4400']
2026-04-03 02:03:34,199 - train - INFO - Epoch: 20, loss: 1.6176, lr: 0.010000, time: 0.82s
2026-04-03 02:03:35,135 - layers - INFO - RL update - scores: ['0.0473', '0.0542', '0.0585'], rewards: [-1, -1, -1], thresholds: ['0.4200', '0.4200', '0.4200']
2026-04-03 02:03:35,149 - train - INFO - Epoch: 21, loss: 1.6101, lr: 0.010000, time: 0.95s
2026-04-03 02:03:45,273 - utils - INFO - GNN F1: 0.8642, Acc: 0.9494, Recall: 0.8867, AUC: 0.9287, AP: 0.8277
2026-04-03 02:03:45,274 - utils - INFO - Label F1: 0.5186, Acc: 0.6152, Recall: 0.7270, AUC: 0.8550, AP: 0.5844
2026-04-03 02:03:47,753 - utils - INFO - GNN F1: 0.8543, Acc: 0.9456, Recall: 0.8569, AUC: 0.9280, AP: 0.7981
2026-04-03 02:03:47,753 - utils - INFO - Label F1: 0.5071, Acc: 0.6027, Recall: 0.6790, AUC: 0.8057, AP: 0.4845
2026-04-03 02:03:47,753 - train - INFO - Validation AUC: 0.9280
2026-04-03 02:03:47,758 - utils - INFO - Checkpoint saved to checkpoints\best_CARE_amazon.pt
2026-04-03 02:03:47,759 - train - INFO - New best model saved (AUC: 0.9280)
2026-04-03 02:03:48,440 - layers - INFO - RL update - scores: ['0.0490', '0.0544', '0.0572'], rewards: [-1, -1, 1], thresholds: ['0.4000', '0.4000', '0.4400']
2026-04-03 02:03:48,453 - train - INFO - Epoch: 22, loss: 1.5921, lr: 0.010000, time: 0.69s
2026-04-03 02:03:49,118 - layers - INFO - RL update - scores: ['0.0508', '0.0547', '0.0565'], rewards: [-1, -1, 1], thresholds: ['0.3800', '0.3800', '0.4600']
2026-04-03 02:03:49,133 - train - INFO - Epoch: 23, loss: 1.5882, lr: 0.010000, time: 0.68s
2026-04-03 02:03:49,990 - layers - INFO - RL update - scores: ['0.0520', '0.0550', '0.0606'], rewards: [-1, -1, -1], thresholds: ['0.3600', '0.3600', '0.4400']
2026-04-03 02:03:50,006 - train - INFO - Epoch: 24, loss: 1.5775, lr: 0.010000, time: 0.87s
2026-04-03 02:03:59,491 - utils - INFO - GNN F1: 0.8677, Acc: 0.9510, Recall: 0.8868, AUC: 0.9315, AP: 0.8336
2026-04-03 02:03:59,491 - utils - INFO - Label F1: 0.5634, Acc: 0.6772, Recall: 0.7591, AUC: 0.8624, AP: 0.6525
2026-04-03 02:04:01,924 - utils - INFO - GNN F1: 0.8493, Acc: 0.9442, Recall: 0.8473, AUC: 0.9355, AP: 0.8084
2026-04-03 02:04:01,924 - utils - INFO - Label F1: 0.5567, Acc: 0.6718, Recall: 0.7177, AUC: 0.8129, AP: 0.5552
2026-04-03 02:04:01,924 - train - INFO - Validation AUC: 0.9355
2026-04-03 02:04:01,929 - utils - INFO - Checkpoint saved to checkpoints\best_CARE_amazon.pt
2026-04-03 02:04:01,930 - train - INFO - New best model saved (AUC: 0.9355)
2026-04-03 02:04:02,543 - layers - INFO - RL update - scores: ['0.0540', '0.0555', '0.0656'], rewards: [-1, -1, -1], thresholds: ['0.3400', '0.3400', '0.4200']
2026-04-03 02:04:02,557 - train - INFO - Epoch: 25, loss: 1.5644, lr: 0.010000, time: 0.63s
2026-04-03 02:04:03,876 - layers - INFO - RL update - scores: ['0.0554', '0.0558', '0.0640'], rewards: [-1, -1, 1], thresholds: ['0.3200', '0.3200', '0.4400']
2026-04-03 02:04:03,892 - train - INFO - Epoch: 26, loss: 1.5648, lr: 0.010000, time: 1.33s
2026-04-03 02:04:04,686 - layers - INFO - RL update - scores: ['0.0572', '0.0563', '0.0632'], rewards: [-1, -1, 1], thresholds: ['0.3000', '0.3000', '0.4600']
2026-04-03 02:04:04,699 - train - INFO - Epoch: 27, loss: 1.5479, lr: 0.010000, time: 0.81s
2026-04-03 02:04:14,100 - utils - INFO - GNN F1: 0.8771, Acc: 0.9554, Recall: 0.8868, AUC: 0.9345, AP: 0.8395
2026-04-03 02:04:14,100 - utils - INFO - Label F1: 0.5978, Acc: 0.7215, Recall: 0.7836, AUC: 0.8675, AP: 0.7052
2026-04-03 02:04:17,312 - utils - INFO - GNN F1: 0.8602, Acc: 0.9499, Recall: 0.8479, AUC: 0.9423, AP: 0.8180
2026-04-03 02:04:17,312 - utils - INFO - Label F1: 0.5785, Acc: 0.7009, Recall: 0.7339, AUC: 0.8184, AP: 0.6188
2026-04-03 02:04:17,313 - train - INFO - Validation AUC: 0.9423
2026-04-03 02:04:17,319 - utils - INFO - Checkpoint saved to checkpoints\best_CARE_amazon.pt
2026-04-03 02:04:17,319 - train - INFO - New best model saved (AUC: 0.9423)
2026-04-03 02:04:18,296 - layers - INFO - RL update - scores: ['0.0552', '0.0567', '0.0674'], rewards: [1, -1, -1], thresholds: ['0.3200', '0.2800', '0.4400']
2026-04-03 02:04:18,308 - train - INFO - Epoch: 28, loss: 1.5412, lr: 0.010000, time: 0.99s
2026-04-03 02:04:19,158 - layers - INFO - RL update - scores: ['0.0559', '0.0570', '0.0726'], rewards: [-1, -1, -1], thresholds: ['0.3000', '0.2600', '0.4200']
2026-04-03 02:04:19,171 - train - INFO - Epoch: 29, loss: 1.5229, lr: 0.010000, time: 0.86s
2026-04-03 02:04:20,002 - layers - INFO - RL update - scores: ['0.0621', '0.0572', '0.0707'], rewards: [-1, -1, 1], thresholds: ['0.2800', '0.2400', '0.4400']
2026-04-03 02:04:20,018 - train - INFO - Epoch: 30, loss: 1.5033, lr: 0.010000, time: 0.85s
2026-04-03 02:04:29,932 - utils - INFO - GNN F1: 0.8815, Acc: 0.9577, Recall: 0.8890, AUC: 0.9346, AP: 0.8389
2026-04-03 02:04:29,932 - utils - INFO - Label F1: 0.6062, Acc: 0.7324, Recall: 0.7888, AUC: 0.8710, AP: 0.7339
2026-04-03 02:04:32,105 - utils - INFO - GNN F1: 0.8639, Acc: 0.9508, Recall: 0.8535, AUC: 0.9394, AP: 0.8151
2026-04-03 02:04:32,105 - utils - INFO - Label F1: 0.5921, Acc: 0.7185, Recall: 0.7437, AUC: 0.8220, AP: 0.6529
2026-04-03 02:04:32,105 - train - INFO - Validation AUC: 0.9394
2026-04-03 02:04:32,105 - train - INFO - Training complete.
2026-04-03 02:04:32,346 - __main__ - INFO - Experiment Binary reward (original) completed in 171.2s
2026-04-03 02:04:32,347 - __main__ - INFO - Best GNN AUC: 0.9345989882659081
2026-04-03 02:04:32,347 - __main__ - INFO - 
============================================================
2026-04-03 02:04:32,347 - __main__ - INFO - Running experiment: Shaped reward (CAPN)
2026-04-03 02:04:32,347 - __main__ - INFO - ============================================================
2026-04-03 02:04:32,348 - __main__ - INFO - Config: {'model': 'CARE', 'use_capn': True}
2026-04-03 02:04:32,348 - train - INFO - Using device: cuda
2026-04-03 02:04:32,349 - utils - INFO - Random seed set to 72
2026-04-03 02:04:32,349 - utils - INFO - Loading cached labels/features from amz_labels.npy, amz_features.npy
2026-04-03 02:04:36,773 - utils - INFO - Loaded amazon dataset: 11944 nodes, 25 features
2026-04-03 02:04:36,779 - train - INFO - Split: train=2159, val=1296, test=5184
2026-04-03 02:04:36,786 - train - INFO - Model: CARE, Inter-AGG: GNN, emb_size: 64
2026-04-03 02:04:36,794 - train - INFO - Policy network state_dim=30
2026-04-03 02:04:36,794 - train - INFO - CAPN mode enabled: policy_hidden=64, policy_lr=0.001, lambda_policy=0.1
2026-04-03 02:04:36,796 - train - INFO - Dual optimizer: GNN params=2946, Policy params=4262
2026-04-03 02:05:07,659 - train - INFO - Epoch: 0, loss: 2.1607, lr: 0.010000, time: 30.86s
2026-04-03 02:15:42,806 - utils - INFO - GNN F1: 0.3042, Acc: 0.4007, Recall: 0.2912, AUC: 0.1760, AP: 0.0546
2026-04-03 02:15:42,807 - utils - INFO - Label F1: 0.0886, Acc: 0.0973, Recall: 0.5000, AUC: 0.8218, AP: 0.5400
2026-04-03 02:18:12,949 - utils - INFO - GNN F1: 0.3224, Acc: 0.4074, Recall: 0.3390, AUC: 0.2014, AP: 0.0563
2026-04-03 02:18:12,949 - utils - INFO - Label F1: 0.0955, Acc: 0.1060, Recall: 0.5000, AUC: 0.8333, AP: 0.4740
2026-04-03 02:18:12,949 - train - INFO - Validation AUC: 0.2014
2026-04-03 02:18:12,959 - utils - INFO - Checkpoint saved to checkpoints\best_CARE_amazon.pt
2026-04-03 02:18:12,960 - train - INFO - New best model saved (AUC: 0.2014)
2026-04-03 02:18:35,890 - train - INFO - Epoch: 1, loss: 2.1018, lr: 0.010000, time: 22.93s
2026-04-03 02:18:57,955 - train - INFO - Epoch: 2, loss: 2.0283, lr: 0.010000, time: 22.06s
2026-04-03 02:19:17,529 - train - INFO - Epoch: 3, loss: 1.9831, lr: 0.010000, time: 19.57s
2026-04-03 02:19:40,515 - utils - INFO - GNN F1: 0.5018, Acc: 0.5916, Recall: 0.7131, AUC: 0.8630, AP: 0.6792
2026-04-03 02:19:40,515 - utils - INFO - Label F1: 0.8601, Acc: 0.9481, Recall: 0.8814, AUC: 0.8765, AP: 0.8013
2026-04-03 02:19:46,132 - utils - INFO - GNN F1: 0.4865, Acc: 0.5782, Recall: 0.6526, AUC: 0.8158, AP: 0.6178
2026-04-03 02:19:46,133 - utils - INFO - Label F1: 0.8147, Acc: 0.9262, Recall: 0.8295, AUC: 0.8260, AP: 0.7462
2026-04-03 02:19:46,133 - train - INFO - Validation AUC: 0.8158
2026-04-03 02:19:46,141 - utils - INFO - Checkpoint saved to checkpoints\best_CARE_amazon.pt
2026-04-03 02:19:46,141 - train - INFO - New best model saved (AUC: 0.8158)
2026-04-03 02:20:00,940 - train - INFO - Epoch: 4, loss: 1.9436, lr: 0.010000, time: 14.80s
2026-04-03 02:20:16,608 - train - INFO - Epoch: 5, loss: 1.8915, lr: 0.010000, time: 15.67s
2026-04-03 02:20:34,230 - train - INFO - Epoch: 6, loss: 1.8333, lr: 0.010000, time: 17.62s
2026-04-03 02:20:57,062 - utils - INFO - GNN F1: 0.6328, Acc: 0.7690, Recall: 0.7931, AUC: 0.8712, AP: 0.7395
2026-04-03 02:20:57,063 - utils - INFO - Label F1: 0.8008, Acc: 0.9147, Recall: 0.8709, AUC: 0.8755, AP: 0.8055
2026-04-03 02:21:02,666 - utils - INFO - GNN F1: 0.6227, Acc: 0.7621, Recall: 0.7529, AUC: 0.8252, AP: 0.6783
2026-04-03 02:21:02,667 - utils - INFO - Label F1: 0.7598, Acc: 0.8884, Recall: 0.8235, AUC: 0.8249, AP: 0.7561
2026-04-03 02:21:02,667 - train - INFO - Validation AUC: 0.8252
2026-04-03 02:21:02,674 - utils - INFO - Checkpoint saved to checkpoints\best_CARE_amazon.pt
2026-04-03 02:21:02,675 - train - INFO - New best model saved (AUC: 0.8252)
2026-04-03 02:21:23,256 - train - INFO - Epoch: 7, loss: 1.8078, lr: 0.010000, time: 20.57s
2026-04-03 02:21:35,634 - train - INFO - Epoch: 8, loss: 1.7524, lr: 0.010000, time: 12.37s
2026-04-03 02:21:44,558 - train - INFO - Epoch: 9, loss: 1.6934, lr: 0.010000, time: 8.92s
2026-04-03 02:22:07,122 - utils - INFO - GNN F1: 0.7603, Acc: 0.8895, Recall: 0.8505, AUC: 0.8758, AP: 0.7631
2026-04-03 02:22:07,123 - utils - INFO - Label F1: 0.6154, Acc: 0.7487, Recall: 0.7827, AUC: 0.8758, AP: 0.8085
2026-04-03 02:22:12,690 - utils - INFO - GNN F1: 0.7476, Acc: 0.8820, Recall: 0.8149, AUC: 0.8318, AP: 0.7019
2026-04-03 02:22:12,690 - utils - INFO - Label F1: 0.5999, Acc: 0.7347, Recall: 0.7376, AUC: 0.8252, AP: 0.7599
2026-04-03 02:22:12,690 - train - INFO - Validation AUC: 0.8318
2026-04-03 02:22:12,698 - utils - INFO - Checkpoint saved to checkpoints\best_CARE_amazon.pt
2026-04-03 02:22:12,698 - train - INFO - New best model saved (AUC: 0.8318)
2026-04-03 02:22:25,448 - train - INFO - Epoch: 10, loss: 1.6620, lr: 0.010000, time: 12.75s
2026-04-03 02:22:32,202 - train - INFO - Epoch: 11, loss: 1.6449, lr: 0.010000, time: 6.75s
2026-04-03 02:22:42,588 - train - INFO - Epoch: 12, loss: 1.6109, lr: 0.010000, time: 10.38s
2026-04-03 02:23:04,178 - utils - INFO - GNN F1: 0.8364, Acc: 0.9368, Recall: 0.8729, AUC: 0.8790, AP: 0.7763
2026-04-03 02:23:04,178 - utils - INFO - Label F1: 0.5445, Acc: 0.6558, Recall: 0.7352, AUC: 0.8761, AP: 0.8088
2026-04-03 02:23:09,747 - utils - INFO - GNN F1: 0.8147, Acc: 0.9259, Recall: 0.8370, AUC: 0.8374, AP: 0.7158
2026-04-03 02:23:09,747 - utils - INFO - Label F1: 0.5396, Acc: 0.6524, Recall: 0.6978, AUC: 0.8255, AP: 0.7610
2026-04-03 02:23:09,748 - train - INFO - Validation AUC: 0.8374
2026-04-03 02:23:09,755 - utils - INFO - Checkpoint saved to checkpoints\best_CARE_amazon.pt
2026-04-03 02:23:09,755 - train - INFO - New best model saved (AUC: 0.8374)
2026-04-03 02:23:17,512 - train - INFO - Epoch: 13, loss: 1.5828, lr: 0.010000, time: 7.76s
2026-04-03 02:23:27,362 - train - INFO - Epoch: 14, loss: 1.5614, lr: 0.010000, time: 9.85s
2026-04-03 02:23:32,803 - train - INFO - Epoch: 15, loss: 1.4896, lr: 0.010000, time: 5.44s
2026-04-03 02:23:54,146 - utils - INFO - GNN F1: 0.8468, Acc: 0.9416, Recall: 0.8787, AUC: 0.8850, AP: 0.7878
2026-04-03 02:23:54,147 - utils - INFO - Label F1: 0.7106, Acc: 0.8473, Recall: 0.8359, AUC: 0.8770, AP: 0.8100
2026-04-03 02:24:00,822 - utils - INFO - GNN F1: 0.8252, Acc: 0.9306, Recall: 0.8447, AUC: 0.8500, AP: 0.7298
2026-04-03 02:24:00,823 - utils - INFO - Label F1: 0.6765, Acc: 0.8196, Recall: 0.7850, AUC: 0.8273, AP: 0.7627
2026-04-03 02:24:00,823 - train - INFO - Validation AUC: 0.8500
2026-04-03 02:24:00,830 - utils - INFO - Checkpoint saved to checkpoints\best_CARE_amazon.pt
2026-04-03 02:24:00,830 - train - INFO - New best model saved (AUC: 0.8500)
2026-04-03 02:24:09,313 - train - INFO - Epoch: 16, loss: 1.5125, lr: 0.010000, time: 8.48s
2026-04-03 02:24:13,666 - train - INFO - Epoch: 17, loss: 1.4228, lr: 0.010000, time: 4.35s
2026-04-03 02:24:17,171 - train - INFO - Epoch: 18, loss: 1.4005, lr: 0.010000, time: 3.50s
2026-04-03 02:24:38,606 - utils - INFO - GNN F1: 0.8535, Acc: 0.9448, Recall: 0.8803, AUC: 0.9188, AP: 0.8099
2026-04-03 02:24:38,607 - utils - INFO - Label F1: 0.8221, Acc: 0.9274, Recall: 0.8779, AUC: 0.8783, AP: 0.8121
2026-04-03 02:24:45,169 - utils - INFO - GNN F1: 0.8339, Acc: 0.9353, Recall: 0.8486, AUC: 0.9101, AP: 0.7637
2026-04-03 02:24:45,169 - utils - INFO - Label F1: 0.7877, Acc: 0.9073, Recall: 0.8340, AUC: 0.8295, AP: 0.7641
2026-04-03 02:24:45,169 - train - INFO - Validation AUC: 0.9101
2026-04-03 02:24:45,176 - utils - INFO - Checkpoint saved to checkpoints\best_CARE_amazon.pt
2026-04-03 02:24:45,176 - train - INFO - New best model saved (AUC: 0.9101)
2026-04-03 02:24:49,997 - train - INFO - Epoch: 19, loss: 1.3204, lr: 0.010000, time: 4.82s
2026-04-03 02:24:53,832 - train - INFO - Epoch: 20, loss: 1.3385, lr: 0.010000, time: 3.83s
2026-04-03 02:24:57,442 - train - INFO - Epoch: 21, loss: 1.3047, lr: 0.010000, time: 3.61s
2026-04-03 02:25:20,248 - utils - INFO - GNN F1: 0.8591, Acc: 0.9471, Recall: 0.8838, AUC: 0.9147, AP: 0.8158
2026-04-03 02:25:20,248 - utils - INFO - Label F1: 0.8304, Acc: 0.9320, Recall: 0.8804, AUC: 0.8799, AP: 0.8131
2026-04-03 02:25:25,780 - utils - INFO - GNN F1: 0.8348, Acc: 0.9363, Recall: 0.8453, AUC: 0.9225, AP: 0.7842
2026-04-03 02:25:25,780 - utils - INFO - Label F1: 0.7992, Acc: 0.9147, Recall: 0.8383, AUC: 0.8323, AP: 0.7658
2026-04-03 02:25:25,781 - train - INFO - Validation AUC: 0.9225
2026-04-03 02:25:25,787 - utils - INFO - Checkpoint saved to checkpoints\best_CARE_amazon.pt
2026-04-03 02:25:25,787 - train - INFO - New best model saved (AUC: 0.9225)
2026-04-03 02:25:30,502 - train - INFO - Epoch: 22, loss: 1.2693, lr: 0.010000, time: 4.71s
2026-04-03 02:25:33,228 - train - INFO - Epoch: 23, loss: 1.2714, lr: 0.010000, time: 2.72s
2026-04-03 02:25:36,347 - train - INFO - Epoch: 24, loss: 1.2518, lr: 0.010000, time: 3.12s
2026-04-03 02:25:59,177 - utils - INFO - GNN F1: 0.8677, Acc: 0.9518, Recall: 0.8811, AUC: 0.9152, AP: 0.8188
2026-04-03 02:25:59,177 - utils - INFO - Label F1: 0.8340, Acc: 0.9338, Recall: 0.8821, AUC: 0.8820, AP: 0.8143
2026-04-03 02:26:04,967 - utils - INFO - GNN F1: 0.8522, Acc: 0.9467, Recall: 0.8398, AUC: 0.9202, AP: 0.7870
2026-04-03 02:26:04,968 - utils - INFO - Label F1: 0.8084, Acc: 0.9204, Recall: 0.8414, AUC: 0.8355, AP: 0.7677
2026-04-03 02:26:04,968 - train - INFO - Validation AUC: 0.9202
2026-04-03 02:26:08,775 - train - INFO - Epoch: 25, loss: 1.2115, lr: 0.010000, time: 3.81s
2026-04-03 02:26:12,081 - train - INFO - Epoch: 26, loss: 1.1790, lr: 0.010000, time: 3.30s
2026-04-03 02:26:15,684 - train - INFO - Epoch: 27, loss: 1.1706, lr: 0.010000, time: 3.60s
2026-04-03 02:26:39,046 - utils - INFO - GNN F1: 0.8800, Acc: 0.9572, Recall: 0.8834, AUC: 0.9162, AP: 0.8217
2026-04-03 02:26:39,047 - utils - INFO - Label F1: 0.8685, Acc: 0.9507, Recall: 0.8914, AUC: 0.8869, AP: 0.8162
2026-04-03 02:26:44,815 - utils - INFO - GNN F1: 0.8617, Acc: 0.9509, Recall: 0.8422, AUC: 0.9220, AP: 0.7959
2026-04-03 02:26:44,816 - utils - INFO - Label F1: 0.8448, Acc: 0.9405, Recall: 0.8528, AUC: 0.8438, AP: 0.7713
2026-04-03 02:26:44,816 - train - INFO - Validation AUC: 0.9220
2026-04-03 02:26:48,032 - train - INFO - Epoch: 28, loss: 1.1484, lr: 0.010000, time: 3.21s
2026-04-03 02:26:51,155 - train - INFO - Epoch: 29, loss: 1.1135, lr: 0.010000, time: 3.12s
2026-04-03 02:26:53,822 - train - INFO - Epoch: 30, loss: 1.0754, lr: 0.010000, time: 2.66s
2026-04-03 02:27:16,420 - utils - INFO - GNN F1: 0.8785, Acc: 0.9565, Recall: 0.8876, AUC: 0.9223, AP: 0.8283
2026-04-03 02:27:16,420 - utils - INFO - Label F1: 0.8875, Acc: 0.9598, Recall: 0.8942, AUC: 0.9042, AP: 0.8210
2026-04-03 02:27:22,210 - utils - INFO - GNN F1: 0.8728, Acc: 0.9541, Recall: 0.8617, AUC: 0.9287, AP: 0.8055
2026-04-03 02:27:22,211 - utils - INFO - Label F1: 0.8663, Acc: 0.9523, Recall: 0.8506, AUC: 0.8764, AP: 0.7813
2026-04-03 02:27:22,211 - train - INFO - Validation AUC: 0.9287
2026-04-03 02:27:22,218 - utils - INFO - Checkpoint saved to checkpoints\best_CARE_amazon.pt
2026-04-03 02:27:22,218 - train - INFO - New best model saved (AUC: 0.9287)
2026-04-03 02:27:22,218 - train - INFO - Training complete.
2026-04-03 02:27:22,460 - __main__ - INFO - Experiment Shaped reward (CAPN) completed in 1370.1s
2026-04-03 02:27:22,460 - __main__ - INFO - Best GNN AUC: 0.9223228805926329
2026-04-03 02:27:22,461 - __main__ - INFO - 
============================================================
2026-04-03 02:27:22,461 - __main__ - INFO - Running experiment: Shaped (dist only)
2026-04-03 02:27:22,461 - __main__ - INFO - ============================================================
2026-04-03 02:27:22,461 - __main__ - INFO - Config: {'model': 'CARE', 'use_capn': True, 'reward_w1': 1.0, 'reward_w2': 0.0, 'reward_w3': 0.0}
2026-04-03 02:27:22,462 - train - INFO - Using device: cuda
2026-04-03 02:27:22,463 - utils - INFO - Random seed set to 72
2026-04-03 02:27:22,464 - utils - INFO - Loading cached labels/features from amz_labels.npy, amz_features.npy
2026-04-03 02:27:27,116 - utils - INFO - Loaded amazon dataset: 11944 nodes, 25 features
2026-04-03 02:27:27,122 - train - INFO - Split: train=2159, val=1296, test=5184
2026-04-03 02:27:27,128 - train - INFO - Model: CARE, Inter-AGG: GNN, emb_size: 64
2026-04-03 02:27:27,135 - train - INFO - Policy network state_dim=30
2026-04-03 02:27:27,135 - train - INFO - CAPN mode enabled: policy_hidden=64, policy_lr=0.001, lambda_policy=0.1
2026-04-03 02:27:27,136 - train - INFO - Dual optimizer: GNN params=2946, Policy params=4262
2026-04-03 02:27:59,605 - train - INFO - Epoch: 0, loss: 2.1606, lr: 0.010000, time: 32.47s
2026-04-03 02:38:40,939 - utils - INFO - GNN F1: 0.3040, Acc: 0.4004, Recall: 0.2910, AUC: 0.1760, AP: 0.0546
2026-04-03 02:38:40,940 - utils - INFO - Label F1: 0.0886, Acc: 0.0973, Recall: 0.5000, AUC: 0.8218, AP: 0.5400
2026-04-03 02:41:17,994 - utils - INFO - GNN F1: 0.3224, Acc: 0.4074, Recall: 0.3390, AUC: 0.2015, AP: 0.0564
2026-04-03 02:41:17,995 - utils - INFO - Label F1: 0.0955, Acc: 0.1060, Recall: 0.5000, AUC: 0.8333, AP: 0.4740
2026-04-03 02:41:17,995 - train - INFO - Validation AUC: 0.2015
2026-04-03 02:41:18,004 - utils - INFO - Checkpoint saved to checkpoints\best_CARE_amazon.pt
2026-04-03 02:41:18,004 - train - INFO - New best model saved (AUC: 0.2015)
2026-04-03 02:41:41,944 - train - INFO - Epoch: 1, loss: 2.1009, lr: 0.010000, time: 23.94s
2026-04-03 02:42:04,952 - train - INFO - Epoch: 2, loss: 2.0290, lr: 0.010000, time: 23.01s
2026-04-03 02:42:25,307 - train - INFO - Epoch: 3, loss: 1.9834, lr: 0.010000, time: 20.35s
2026-04-03 02:42:48,165 - utils - INFO - GNN F1: 0.4986, Acc: 0.5902, Recall: 0.7019, AUC: 0.8634, AP: 0.6799
2026-04-03 02:42:48,166 - utils - INFO - Label F1: 0.8601, Acc: 0.9481, Recall: 0.8814, AUC: 0.8765, AP: 0.8013
2026-04-03 02:42:53,957 - utils - INFO - GNN F1: 0.4891, Acc: 0.5818, Recall: 0.6547, AUC: 0.8162, AP: 0.6193
2026-04-03 02:42:53,958 - utils - INFO - Label F1: 0.8147, Acc: 0.9262, Recall: 0.8295, AUC: 0.8260, AP: 0.7462
2026-04-03 02:42:53,958 - train - INFO - Validation AUC: 0.8162
2026-04-03 02:42:53,965 - utils - INFO - Checkpoint saved to checkpoints\best_CARE_amazon.pt
2026-04-03 02:42:53,965 - train - INFO - New best model saved (AUC: 0.8162)
2026-04-03 02:43:08,961 - train - INFO - Epoch: 4, loss: 1.9450, lr: 0.010000, time: 14.99s
2026-04-03 02:43:24,945 - train - INFO - Epoch: 5, loss: 1.8894, lr: 0.010000, time: 15.98s
2026-04-03 02:43:43,198 - train - INFO - Epoch: 6, loss: 1.8336, lr: 0.010000, time: 18.25s
2026-04-03 02:44:06,806 - utils - INFO - GNN F1: 0.6419, Acc: 0.7793, Recall: 0.7989, AUC: 0.8714, AP: 0.7404
2026-04-03 02:44:06,807 - utils - INFO - Label F1: 0.8008, Acc: 0.9147, Recall: 0.8709, AUC: 0.8755, AP: 0.8055
2026-04-03 02:44:12,552 - utils - INFO - GNN F1: 0.6309, Acc: 0.7715, Recall: 0.7582, AUC: 0.8254, AP: 0.6784
2026-04-03 02:44:12,552 - utils - INFO - Label F1: 0.7598, Acc: 0.8884, Recall: 0.8235, AUC: 0.8249, AP: 0.7561
2026-04-03 02:44:12,553 - train - INFO - Validation AUC: 0.8254
2026-04-03 02:44:12,561 - utils - INFO - Checkpoint saved to checkpoints\best_CARE_amazon.pt
2026-04-03 02:44:12,561 - train - INFO - New best model saved (AUC: 0.8254)
2026-04-03 02:44:30,950 - train - INFO - Epoch: 7, loss: 1.8079, lr: 0.010000, time: 18.39s
2026-04-03 02:44:43,359 - train - INFO - Epoch: 8, loss: 1.7527, lr: 0.010000, time: 12.41s
2026-04-03 02:44:52,599 - train - INFO - Epoch: 9, loss: 1.6935, lr: 0.010000, time: 9.24s
2026-04-03 02:45:15,609 - utils - INFO - GNN F1: 0.7650, Acc: 0.8927, Recall: 0.8524, AUC: 0.8760, AP: 0.7633
2026-04-03 02:45:15,610 - utils - INFO - Label F1: 0.6154, Acc: 0.7487, Recall: 0.7827, AUC: 0.8758, AP: 0.8085
2026-04-03 02:45:21,476 - utils - INFO - GNN F1: 0.7491, Acc: 0.8829, Recall: 0.8154, AUC: 0.8321, AP: 0.7021
2026-04-03 02:45:21,476 - utils - INFO - Label F1: 0.5999, Acc: 0.7347, Recall: 0.7376, AUC: 0.8252, AP: 0.7599
2026-04-03 02:45:21,476 - train - INFO - Validation AUC: 0.8321
2026-04-03 02:45:21,484 - utils - INFO - Checkpoint saved to checkpoints\best_CARE_amazon.pt
2026-04-03 02:45:21,484 - train - INFO - New best model saved (AUC: 0.8321)
2026-04-03 02:45:35,006 - train - INFO - Epoch: 10, loss: 1.6637, lr: 0.010000, time: 13.52s
2026-04-03 02:45:42,214 - train - INFO - Epoch: 11, loss: 1.6462, lr: 0.010000, time: 7.21s
2026-04-03 02:45:51,861 - train - INFO - Epoch: 12, loss: 1.6048, lr: 0.010000, time: 9.65s
2026-04-03 02:46:14,745 - utils - INFO - GNN F1: 0.8350, Acc: 0.9360, Recall: 0.8732, AUC: 0.8789, AP: 0.7763
2026-04-03 02:46:14,745 - utils - INFO - Label F1: 0.5445, Acc: 0.6558, Recall: 0.7352, AUC: 0.8761, AP: 0.8088
2026-04-03 02:46:20,355 - utils - INFO - GNN F1: 0.8137, Acc: 0.9254, Recall: 0.8367, AUC: 0.8374, AP: 0.7158
2026-04-03 02:46:20,355 - utils - INFO - Label F1: 0.5396, Acc: 0.6524, Recall: 0.6978, AUC: 0.8255, AP: 0.7610
2026-04-03 02:46:20,355 - train - INFO - Validation AUC: 0.8374
2026-04-03 02:46:20,362 - utils - INFO - Checkpoint saved to checkpoints\best_CARE_amazon.pt
2026-04-03 02:46:20,362 - train - INFO - New best model saved (AUC: 0.8374)
2026-04-03 02:46:28,619 - train - INFO - Epoch: 13, loss: 1.5794, lr: 0.010000, time: 8.25s
2026-04-03 02:46:39,199 - train - INFO - Epoch: 14, loss: 1.5675, lr: 0.010000, time: 10.58s
2026-04-03 02:46:45,091 - train - INFO - Epoch: 15, loss: 1.4882, lr: 0.010000, time: 5.89s
2026-04-03 02:47:07,707 - utils - INFO - GNN F1: 0.8470, Acc: 0.9416, Recall: 0.8794, AUC: 0.8847, AP: 0.7882
2026-04-03 02:47:07,707 - utils - INFO - Label F1: 0.7106, Acc: 0.8473, Recall: 0.8359, AUC: 0.8770, AP: 0.8100
2026-04-03 02:47:14,641 - utils - INFO - GNN F1: 0.8252, Acc: 0.9306, Recall: 0.8447, AUC: 0.8499, AP: 0.7301
2026-04-03 02:47:14,642 - utils - INFO - Label F1: 0.6765, Acc: 0.8196, Recall: 0.7850, AUC: 0.8273, AP: 0.7627
2026-04-03 02:47:14,642 - train - INFO - Validation AUC: 0.8499
2026-04-03 02:47:14,648 - utils - INFO - Checkpoint saved to checkpoints\best_CARE_amazon.pt
2026-04-03 02:47:14,649 - train - INFO - New best model saved (AUC: 0.8499)
2026-04-03 02:47:23,513 - train - INFO - Epoch: 16, loss: 1.5088, lr: 0.010000, time: 8.86s
2026-04-03 02:47:28,096 - train - INFO - Epoch: 17, loss: 1.4183, lr: 0.010000, time: 4.58s
2026-04-03 02:47:31,696 - train - INFO - Epoch: 18, loss: 1.3983, lr: 0.010000, time: 3.60s
2026-04-03 02:47:53,863 - utils - INFO - GNN F1: 0.8519, Acc: 0.9440, Recall: 0.8806, AUC: 0.9179, AP: 0.8095
2026-04-03 02:47:53,863 - utils - INFO - Label F1: 0.8221, Acc: 0.9274, Recall: 0.8779, AUC: 0.8783, AP: 0.8121
2026-04-03 02:48:00,628 - utils - INFO - GNN F1: 0.8365, Acc: 0.9358, Recall: 0.8539, AUC: 0.9095, AP: 0.7632
2026-04-03 02:48:00,628 - utils - INFO - Label F1: 0.7877, Acc: 0.9073, Recall: 0.8340, AUC: 0.8295, AP: 0.7641
2026-04-03 02:48:00,629 - train - INFO - Validation AUC: 0.9095
2026-04-03 02:48:00,636 - utils - INFO - Checkpoint saved to checkpoints\best_CARE_amazon.pt
2026-04-03 02:48:00,637 - train - INFO - New best model saved (AUC: 0.9095)
2026-04-03 02:48:05,727 - train - INFO - Epoch: 19, loss: 1.3170, lr: 0.010000, time: 5.09s
2026-04-03 02:48:09,643 - train - INFO - Epoch: 20, loss: 1.3395, lr: 0.010000, time: 3.91s
2026-04-03 02:48:13,343 - train - INFO - Epoch: 21, loss: 1.3043, lr: 0.010000, time: 3.70s
2026-04-03 02:48:35,259 - utils - INFO - GNN F1: 0.8581, Acc: 0.9466, Recall: 0.8836, AUC: 0.9147, AP: 0.8158
2026-04-03 02:48:35,259 - utils - INFO - Label F1: 0.8304, Acc: 0.9320, Recall: 0.8804, AUC: 0.8799, AP: 0.8131
2026-04-03 02:48:42,157 - utils - INFO - GNN F1: 0.8337, Acc: 0.9358, Recall: 0.8451, AUC: 0.9225, AP: 0.7840
2026-04-03 02:48:42,158 - utils - INFO - Label F1: 0.7992, Acc: 0.9147, Recall: 0.8383, AUC: 0.8323, AP: 0.7658
2026-04-03 02:48:42,158 - train - INFO - Validation AUC: 0.9225
2026-04-03 02:48:42,165 - utils - INFO - Checkpoint saved to checkpoints\best_CARE_amazon.pt
2026-04-03 02:48:42,165 - train - INFO - New best model saved (AUC: 0.9225)
2026-04-03 02:48:47,154 - train - INFO - Epoch: 22, loss: 1.2686, lr: 0.010000, time: 4.99s
2026-04-03 02:48:50,134 - train - INFO - Epoch: 23, loss: 1.2702, lr: 0.010000, time: 2.98s
2026-04-03 02:48:53,364 - train - INFO - Epoch: 24, loss: 1.2493, lr: 0.010000, time: 3.23s
2026-04-03 02:49:16,702 - utils - INFO - GNN F1: 0.8683, Acc: 0.9520, Recall: 0.8820, AUC: 0.9158, AP: 0.8199
2026-04-03 02:49:16,702 - utils - INFO - Label F1: 0.8340, Acc: 0.9338, Recall: 0.8821, AUC: 0.8820, AP: 0.8143
2026-04-03 02:49:22,191 - utils - INFO - GNN F1: 0.8510, Acc: 0.9462, Recall: 0.8395, AUC: 0.9212, AP: 0.7893
2026-04-03 02:49:22,191 - utils - INFO - Label F1: 0.8084, Acc: 0.9204, Recall: 0.8414, AUC: 0.8355, AP: 0.7677
2026-04-03 02:49:22,191 - train - INFO - Validation AUC: 0.9212
2026-04-03 02:49:26,079 - train - INFO - Epoch: 25, loss: 1.2084, lr: 0.010000, time: 3.89s
2026-04-03 02:49:29,478 - train - INFO - Epoch: 26, loss: 1.1827, lr: 0.010000, time: 3.40s
2026-04-03 02:49:33,209 - train - INFO - Epoch: 27, loss: 1.1657, lr: 0.010000, time: 3.73s
2026-04-03 02:49:57,107 - utils - INFO - GNN F1: 0.8816, Acc: 0.9578, Recall: 0.8837, AUC: 0.9164, AP: 0.8220
2026-04-03 02:49:57,107 - utils - INFO - Label F1: 0.8685, Acc: 0.9507, Recall: 0.8914, AUC: 0.8869, AP: 0.8162
2026-04-03 02:50:02,875 - utils - INFO - GNN F1: 0.8560, Acc: 0.9491, Recall: 0.8348, AUC: 0.9211, AP: 0.7945
2026-04-03 02:50:02,875 - utils - INFO - Label F1: 0.8448, Acc: 0.9405, Recall: 0.8528, AUC: 0.8438, AP: 0.7713
2026-04-03 02:50:02,876 - train - INFO - Validation AUC: 0.9211
2026-04-03 02:50:06,256 - train - INFO - Epoch: 28, loss: 1.1507, lr: 0.010000, time: 3.38s
2026-04-03 02:50:09,392 - train - INFO - Epoch: 29, loss: 1.1109, lr: 0.010000, time: 3.13s
2026-04-03 02:50:12,077 - train - INFO - Epoch: 30, loss: 1.0760, lr: 0.010000, time: 2.68s
2026-04-03 02:50:35,609 - utils - INFO - GNN F1: 0.8796, Acc: 0.9570, Recall: 0.8878, AUC: 0.9224, AP: 0.8285
2026-04-03 02:50:35,609 - utils - INFO - Label F1: 0.8875, Acc: 0.9598, Recall: 0.8942, AUC: 0.9042, AP: 0.8210
2026-04-03 02:50:41,209 - utils - INFO - GNN F1: 0.8728, Acc: 0.9541, Recall: 0.8617, AUC: 0.9291, AP: 0.8062
2026-04-03 02:50:41,209 - utils - INFO - Label F1: 0.8663, Acc: 0.9523, Recall: 0.8506, AUC: 0.8764, AP: 0.7813
2026-04-03 02:50:41,210 - train - INFO - Validation AUC: 0.9291
2026-04-03 02:50:41,220 - utils - INFO - Checkpoint saved to checkpoints\best_CARE_amazon.pt
2026-04-03 02:50:41,220 - train - INFO - New best model saved (AUC: 0.9291)
2026-04-03 02:50:41,221 - train - INFO - Training complete.
2026-04-03 02:50:42,067 - __main__ - INFO - Experiment Shaped (dist only) completed in 1399.6s
2026-04-03 02:50:42,067 - __main__ - INFO - Best GNN AUC: 0.9224219006400847
2026-04-03 02:50:42,067 - __main__ - INFO - 
============================================================
2026-04-03 02:50:42,068 - __main__ - INFO - Running experiment: Shaped (acc only)
2026-04-03 02:50:42,068 - __main__ - INFO - ============================================================
2026-04-03 02:50:42,068 - __main__ - INFO - Config: {'model': 'CARE', 'use_capn': True, 'reward_w1': 0.0, 'reward_w2': 1.0, 'reward_w3': 0.0}
2026-04-03 02:50:42,068 - train - INFO - Using device: cuda
2026-04-03 02:50:42,069 - utils - INFO - Random seed set to 72
2026-04-03 02:50:42,070 - utils - INFO - Loading cached labels/features from amz_labels.npy, amz_features.npy
2026-04-03 02:50:46,506 - utils - INFO - Loaded amazon dataset: 11944 nodes, 25 features
2026-04-03 02:50:46,512 - train - INFO - Split: train=2159, val=1296, test=5184
2026-04-03 02:50:46,518 - train - INFO - Model: CARE, Inter-AGG: GNN, emb_size: 64
2026-04-03 02:50:46,523 - train - INFO - Policy network state_dim=30
2026-04-03 02:50:46,523 - train - INFO - CAPN mode enabled: policy_hidden=64, policy_lr=0.001, lambda_policy=0.1
2026-04-03 02:50:46,525 - train - INFO - Dual optimizer: GNN params=2946, Policy params=4262
2026-04-03 02:51:18,832 - train - INFO - Epoch: 0, loss: 2.1606, lr: 0.010000, time: 32.31s
2026-04-03 03:02:18,666 - utils - INFO - GNN F1: 0.3040, Acc: 0.4004, Recall: 0.2910, AUC: 0.1760, AP: 0.0546
2026-04-03 03:02:18,666 - utils - INFO - Label F1: 0.0886, Acc: 0.0973, Recall: 0.5000, AUC: 0.8218, AP: 0.5400
2026-04-03 03:04:58,344 - utils - INFO - GNN F1: 0.3224, Acc: 0.4074, Recall: 0.3390, AUC: 0.2015, AP: 0.0564
2026-04-03 03:04:58,344 - utils - INFO - Label F1: 0.0955, Acc: 0.1060, Recall: 0.5000, AUC: 0.8333, AP: 0.4740
2026-04-03 03:04:58,345 - train - INFO - Validation AUC: 0.2015
2026-04-03 03:04:58,355 - utils - INFO - Checkpoint saved to checkpoints\best_CARE_amazon.pt
2026-04-03 03:04:58,356 - train - INFO - New best model saved (AUC: 0.2015)
2026-04-03 03:05:23,246 - train - INFO - Epoch: 1, loss: 2.1007, lr: 0.010000, time: 24.89s
2026-04-03 03:05:47,077 - train - INFO - Epoch: 2, loss: 2.0269, lr: 0.010000, time: 23.83s
2026-04-03 03:06:08,178 - train - INFO - Epoch: 3, loss: 1.9816, lr: 0.010000, time: 21.10s
2026-04-03 03:06:31,585 - utils - INFO - GNN F1: 0.4971, Acc: 0.5884, Recall: 0.7002, AUC: 0.8635, AP: 0.6808
2026-04-03 03:06:31,585 - utils - INFO - Label F1: 0.8601, Acc: 0.9481, Recall: 0.8814, AUC: 0.8765, AP: 0.8013
2026-04-03 03:06:37,319 - utils - INFO - GNN F1: 0.4865, Acc: 0.5782, Recall: 0.6526, AUC: 0.8162, AP: 0.6193
2026-04-03 03:06:37,320 - utils - INFO - Label F1: 0.8147, Acc: 0.9262, Recall: 0.8295, AUC: 0.8260, AP: 0.7462
2026-04-03 03:06:37,320 - train - INFO - Validation AUC: 0.8162
2026-04-03 03:06:37,326 - utils - INFO - Checkpoint saved to checkpoints\best_CARE_amazon.pt
2026-04-03 03:06:37,326 - train - INFO - New best model saved (AUC: 0.8162)
2026-04-03 03:06:52,595 - train - INFO - Epoch: 4, loss: 1.9413, lr: 0.010000, time: 15.27s
2026-04-03 03:07:09,069 - train - INFO - Epoch: 5, loss: 1.8904, lr: 0.010000, time: 16.47s
2026-04-03 03:07:27,834 - train - INFO - Epoch: 6, loss: 1.8282, lr: 0.010000, time: 18.76s
2026-04-03 03:07:51,391 - utils - INFO - GNN F1: 0.6305, Acc: 0.7663, Recall: 0.7924, AUC: 0.8715, AP: 0.7416
2026-04-03 03:07:51,392 - utils - INFO - Label F1: 0.8008, Acc: 0.9147, Recall: 0.8709, AUC: 0.8755, AP: 0.8055
2026-04-03 03:07:57,106 - utils - INFO - GNN F1: 0.6182, Acc: 0.7568, Recall: 0.7500, AUC: 0.8257, AP: 0.6804
2026-04-03 03:07:57,106 - utils - INFO - Label F1: 0.7598, Acc: 0.8884, Recall: 0.8235, AUC: 0.8249, AP: 0.7561
2026-04-03 03:07:57,106 - train - INFO - Validation AUC: 0.8257
2026-04-03 03:07:57,113 - utils - INFO - Checkpoint saved to checkpoints\best_CARE_amazon.pt
2026-04-03 03:07:57,113 - train - INFO - New best model saved (AUC: 0.8257)
2026-04-03 03:08:16,247 - train - INFO - Epoch: 7, loss: 1.8087, lr: 0.010000, time: 19.13s
2026-04-03 03:08:29,095 - train - INFO - Epoch: 8, loss: 1.7522, lr: 0.010000, time: 12.85s
2026-04-03 03:08:38,753 - train - INFO - Epoch: 9, loss: 1.6957, lr: 0.010000, time: 9.66s
2026-04-03 03:09:02,163 - utils - INFO - GNN F1: 0.7677, Acc: 0.8947, Recall: 0.8535, AUC: 0.8763, AP: 0.7652
2026-04-03 03:09:02,163 - utils - INFO - Label F1: 0.6154, Acc: 0.7487, Recall: 0.7827, AUC: 0.8758, AP: 0.8085
2026-04-03 03:09:07,990 - utils - INFO - GNN F1: 0.7491, Acc: 0.8829, Recall: 0.8154, AUC: 0.8327, AP: 0.7041
2026-04-03 03:09:07,990 - utils - INFO - Label F1: 0.5999, Acc: 0.7347, Recall: 0.7376, AUC: 0.8252, AP: 0.7599
2026-04-03 03:09:07,990 - train - INFO - Validation AUC: 0.8327
2026-04-03 03:09:07,996 - utils - INFO - Checkpoint saved to checkpoints\best_CARE_amazon.pt
2026-04-03 03:09:07,997 - train - INFO - New best model saved (AUC: 0.8327)
2026-04-03 03:09:21,820 - train - INFO - Epoch: 10, loss: 1.6629, lr: 0.010000, time: 13.82s
2026-04-03 03:09:28,925 - train - INFO - Epoch: 11, loss: 1.6500, lr: 0.010000, time: 7.10s
2026-04-03 03:09:38,766 - train - INFO - Epoch: 12, loss: 1.6087, lr: 0.010000, time: 9.84s
2026-04-03 03:10:02,591 - utils - INFO - GNN F1: 0.8388, Acc: 0.9378, Recall: 0.8751, AUC: 0.8794, AP: 0.7789
2026-04-03 03:10:02,591 - utils - INFO - Label F1: 0.5445, Acc: 0.6558, Recall: 0.7352, AUC: 0.8761, AP: 0.8088
2026-04-03 03:10:08,323 - utils - INFO - GNN F1: 0.8187, Acc: 0.9282, Recall: 0.8383, AUC: 0.8383, AP: 0.7182
2026-04-03 03:10:08,324 - utils - INFO - Label F1: 0.5396, Acc: 0.6524, Recall: 0.6978, AUC: 0.8255, AP: 0.7610
2026-04-03 03:10:08,324 - train - INFO - Validation AUC: 0.8383
2026-04-03 03:10:08,330 - utils - INFO - Checkpoint saved to checkpoints\best_CARE_amazon.pt
2026-04-03 03:10:08,331 - train - INFO - New best model saved (AUC: 0.8383)
2026-04-03 03:10:16,856 - train - INFO - Epoch: 13, loss: 1.5795, lr: 0.010000, time: 8.52s
2026-04-03 03:10:26,244 - train - INFO - Epoch: 14, loss: 1.5661, lr: 0.010000, time: 9.39s
2026-04-03 03:10:32,199 - train - INFO - Epoch: 15, loss: 1.4873, lr: 0.010000, time: 5.95s
2026-04-03 03:10:55,873 - utils - INFO - GNN F1: 0.8481, Acc: 0.9421, Recall: 0.8804, AUC: 0.8857, AP: 0.7901
2026-04-03 03:10:55,873 - utils - INFO - Label F1: 0.7106, Acc: 0.8473, Recall: 0.8359, AUC: 0.8770, AP: 0.8100
2026-04-03 03:11:01,694 - utils - INFO - GNN F1: 0.8262, Acc: 0.9311, Recall: 0.8450, AUC: 0.8514, AP: 0.7323
2026-04-03 03:11:01,694 - utils - INFO - Label F1: 0.6765, Acc: 0.8196, Recall: 0.7850, AUC: 0.8273, AP: 0.7627
2026-04-03 03:11:01,695 - train - INFO - Validation AUC: 0.8514
2026-04-03 03:11:01,701 - utils - INFO - Checkpoint saved to checkpoints\best_CARE_amazon.pt
2026-04-03 03:11:01,702 - train - INFO - New best model saved (AUC: 0.8514)
2026-04-03 03:11:10,770 - train - INFO - Epoch: 16, loss: 1.5122, lr: 0.010000, time: 9.07s
2026-04-03 03:11:15,404 - train - INFO - Epoch: 17, loss: 1.4215, lr: 0.010000, time: 4.63s
2026-04-03 03:11:20,363 - train - INFO - Epoch: 18, loss: 1.4007, lr: 0.010000, time: 4.96s
2026-04-03 03:11:42,424 - utils - INFO - GNN F1: 0.8578, Acc: 0.9468, Recall: 0.8821, AUC: 0.9188, AP: 0.8119
2026-04-03 03:11:42,424 - utils - INFO - Label F1: 0.8221, Acc: 0.9274, Recall: 0.8779, AUC: 0.8783, AP: 0.8121
2026-04-03 03:11:48,101 - utils - INFO - GNN F1: 0.8415, Acc: 0.9395, Recall: 0.8509, AUC: 0.9132, AP: 0.7680
2026-04-03 03:11:48,102 - utils - INFO - Label F1: 0.7877, Acc: 0.9073, Recall: 0.8340, AUC: 0.8295, AP: 0.7641
2026-04-03 03:11:48,102 - train - INFO - Validation AUC: 0.9132
2026-04-03 03:11:48,111 - utils - INFO - Checkpoint saved to checkpoints\best_CARE_amazon.pt
2026-04-03 03:11:48,112 - train - INFO - New best model saved (AUC: 0.9132)
2026-04-03 03:11:52,966 - train - INFO - Epoch: 19, loss: 1.3158, lr: 0.010000, time: 4.85s
2026-04-03 03:11:58,280 - train - INFO - Epoch: 20, loss: 1.3387, lr: 0.010000, time: 5.31s
2026-04-03 03:12:02,138 - train - INFO - Epoch: 21, loss: 1.3039, lr: 0.010000, time: 3.86s
2026-04-03 03:12:24,866 - utils - INFO - GNN F1: 0.8591, Acc: 0.9471, Recall: 0.8838, AUC: 0.9161, AP: 0.8177
2026-04-03 03:12:24,867 - utils - INFO - Label F1: 0.8304, Acc: 0.9320, Recall: 0.8804, AUC: 0.8799, AP: 0.8131
2026-04-03 03:12:31,671 - utils - INFO - GNN F1: 0.8350, Acc: 0.9368, Recall: 0.8431, AUC: 0.9260, AP: 0.7894
2026-04-03 03:12:31,671 - utils - INFO - Label F1: 0.7992, Acc: 0.9147, Recall: 0.8383, AUC: 0.8323, AP: 0.7658
2026-04-03 03:12:31,672 - train - INFO - Validation AUC: 0.9260
2026-04-03 03:12:31,680 - utils - INFO - Checkpoint saved to checkpoints\best_CARE_amazon.pt
2026-04-03 03:12:31,680 - train - INFO - New best model saved (AUC: 0.9260)
2026-04-03 03:12:36,903 - train - INFO - Epoch: 22, loss: 1.2665, lr: 0.010000, time: 5.22s
2026-04-03 03:12:39,811 - train - INFO - Epoch: 23, loss: 1.2712, lr: 0.010000, time: 2.91s
2026-04-03 03:12:42,986 - train - INFO - Epoch: 24, loss: 1.2520, lr: 0.010000, time: 3.17s
2026-04-03 03:13:05,281 - utils - INFO - GNN F1: 0.8681, Acc: 0.9520, Recall: 0.8812, AUC: 0.9172, AP: 0.8217
2026-04-03 03:13:05,281 - utils - INFO - Label F1: 0.8340, Acc: 0.9338, Recall: 0.8821, AUC: 0.8820, AP: 0.8143
2026-04-03 03:13:12,492 - utils - INFO - GNN F1: 0.8577, Acc: 0.9485, Recall: 0.8471, AUC: 0.9257, AP: 0.7963
2026-04-03 03:13:12,493 - utils - INFO - Label F1: 0.8084, Acc: 0.9204, Recall: 0.8414, AUC: 0.8355, AP: 0.7677
2026-04-03 03:13:12,493 - train - INFO - Validation AUC: 0.9257
2026-04-03 03:13:16,520 - train - INFO - Epoch: 25, loss: 1.2083, lr: 0.010000, time: 4.03s
2026-04-03 03:13:20,104 - train - INFO - Epoch: 26, loss: 1.1826, lr: 0.010000, time: 3.58s
2026-04-03 03:13:24,059 - train - INFO - Epoch: 27, loss: 1.1668, lr: 0.010000, time: 3.95s
2026-04-03 03:13:46,322 - utils - INFO - GNN F1: 0.8796, Acc: 0.9570, Recall: 0.8833, AUC: 0.9166, AP: 0.8223
2026-04-03 03:13:46,322 - utils - INFO - Label F1: 0.8685, Acc: 0.9507, Recall: 0.8914, AUC: 0.8869, AP: 0.8162
2026-04-03 03:13:53,217 - utils - INFO - GNN F1: 0.8605, Acc: 0.9505, Recall: 0.8419, AUC: 0.9240, AP: 0.7991
2026-04-03 03:13:53,217 - utils - INFO - Label F1: 0.8448, Acc: 0.9405, Recall: 0.8528, AUC: 0.8438, AP: 0.7713
2026-04-03 03:13:53,217 - train - INFO - Validation AUC: 0.9240
2026-04-03 03:13:56,644 - train - INFO - Epoch: 28, loss: 1.1551, lr: 0.010000, time: 3.42s
2026-04-03 03:13:59,900 - train - INFO - Epoch: 29, loss: 1.1110, lr: 0.010000, time: 3.25s
2026-04-03 03:14:02,804 - train - INFO - Epoch: 30, loss: 1.0738, lr: 0.010000, time: 2.90s
2026-04-03 03:14:26,415 - utils - INFO - GNN F1: 0.8781, Acc: 0.9564, Recall: 0.8875, AUC: 0.9225, AP: 0.8287
2026-04-03 03:14:26,415 - utils - INFO - Label F1: 0.8875, Acc: 0.9598, Recall: 0.8942, AUC: 0.9042, AP: 0.8210
2026-04-03 03:14:32,647 - utils - INFO - GNN F1: 0.8728, Acc: 0.9541, Recall: 0.8617, AUC: 0.9283, AP: 0.8059
2026-04-03 03:14:32,648 - utils - INFO - Label F1: 0.8663, Acc: 0.9523, Recall: 0.8506, AUC: 0.8764, AP: 0.7813
2026-04-03 03:14:32,648 - train - INFO - Validation AUC: 0.9283
2026-04-03 03:14:32,655 - utils - INFO - Checkpoint saved to checkpoints\best_CARE_amazon.pt
2026-04-03 03:14:32,656 - train - INFO - New best model saved (AUC: 0.9283)
2026-04-03 03:14:32,656 - train - INFO - Training complete.
2026-04-03 03:14:33,449 - __main__ - INFO - Experiment Shaped (acc only) completed in 1431.4s
2026-04-03 03:14:33,449 - __main__ - INFO - Best GNN AUC: 0.9224863285312214
2026-04-03 03:14:33,451 - __main__ - INFO - Results saved to results/ablation\capn_reward\ablation_results_20260403_031433.json
2026-04-03 03:14:34,353 - __main__ - INFO - 

Starting study: capn_llm
2026-04-03 03:14:34,354 - __main__ - INFO - 
============================================================
2026-04-03 03:14:34,355 - __main__ - INFO - Running experiment: CAPN (no priors)
2026-04-03 03:14:34,355 - __main__ - INFO - ============================================================
2026-04-03 03:14:34,356 - __main__ - INFO - Config: {'model': 'CARE', 'use_capn': True, 'llm_priors_file': ''}
2026-04-03 03:14:34,356 - train - INFO - Using device: cuda
2026-04-03 03:14:34,357 - utils - INFO - Random seed set to 72
2026-04-03 03:14:34,357 - utils - INFO - Loading cached labels/features from amz_labels.npy, amz_features.npy
2026-04-03 03:14:38,907 - utils - INFO - Loaded amazon dataset: 11944 nodes, 25 features
2026-04-03 03:14:38,914 - train - INFO - Split: train=2159, val=1296, test=5184
2026-04-03 03:14:38,920 - train - INFO - Model: CARE, Inter-AGG: GNN, emb_size: 64
2026-04-03 03:14:38,925 - train - INFO - Policy network state_dim=30
2026-04-03 03:14:38,926 - train - INFO - CAPN mode enabled: policy_hidden=64, policy_lr=0.001, lambda_policy=0.1
2026-04-03 03:14:38,927 - train - INFO - Dual optimizer: GNN params=2946, Policy params=4262
2026-04-03 03:15:11,300 - train - INFO - Epoch: 0, loss: 2.1607, lr: 0.010000, time: 32.37s
2026-04-03 03:26:08,785 - utils - INFO - GNN F1: 0.3042, Acc: 0.4007, Recall: 0.2912, AUC: 0.1760, AP: 0.0546
2026-04-03 03:26:08,786 - utils - INFO - Label F1: 0.0886, Acc: 0.0973, Recall: 0.5000, AUC: 0.8218, AP: 0.5400
2026-04-03 03:28:46,420 - utils - INFO - GNN F1: 0.3224, Acc: 0.4074, Recall: 0.3390, AUC: 0.2014, AP: 0.0563
2026-04-03 03:28:46,420 - utils - INFO - Label F1: 0.0955, Acc: 0.1060, Recall: 0.5000, AUC: 0.8333, AP: 0.4740
2026-04-03 03:28:46,420 - train - INFO - Validation AUC: 0.2014
2026-04-03 03:28:46,429 - utils - INFO - Checkpoint saved to checkpoints\best_CARE_amazon.pt
2026-04-03 03:28:46,430 - train - INFO - New best model saved (AUC: 0.2014)
2026-04-03 03:29:10,804 - train - INFO - Epoch: 1, loss: 2.1018, lr: 0.010000, time: 24.37s
2026-04-03 03:29:34,525 - train - INFO - Epoch: 2, loss: 2.0283, lr: 0.010000, time: 23.72s
2026-04-03 03:29:55,455 - train - INFO - Epoch: 3, loss: 1.9831, lr: 0.010000, time: 20.93s
2026-04-03 03:30:18,428 - utils - INFO - GNN F1: 0.5018, Acc: 0.5916, Recall: 0.7131, AUC: 0.8630, AP: 0.6792
2026-04-03 03:30:18,428 - utils - INFO - Label F1: 0.8601, Acc: 0.9481, Recall: 0.8814, AUC: 0.8765, AP: 0.8013
2026-04-03 03:30:24,067 - utils - INFO - GNN F1: 0.4865, Acc: 0.5782, Recall: 0.6526, AUC: 0.8158, AP: 0.6178
2026-04-03 03:30:24,067 - utils - INFO - Label F1: 0.8147, Acc: 0.9262, Recall: 0.8295, AUC: 0.8260, AP: 0.7462
2026-04-03 03:30:24,067 - train - INFO - Validation AUC: 0.8158
2026-04-03 03:30:24,074 - utils - INFO - Checkpoint saved to checkpoints\best_CARE_amazon.pt
2026-04-03 03:30:24,074 - train - INFO - New best model saved (AUC: 0.8158)
2026-04-03 03:30:39,438 - train - INFO - Epoch: 4, loss: 1.9436, lr: 0.010000, time: 15.36s
2026-04-03 03:30:55,828 - train - INFO - Epoch: 5, loss: 1.8915, lr: 0.010000, time: 16.39s
2026-04-03 03:31:14,294 - train - INFO - Epoch: 6, loss: 1.8333, lr: 0.010000, time: 18.46s
2026-04-03 03:31:37,006 - utils - INFO - GNN F1: 0.6328, Acc: 0.7690, Recall: 0.7931, AUC: 0.8712, AP: 0.7395
2026-04-03 03:31:37,006 - utils - INFO - Label F1: 0.8008, Acc: 0.9147, Recall: 0.8709, AUC: 0.8755, AP: 0.8055
2026-04-03 03:31:42,812 - utils - INFO - GNN F1: 0.6227, Acc: 0.7621, Recall: 0.7529, AUC: 0.8252, AP: 0.6783
2026-04-03 03:31:42,812 - utils - INFO - Label F1: 0.7598, Acc: 0.8884, Recall: 0.8235, AUC: 0.8249, AP: 0.7561
2026-04-03 03:31:42,812 - train - INFO - Validation AUC: 0.8252
2026-04-03 03:31:42,820 - utils - INFO - Checkpoint saved to checkpoints\best_CARE_amazon.pt
2026-04-03 03:31:42,820 - train - INFO - New best model saved (AUC: 0.8252)
2026-04-03 03:32:01,711 - train - INFO - Epoch: 7, loss: 1.8078, lr: 0.010000, time: 18.89s
2026-04-03 03:32:14,344 - train - INFO - Epoch: 8, loss: 1.7524, lr: 0.010000, time: 12.63s
2026-04-03 03:32:24,583 - train - INFO - Epoch: 9, loss: 1.6934, lr: 0.010000, time: 10.24s
2026-04-03 03:32:47,209 - utils - INFO - GNN F1: 0.7603, Acc: 0.8895, Recall: 0.8505, AUC: 0.8758, AP: 0.7631
2026-04-03 03:32:47,209 - utils - INFO - Label F1: 0.6154, Acc: 0.7487, Recall: 0.7827, AUC: 0.8758, AP: 0.8085
2026-04-03 03:32:53,670 - utils - INFO - GNN F1: 0.7476, Acc: 0.8820, Recall: 0.8149, AUC: 0.8318, AP: 0.7019
2026-04-03 03:32:53,670 - utils - INFO - Label F1: 0.5999, Acc: 0.7347, Recall: 0.7376, AUC: 0.8252, AP: 0.7599
2026-04-03 03:32:53,671 - train - INFO - Validation AUC: 0.8318
2026-04-03 03:32:53,678 - utils - INFO - Checkpoint saved to checkpoints\best_CARE_amazon.pt
2026-04-03 03:32:53,678 - train - INFO - New best model saved (AUC: 0.8318)
2026-04-03 03:33:07,347 - train - INFO - Epoch: 10, loss: 1.6620, lr: 0.010000, time: 13.67s
2026-04-03 03:33:14,402 - train - INFO - Epoch: 11, loss: 1.6449, lr: 0.010000, time: 7.05s
2026-04-03 03:33:24,099 - train - INFO - Epoch: 12, loss: 1.6109, lr: 0.010000, time: 9.70s
2026-04-03 03:33:47,167 - utils - INFO - GNN F1: 0.8364, Acc: 0.9368, Recall: 0.8729, AUC: 0.8790, AP: 0.7763
2026-04-03 03:33:47,168 - utils - INFO - Label F1: 0.5445, Acc: 0.6558, Recall: 0.7352, AUC: 0.8761, AP: 0.8088
2026-04-03 03:33:53,041 - utils - INFO - GNN F1: 0.8147, Acc: 0.9259, Recall: 0.8370, AUC: 0.8374, AP: 0.7158
2026-04-03 03:33:53,041 - utils - INFO - Label F1: 0.5396, Acc: 0.6524, Recall: 0.6978, AUC: 0.8255, AP: 0.7610
2026-04-03 03:33:53,041 - train - INFO - Validation AUC: 0.8374
2026-04-03 03:33:53,049 - utils - INFO - Checkpoint saved to checkpoints\best_CARE_amazon.pt
2026-04-03 03:33:53,049 - train - INFO - New best model saved (AUC: 0.8374)
2026-04-03 03:34:01,738 - train - INFO - Epoch: 13, loss: 1.5828, lr: 0.010000, time: 8.69s
2026-04-03 03:34:10,912 - train - INFO - Epoch: 14, loss: 1.5614, lr: 0.010000, time: 9.17s
2026-04-03 03:34:16,579 - train - INFO - Epoch: 15, loss: 1.4896, lr: 0.010000, time: 5.66s
2026-04-03 03:34:38,998 - utils - INFO - GNN F1: 0.8468, Acc: 0.9416, Recall: 0.8787, AUC: 0.8850, AP: 0.7878
2026-04-03 03:34:38,998 - utils - INFO - Label F1: 0.7106, Acc: 0.8473, Recall: 0.8359, AUC: 0.8770, AP: 0.8100
2026-04-03 03:34:44,736 - utils - INFO - GNN F1: 0.8252, Acc: 0.9306, Recall: 0.8447, AUC: 0.8500, AP: 0.7298
2026-04-03 03:34:44,737 - utils - INFO - Label F1: 0.6765, Acc: 0.8196, Recall: 0.7850, AUC: 0.8273, AP: 0.7627
2026-04-03 03:34:44,737 - train - INFO - Validation AUC: 0.8500
2026-04-03 03:34:44,743 - utils - INFO - Checkpoint saved to checkpoints\best_CARE_amazon.pt
2026-04-03 03:34:44,744 - train - INFO - New best model saved (AUC: 0.8500)
2026-04-03 03:34:53,777 - train - INFO - Epoch: 16, loss: 1.5125, lr: 0.010000, time: 9.03s
2026-04-03 03:34:58,709 - train - INFO - Epoch: 17, loss: 1.4228, lr: 0.010000, time: 4.93s
2026-04-03 03:35:02,490 - train - INFO - Epoch: 18, loss: 1.4005, lr: 0.010000, time: 3.78s
2026-04-03 03:35:25,332 - utils - INFO - GNN F1: 0.8535, Acc: 0.9448, Recall: 0.8803, AUC: 0.9188, AP: 0.8099
2026-04-03 03:35:25,333 - utils - INFO - Label F1: 0.8221, Acc: 0.9274, Recall: 0.8779, AUC: 0.8783, AP: 0.8121
2026-04-03 03:35:30,946 - utils - INFO - GNN F1: 0.8339, Acc: 0.9353, Recall: 0.8486, AUC: 0.9101, AP: 0.7637
2026-04-03 03:35:30,946 - utils - INFO - Label F1: 0.7877, Acc: 0.9073, Recall: 0.8340, AUC: 0.8295, AP: 0.7641
2026-04-03 03:35:30,946 - train - INFO - Validation AUC: 0.9101
2026-04-03 03:35:30,953 - utils - INFO - Checkpoint saved to checkpoints\best_CARE_amazon.pt
2026-04-03 03:35:30,953 - train - INFO - New best model saved (AUC: 0.9101)
2026-04-03 03:35:35,996 - train - INFO - Epoch: 19, loss: 1.3204, lr: 0.010000, time: 5.04s
2026-04-03 03:35:39,958 - train - INFO - Epoch: 20, loss: 1.3385, lr: 0.010000, time: 3.96s
2026-04-03 03:35:44,637 - train - INFO - Epoch: 21, loss: 1.3047, lr: 0.010000, time: 4.68s
2026-04-03 03:36:06,452 - utils - INFO - GNN F1: 0.8591, Acc: 0.9471, Recall: 0.8838, AUC: 0.9147, AP: 0.8158
2026-04-03 03:36:06,453 - utils - INFO - Label F1: 0.8304, Acc: 0.9320, Recall: 0.8804, AUC: 0.8799, AP: 0.8131
2026-04-03 03:36:12,957 - utils - INFO - GNN F1: 0.8348, Acc: 0.9363, Recall: 0.8453, AUC: 0.9225, AP: 0.7842
2026-04-03 03:36:12,957 - utils - INFO - Label F1: 0.7992, Acc: 0.9147, Recall: 0.8383, AUC: 0.8323, AP: 0.7658
2026-04-03 03:36:12,957 - train - INFO - Validation AUC: 0.9225
2026-04-03 03:36:12,964 - utils - INFO - Checkpoint saved to checkpoints\best_CARE_amazon.pt
2026-04-03 03:36:12,964 - train - INFO - New best model saved (AUC: 0.9225)
2026-04-03 03:36:18,015 - train - INFO - Epoch: 22, loss: 1.2693, lr: 0.010000, time: 5.05s
2026-04-03 03:36:20,854 - train - INFO - Epoch: 23, loss: 1.2714, lr: 0.010000, time: 2.84s
2026-04-03 03:36:24,389 - train - INFO - Epoch: 24, loss: 1.2518, lr: 0.010000, time: 3.53s
2026-04-03 03:36:46,856 - utils - INFO - GNN F1: 0.8677, Acc: 0.9518, Recall: 0.8811, AUC: 0.9152, AP: 0.8188
2026-04-03 03:36:46,857 - utils - INFO - Label F1: 0.8340, Acc: 0.9338, Recall: 0.8821, AUC: 0.8820, AP: 0.8143
2026-04-03 03:36:52,511 - utils - INFO - GNN F1: 0.8522, Acc: 0.9467, Recall: 0.8398, AUC: 0.9202, AP: 0.7870
2026-04-03 03:36:52,511 - utils - INFO - Label F1: 0.8084, Acc: 0.9204, Recall: 0.8414, AUC: 0.8355, AP: 0.7677
2026-04-03 03:36:52,512 - train - INFO - Validation AUC: 0.9202
2026-04-03 03:36:56,562 - train - INFO - Epoch: 25, loss: 1.2115, lr: 0.010000, time: 4.05s
2026-04-03 03:37:00,060 - train - INFO - Epoch: 26, loss: 1.1790, lr: 0.010000, time: 3.50s
2026-04-03 03:37:03,694 - train - INFO - Epoch: 27, loss: 1.1706, lr: 0.010000, time: 3.63s
2026-04-03 03:37:26,878 - utils - INFO - GNN F1: 0.8800, Acc: 0.9572, Recall: 0.8834, AUC: 0.9162, AP: 0.8217
2026-04-03 03:37:26,878 - utils - INFO - Label F1: 0.8685, Acc: 0.9507, Recall: 0.8914, AUC: 0.8869, AP: 0.8162
2026-04-03 03:37:32,396 - utils - INFO - GNN F1: 0.8617, Acc: 0.9509, Recall: 0.8422, AUC: 0.9220, AP: 0.7959
2026-04-03 03:37:32,396 - utils - INFO - Label F1: 0.8448, Acc: 0.9405, Recall: 0.8528, AUC: 0.8438, AP: 0.7713
2026-04-03 03:37:32,396 - train - INFO - Validation AUC: 0.9220
2026-04-03 03:37:35,719 - train - INFO - Epoch: 28, loss: 1.1484, lr: 0.010000, time: 3.32s
2026-04-03 03:37:38,937 - train - INFO - Epoch: 29, loss: 1.1135, lr: 0.010000, time: 3.22s
2026-04-03 03:37:41,582 - train - INFO - Epoch: 30, loss: 1.0754, lr: 0.010000, time: 2.65s
2026-04-03 03:38:04,233 - utils - INFO - GNN F1: 0.8785, Acc: 0.9565, Recall: 0.8876, AUC: 0.9223, AP: 0.8283
2026-04-03 03:38:04,233 - utils - INFO - Label F1: 0.8875, Acc: 0.9598, Recall: 0.8942, AUC: 0.9042, AP: 0.8210
2026-04-03 03:38:09,959 - utils - INFO - GNN F1: 0.8728, Acc: 0.9541, Recall: 0.8617, AUC: 0.9287, AP: 0.8055
2026-04-03 03:38:09,959 - utils - INFO - Label F1: 0.8663, Acc: 0.9523, Recall: 0.8506, AUC: 0.8764, AP: 0.7813
2026-04-03 03:38:09,960 - train - INFO - Validation AUC: 0.9287
2026-04-03 03:38:09,967 - utils - INFO - Checkpoint saved to checkpoints\best_CARE_amazon.pt
2026-04-03 03:38:09,967 - train - INFO - New best model saved (AUC: 0.9287)
2026-04-03 03:38:09,967 - train - INFO - Training complete.
2026-04-03 03:38:09,968 - __main__ - INFO - Experiment CAPN (no priors) completed in 1415.6s
2026-04-03 03:38:09,968 - __main__ - INFO - Best GNN AUC: 0.9223228805926329
2026-04-03 03:38:09,968 - __main__ - INFO - 
============================================================
2026-04-03 03:38:09,968 - __main__ - INFO - Running experiment: CAPN (LLM priors)
2026-04-03 03:38:09,968 - __main__ - INFO - ============================================================
2026-04-03 03:38:09,969 - __main__ - INFO - Config: {'model': 'CARE', 'use_capn': True, 'llm_priors_file': 'data/llm_priors/yelp_priors.json'}
2026-04-03 03:38:09,969 - train - INFO - Using device: cuda
2026-04-03 03:38:09,969 - utils - INFO - Random seed set to 72
2026-04-03 03:38:09,970 - utils - INFO - Loading cached labels/features from amz_labels.npy, amz_features.npy
2026-04-03 03:38:15,805 - utils - INFO - Loaded amazon dataset: 11944 nodes, 25 features
2026-04-03 03:38:15,811 - train - INFO - Split: train=2159, val=1296, test=5184
2026-04-03 03:38:15,816 - train - INFO - Model: CARE, Inter-AGG: GNN, emb_size: 64
2026-04-03 03:38:15,819 - capn - INFO - Loaded LLM priors from data/llm_priors/yelp_priors.json
2026-04-03 03:38:15,827 - train - INFO - Policy network state_dim=30
2026-04-03 03:38:15,827 - train - INFO - CAPN mode enabled: policy_hidden=64, policy_lr=0.001, lambda_policy=0.1
2026-04-03 03:38:15,828 - train - INFO - Dual optimizer: GNN params=2946, Policy params=4262
2026-04-03 03:38:49,259 - train - INFO - Epoch: 0, loss: 2.1534, lr: 0.010000, time: 33.43s
2026-04-03 03:50:16,531 - utils - INFO - GNN F1: 0.3554, Acc: 0.5039, Recall: 0.3382, AUC: 0.2001, AP: 0.0565
2026-04-03 03:50:16,531 - utils - INFO - Label F1: 0.0886, Acc: 0.0973, Recall: 0.5000, AUC: 0.8218, AP: 0.5400
2026-04-03 03:53:03,608 - utils - INFO - GNN F1: 0.3782, Acc: 0.5098, Recall: 0.3876, AUC: 0.2320, AP: 0.0598
2026-04-03 03:53:03,608 - utils - INFO - Label F1: 0.0955, Acc: 0.1060, Recall: 0.5000, AUC: 0.8333, AP: 0.4740
2026-04-03 03:53:03,609 - train - INFO - Validation AUC: 0.2320
2026-04-03 03:53:03,620 - utils - INFO - Checkpoint saved to checkpoints\best_CARE_amazon.pt
2026-04-03 03:53:03,620 - train - INFO - New best model saved (AUC: 0.2320)
2026-04-03 03:53:29,368 - train - INFO - Epoch: 1, loss: 2.0992, lr: 0.010000, time: 25.75s
2026-04-03 03:53:54,309 - train - INFO - Epoch: 2, loss: 2.0241, lr: 0.010000, time: 24.94s
2026-04-03 03:54:17,583 - train - INFO - Epoch: 3, loss: 1.9805, lr: 0.010000, time: 23.27s
2026-04-03 03:54:39,807 - utils - INFO - GNN F1: 0.5313, Acc: 0.6375, Recall: 0.7249, AUC: 0.8748, AP: 0.7428
2026-04-03 03:54:39,808 - utils - INFO - Label F1: 0.8601, Acc: 0.9481, Recall: 0.8814, AUC: 0.8765, AP: 0.8013
2026-04-03 03:54:45,561 - utils - INFO - GNN F1: 0.5290, Acc: 0.6365, Recall: 0.6915, AUC: 0.8249, AP: 0.6643
2026-04-03 03:54:45,561 - utils - INFO - Label F1: 0.8147, Acc: 0.9262, Recall: 0.8295, AUC: 0.8260, AP: 0.7462
2026-04-03 03:54:45,562 - train - INFO - Validation AUC: 0.8249
2026-04-03 03:54:45,568 - utils - INFO - Checkpoint saved to checkpoints\best_CARE_amazon.pt
2026-04-03 03:54:45,568 - train - INFO - New best model saved (AUC: 0.8249)
2026-04-03 03:55:02,730 - train - INFO - Epoch: 4, loss: 1.9421, lr: 0.010000, time: 17.16s
2026-04-03 03:55:19,993 - train - INFO - Epoch: 5, loss: 1.8921, lr: 0.010000, time: 17.26s
2026-04-03 03:55:39,561 - train - INFO - Epoch: 6, loss: 1.8318, lr: 0.010000, time: 19.57s
2026-04-03 03:56:01,660 - utils - INFO - GNN F1: 0.6717, Acc: 0.8104, Recall: 0.8160, AUC: 0.8776, AP: 0.7743
2026-04-03 03:56:01,660 - utils - INFO - Label F1: 0.8008, Acc: 0.9147, Recall: 0.8709, AUC: 0.8755, AP: 0.8055
2026-04-03 03:56:08,508 - utils - INFO - GNN F1: 0.6365, Acc: 0.7776, Recall: 0.7615, AUC: 0.8271, AP: 0.7109
2026-04-03 03:56:08,509 - utils - INFO - Label F1: 0.7598, Acc: 0.8884, Recall: 0.8235, AUC: 0.8249, AP: 0.7561
2026-04-03 03:56:08,509 - train - INFO - Validation AUC: 0.8271
2026-04-03 03:56:08,518 - utils - INFO - Checkpoint saved to checkpoints\best_CARE_amazon.pt
2026-04-03 03:56:08,518 - train - INFO - New best model saved (AUC: 0.8271)
2026-04-03 03:56:28,345 - train - INFO - Epoch: 7, loss: 1.8078, lr: 0.010000, time: 19.83s
2026-04-03 03:56:41,577 - train - INFO - Epoch: 8, loss: 1.7537, lr: 0.010000, time: 13.23s
2026-04-03 03:56:51,519 - train - INFO - Epoch: 9, loss: 1.6929, lr: 0.010000, time: 9.94s
2026-04-03 03:57:15,609 - utils - INFO - GNN F1: 0.8162, Acc: 0.9250, Recall: 0.8717, AUC: 0.8791, AP: 0.7870
2026-04-03 03:57:15,610 - utils - INFO - Label F1: 0.6154, Acc: 0.7487, Recall: 0.7827, AUC: 0.8758, AP: 0.8085
2026-04-03 03:57:21,367 - utils - INFO - GNN F1: 0.7895, Acc: 0.9091, Recall: 0.8326, AUC: 0.8313, AP: 0.7281
2026-04-03 03:57:21,368 - utils - INFO - Label F1: 0.5999, Acc: 0.7347, Recall: 0.7376, AUC: 0.8252, AP: 0.7599
2026-04-03 03:57:21,368 - train - INFO - Validation AUC: 0.8313
2026-04-03 03:57:21,375 - utils - INFO - Checkpoint saved to checkpoints\best_CARE_amazon.pt
2026-04-03 03:57:21,375 - train - INFO - New best model saved (AUC: 0.8313)
2026-04-03 03:57:35,584 - train - INFO - Epoch: 10, loss: 1.6581, lr: 0.010000, time: 14.21s
2026-04-03 03:57:42,947 - train - INFO - Epoch: 11, loss: 1.6418, lr: 0.010000, time: 7.36s
2026-04-03 03:57:52,979 - train - INFO - Epoch: 12, loss: 1.6025, lr: 0.010000, time: 10.03s
2026-04-03 03:58:16,317 - utils - INFO - GNN F1: 0.8478, Acc: 0.9422, Recall: 0.8780, AUC: 0.8809, AP: 0.7934
2026-04-03 03:58:16,317 - utils - INFO - Label F1: 0.5445, Acc: 0.6558, Recall: 0.7352, AUC: 0.8761, AP: 0.8088
2026-04-03 03:58:21,942 - utils - INFO - GNN F1: 0.8234, Acc: 0.9301, Recall: 0.8419, AUC: 0.8352, AP: 0.7364
2026-04-03 03:58:21,942 - utils - INFO - Label F1: 0.5396, Acc: 0.6524, Recall: 0.6978, AUC: 0.8255, AP: 0.7610
2026-04-03 03:58:21,942 - train - INFO - Validation AUC: 0.8352
2026-04-03 03:58:21,948 - utils - INFO - Checkpoint saved to checkpoints\best_CARE_amazon.pt
2026-04-03 03:58:21,949 - train - INFO - New best model saved (AUC: 0.8352)
2026-04-03 03:58:31,123 - train - INFO - Epoch: 13, loss: 1.5707, lr: 0.010000, time: 9.17s
2026-04-03 03:58:40,898 - train - INFO - Epoch: 14, loss: 1.5599, lr: 0.010000, time: 9.77s
2026-04-03 03:58:46,875 - train - INFO - Epoch: 15, loss: 1.4824, lr: 0.010000, time: 5.98s
2026-04-03 03:59:10,928 - utils - INFO - GNN F1: 0.8569, Acc: 0.9463, Recall: 0.8820, AUC: 0.8881, AP: 0.7997
2026-04-03 03:59:10,928 - utils - INFO - Label F1: 0.7106, Acc: 0.8473, Recall: 0.8359, AUC: 0.8770, AP: 0.8100
2026-04-03 03:59:16,748 - utils - INFO - GNN F1: 0.8270, Acc: 0.9326, Recall: 0.8395, AUC: 0.8507, AP: 0.7456
2026-04-03 03:59:16,748 - utils - INFO - Label F1: 0.6765, Acc: 0.8196, Recall: 0.7850, AUC: 0.8273, AP: 0.7627
2026-04-03 03:59:16,748 - train - INFO - Validation AUC: 0.8507
2026-04-03 03:59:16,756 - utils - INFO - Checkpoint saved to checkpoints\best_CARE_amazon.pt
2026-04-03 03:59:16,757 - train - INFO - New best model saved (AUC: 0.8507)
2026-04-03 03:59:26,420 - train - INFO - Epoch: 16, loss: 1.5041, lr: 0.010000, time: 9.66s
2026-04-03 03:59:31,294 - train - INFO - Epoch: 17, loss: 1.4176, lr: 0.010000, time: 4.87s
2026-04-03 03:59:35,081 - train - INFO - Epoch: 18, loss: 1.3989, lr: 0.010000, time: 3.78s
2026-04-03 03:59:58,452 - utils - INFO - GNN F1: 0.8587, Acc: 0.9473, Recall: 0.8816, AUC: 0.9171, AP: 0.8148
2026-04-03 03:59:58,452 - utils - INFO - Label F1: 0.8221, Acc: 0.9274, Recall: 0.8779, AUC: 0.8783, AP: 0.8121
2026-04-03 04:00:04,122 - utils - INFO - GNN F1: 0.8291, Acc: 0.9336, Recall: 0.8400, AUC: 0.9053, AP: 0.7692
2026-04-03 04:00:04,122 - utils - INFO - Label F1: 0.7877, Acc: 0.9073, Recall: 0.8340, AUC: 0.8295, AP: 0.7641
2026-04-03 04:00:04,122 - train - INFO - Validation AUC: 0.9053
2026-04-03 04:00:04,130 - utils - INFO - Checkpoint saved to checkpoints\best_CARE_amazon.pt
2026-04-03 04:00:04,130 - train - INFO - New best model saved (AUC: 0.9053)
2026-04-03 04:00:09,183 - train - INFO - Epoch: 19, loss: 1.3159, lr: 0.010000, time: 5.05s
2026-04-03 04:00:13,539 - train - INFO - Epoch: 20, loss: 1.3338, lr: 0.010000, time: 4.35s
2026-04-03 04:00:17,428 - train - INFO - Epoch: 21, loss: 1.2993, lr: 0.010000, time: 3.89s
2026-04-03 04:00:41,066 - utils - INFO - GNN F1: 0.8545, Acc: 0.9450, Recall: 0.8827, AUC: 0.9197, AP: 0.8227
2026-04-03 04:00:41,066 - utils - INFO - Label F1: 0.8304, Acc: 0.9320, Recall: 0.8804, AUC: 0.8799, AP: 0.8131
2026-04-03 04:00:46,929 - utils - INFO - GNN F1: 0.8313, Acc: 0.9339, Recall: 0.8465, AUC: 0.9280, AP: 0.7940
2026-04-03 04:00:46,930 - utils - INFO - Label F1: 0.7992, Acc: 0.9147, Recall: 0.8383, AUC: 0.8323, AP: 0.7658
2026-04-03 04:00:46,930 - train - INFO - Validation AUC: 0.9280
2026-04-03 04:00:46,938 - utils - INFO - Checkpoint saved to checkpoints\best_CARE_amazon.pt
2026-04-03 04:00:46,938 - train - INFO - New best model saved (AUC: 0.9280)
2026-04-03 04:00:52,316 - train - INFO - Epoch: 22, loss: 1.2595, lr: 0.010000, time: 5.38s
2026-04-03 04:00:55,221 - train - INFO - Epoch: 23, loss: 1.2702, lr: 0.010000, time: 2.90s
2026-04-03 04:00:58,581 - train - INFO - Epoch: 24, loss: 1.2504, lr: 0.010000, time: 3.36s
2026-04-03 04:01:22,301 - utils - INFO - GNN F1: 0.8696, Acc: 0.9525, Recall: 0.8828, AUC: 0.9175, AP: 0.8246
2026-04-03 04:01:22,301 - utils - INFO - Label F1: 0.8340, Acc: 0.9338, Recall: 0.8821, AUC: 0.8820, AP: 0.8143
2026-04-03 04:01:28,033 - utils - INFO - GNN F1: 0.8515, Acc: 0.9448, Recall: 0.8476, AUC: 0.9288, AP: 0.8036
2026-04-03 04:01:28,033 - utils - INFO - Label F1: 0.8084, Acc: 0.9204, Recall: 0.8414, AUC: 0.8355, AP: 0.7677
2026-04-03 04:01:28,033 - train - INFO - Validation AUC: 0.9288
2026-04-03 04:01:28,040 - utils - INFO - Checkpoint saved to checkpoints\best_CARE_amazon.pt
2026-04-03 04:01:28,040 - train - INFO - New best model saved (AUC: 0.9288)
2026-04-03 04:01:32,403 - train - INFO - Epoch: 25, loss: 1.2073, lr: 0.010000, time: 4.36s
2026-04-03 04:01:36,055 - train - INFO - Epoch: 26, loss: 1.1789, lr: 0.010000, time: 3.65s
2026-04-03 04:01:39,925 - train - INFO - Epoch: 27, loss: 1.1687, lr: 0.010000, time: 3.87s
2026-04-03 04:02:03,590 - utils - INFO - GNN F1: 0.8867, Acc: 0.9604, Recall: 0.8859, AUC: 0.9158, AP: 0.8246
2026-04-03 04:02:03,591 - utils - INFO - Label F1: 0.8685, Acc: 0.9507, Recall: 0.8914, AUC: 0.8869, AP: 0.8162
2026-04-03 04:02:09,177 - utils - INFO - GNN F1: 0.8711, Acc: 0.9550, Recall: 0.8508, AUC: 0.9212, AP: 0.7960
2026-04-03 04:02:09,177 - utils - INFO - Label F1: 0.8448, Acc: 0.9405, Recall: 0.8528, AUC: 0.8438, AP: 0.7713
2026-04-03 04:02:09,177 - train - INFO - Validation AUC: 0.9212
2026-04-03 04:02:12,657 - train - INFO - Epoch: 28, loss: 1.1508, lr: 0.010000, time: 3.48s
2026-04-03 04:02:15,884 - train - INFO - Epoch: 29, loss: 1.1135, lr: 0.010000, time: 3.22s
2026-04-03 04:02:18,903 - train - INFO - Epoch: 30, loss: 1.0774, lr: 0.010000, time: 3.02s
2026-04-03 04:02:42,238 - utils - INFO - GNN F1: 0.8835, Acc: 0.9588, Recall: 0.8880, AUC: 0.9216, AP: 0.8292
2026-04-03 04:02:42,239 - utils - INFO - Label F1: 0.8875, Acc: 0.9598, Recall: 0.8942, AUC: 0.9042, AP: 0.8210
2026-04-03 04:02:47,847 - utils - INFO - GNN F1: 0.8728, Acc: 0.9541, Recall: 0.8617, AUC: 0.9305, AP: 0.8083
2026-04-03 04:02:47,847 - utils - INFO - Label F1: 0.8663, Acc: 0.9523, Recall: 0.8506, AUC: 0.8764, AP: 0.7813
2026-04-03 04:02:47,848 - train - INFO - Validation AUC: 0.9305
2026-04-03 04:02:47,856 - utils - INFO - Checkpoint saved to checkpoints\best_CARE_amazon.pt
2026-04-03 04:02:47,857 - train - INFO - New best model saved (AUC: 0.9305)
2026-04-03 04:02:47,857 - train - INFO - Training complete.
2026-04-03 04:02:48,751 - __main__ - INFO - Experiment CAPN (LLM priors) completed in 1478.8s
2026-04-03 04:02:48,752 - __main__ - INFO - Best GNN AUC: 0.9216331994761018
2026-04-03 04:02:48,753 - __main__ - INFO - Results saved to results/ablation\capn_llm\ablation_results_20260403_040248.json
2026-04-03 04:02:49,649 - __main__ - INFO - 

Starting study: capn_lambda
2026-04-03 04:02:49,650 - __main__ - INFO - 
============================================================
2026-04-03 04:02:49,650 - __main__ - INFO - Running experiment: lambda_policy=0.01
2026-04-03 04:02:49,650 - __main__ - INFO - ============================================================
2026-04-03 04:02:49,650 - __main__ - INFO - Config: {'model': 'CARE', 'use_capn': True, 'lambda_policy': 0.01}
2026-04-03 04:02:49,651 - train - INFO - Using device: cuda
2026-04-03 04:02:49,652 - utils - INFO - Random seed set to 72
2026-04-03 04:02:49,652 - utils - INFO - Loading cached labels/features from amz_labels.npy, amz_features.npy
2026-04-03 04:02:54,785 - utils - INFO - Loaded amazon dataset: 11944 nodes, 25 features
2026-04-03 04:02:54,791 - train - INFO - Split: train=2159, val=1296, test=5184
2026-04-03 04:02:54,797 - train - INFO - Model: CARE, Inter-AGG: GNN, emb_size: 64
2026-04-03 04:02:54,805 - train - INFO - Policy network state_dim=30
2026-04-03 04:02:54,805 - train - INFO - CAPN mode enabled: policy_hidden=64, policy_lr=0.001, lambda_policy=0.01
2026-04-03 04:02:54,807 - train - INFO - Dual optimizer: GNN params=2946, Policy params=4262
2026-04-03 04:03:26,888 - train - INFO - Epoch: 0, loss: 2.1606, lr: 0.010000, time: 32.08s
2026-04-03 04:14:32,182 - utils - INFO - GNN F1: 0.3042, Acc: 0.4007, Recall: 0.2912, AUC: 0.1760, AP: 0.0546
2026-04-03 04:14:32,183 - utils - INFO - Label F1: 0.0886, Acc: 0.0973, Recall: 0.5000, AUC: 0.8218, AP: 0.5400
2026-04-03 04:17:14,537 - utils - INFO - GNN F1: 0.3224, Acc: 0.4074, Recall: 0.3390, AUC: 0.2014, AP: 0.0563
2026-04-03 04:17:14,538 - utils - INFO - Label F1: 0.0955, Acc: 0.1060, Recall: 0.5000, AUC: 0.8333, AP: 0.4740
2026-04-03 04:17:14,538 - train - INFO - Validation AUC: 0.2014
2026-04-03 04:17:14,549 - utils - INFO - Checkpoint saved to checkpoints\best_CARE_amazon.pt
2026-04-03 04:17:14,549 - train - INFO - New best model saved (AUC: 0.2014)
2026-04-03 04:17:39,150 - train - INFO - Epoch: 1, loss: 2.1016, lr: 0.010000, time: 24.60s
2026-04-03 04:18:03,507 - train - INFO - Epoch: 2, loss: 2.0285, lr: 0.010000, time: 24.36s
2026-04-03 04:18:24,998 - train - INFO - Epoch: 3, loss: 1.9835, lr: 0.010000, time: 21.49s
2026-04-03 04:18:48,219 - utils - INFO - GNN F1: 0.5018, Acc: 0.5916, Recall: 0.7131, AUC: 0.8630, AP: 0.6793
2026-04-03 04:18:48,220 - utils - INFO - Label F1: 0.8601, Acc: 0.9481, Recall: 0.8814, AUC: 0.8765, AP: 0.8013
2026-04-03 04:18:53,880 - utils - INFO - GNN F1: 0.4865, Acc: 0.5782, Recall: 0.6526, AUC: 0.8158, AP: 0.6178
2026-04-03 04:18:53,880 - utils - INFO - Label F1: 0.8147, Acc: 0.9262, Recall: 0.8295, AUC: 0.8260, AP: 0.7462
2026-04-03 04:18:53,881 - train - INFO - Validation AUC: 0.8158
2026-04-03 04:18:53,887 - utils - INFO - Checkpoint saved to checkpoints\best_CARE_amazon.pt
2026-04-03 04:18:53,888 - train - INFO - New best model saved (AUC: 0.8158)
2026-04-03 04:19:09,684 - train - INFO - Epoch: 4, loss: 1.9439, lr: 0.010000, time: 15.79s
2026-04-03 04:19:26,487 - train - INFO - Epoch: 5, loss: 1.8916, lr: 0.010000, time: 16.80s
2026-04-03 04:19:45,592 - train - INFO - Epoch: 6, loss: 1.8335, lr: 0.010000, time: 19.10s
2026-04-03 04:20:09,651 - utils - INFO - GNN F1: 0.6350, Acc: 0.7716, Recall: 0.7946, AUC: 0.8712, AP: 0.7395
2026-04-03 04:20:09,651 - utils - INFO - Label F1: 0.8008, Acc: 0.9147, Recall: 0.8709, AUC: 0.8755, AP: 0.8055
2026-04-03 04:20:15,554 - utils - INFO - GNN F1: 0.6227, Acc: 0.7621, Recall: 0.7529, AUC: 0.8252, AP: 0.6783
2026-04-03 04:20:15,554 - utils - INFO - Label F1: 0.7598, Acc: 0.8884, Recall: 0.8235, AUC: 0.8249, AP: 0.7561
2026-04-03 04:20:15,554 - train - INFO - Validation AUC: 0.8252
2026-04-03 04:20:15,562 - utils - INFO - Checkpoint saved to checkpoints\best_CARE_amazon.pt
2026-04-03 04:20:15,562 - train - INFO - New best model saved (AUC: 0.8252)
2026-04-03 04:20:34,588 - train - INFO - Epoch: 7, loss: 1.8081, lr: 0.010000, time: 19.02s
2026-04-03 04:20:47,312 - train - INFO - Epoch: 8, loss: 1.7529, lr: 0.010000, time: 12.72s
2026-04-03 04:20:56,838 - train - INFO - Epoch: 9, loss: 1.6936, lr: 0.010000, time: 9.52s
2026-04-03 04:21:20,529 - utils - INFO - GNN F1: 0.7606, Acc: 0.8896, Recall: 0.8506, AUC: 0.8758, AP: 0.7631
2026-04-03 04:21:20,529 - utils - INFO - Label F1: 0.6154, Acc: 0.7487, Recall: 0.7827, AUC: 0.8758, AP: 0.8085
2026-04-03 04:21:26,609 - utils - INFO - GNN F1: 0.7476, Acc: 0.8820, Recall: 0.8149, AUC: 0.8318, AP: 0.7018
2026-04-03 04:21:26,609 - utils - INFO - Label F1: 0.5999, Acc: 0.7347, Recall: 0.7376, AUC: 0.8252, AP: 0.7599
2026-04-03 04:21:26,609 - train - INFO - Validation AUC: 0.8318
2026-04-03 04:21:26,617 - utils - INFO - Checkpoint saved to checkpoints\best_CARE_amazon.pt
2026-04-03 04:21:26,617 - train - INFO - New best model saved (AUC: 0.8318)
2026-04-03 04:21:41,902 - train - INFO - Epoch: 10, loss: 1.6621, lr: 0.010000, time: 15.28s
2026-04-03 04:21:50,749 - train - INFO - Epoch: 11, loss: 1.6452, lr: 0.010000, time: 8.84s
2026-04-03 04:22:02,284 - train - INFO - Epoch: 12, loss: 1.6111, lr: 0.010000, time: 11.53s
2026-04-03 04:22:27,746 - utils - INFO - GNN F1: 0.8364, Acc: 0.9368, Recall: 0.8729, AUC: 0.8790, AP: 0.7764
2026-04-03 04:22:27,746 - utils - INFO - Label F1: 0.5445, Acc: 0.6558, Recall: 0.7352, AUC: 0.8761, AP: 0.8088
2026-04-03 04:22:33,676 - utils - INFO - GNN F1: 0.8147, Acc: 0.9259, Recall: 0.8370, AUC: 0.8374, AP: 0.7158
2026-04-03 04:22:33,677 - utils - INFO - Label F1: 0.5396, Acc: 0.6524, Recall: 0.6978, AUC: 0.8255, AP: 0.7610
2026-04-03 04:22:33,677 - train - INFO - Validation AUC: 0.8374
2026-04-03 04:22:33,899 - utils - INFO - Checkpoint saved to checkpoints\best_CARE_amazon.pt
2026-04-03 04:22:33,899 - train - INFO - New best model saved (AUC: 0.8374)
2026-04-03 04:22:43,588 - train - INFO - Epoch: 13, loss: 1.5830, lr: 0.010000, time: 9.69s
2026-04-03 04:22:52,893 - train - INFO - Epoch: 14, loss: 1.5616, lr: 0.010000, time: 9.30s
2026-04-03 04:22:58,678 - train - INFO - Epoch: 15, loss: 1.4898, lr: 0.010000, time: 5.78s
2026-04-03 04:23:22,077 - utils - INFO - GNN F1: 0.8468, Acc: 0.9416, Recall: 0.8787, AUC: 0.8851, AP: 0.7878
2026-04-03 04:23:22,077 - utils - INFO - Label F1: 0.7106, Acc: 0.8473, Recall: 0.8359, AUC: 0.8770, AP: 0.8100
2026-04-03 04:23:27,811 - utils - INFO - GNN F1: 0.8252, Acc: 0.9306, Recall: 0.8447, AUC: 0.8501, AP: 0.7298
2026-04-03 04:23:27,812 - utils - INFO - Label F1: 0.6765, Acc: 0.8196, Recall: 0.7850, AUC: 0.8273, AP: 0.7627
2026-04-03 04:23:27,812 - train - INFO - Validation AUC: 0.8501
2026-04-03 04:23:27,819 - utils - INFO - Checkpoint saved to checkpoints\best_CARE_amazon.pt
2026-04-03 04:23:27,848 - train - INFO - New best model saved (AUC: 0.8501)
2026-04-03 04:23:37,284 - train - INFO - Epoch: 16, loss: 1.5126, lr: 0.010000, time: 9.43s
2026-04-03 04:23:42,139 - train - INFO - Epoch: 17, loss: 1.4229, lr: 0.010000, time: 4.85s
2026-04-03 04:23:45,788 - train - INFO - Epoch: 18, loss: 1.4006, lr: 0.010000, time: 3.65s
2026-04-03 04:24:10,842 - utils - INFO - GNN F1: 0.8535, Acc: 0.9448, Recall: 0.8803, AUC: 0.9188, AP: 0.8099
2026-04-03 04:24:10,850 - utils - INFO - Label F1: 0.8221, Acc: 0.9274, Recall: 0.8779, AUC: 0.8783, AP: 0.8121
2026-04-03 04:24:16,858 - utils - INFO - GNN F1: 0.8339, Acc: 0.9353, Recall: 0.8486, AUC: 0.9101, AP: 0.7637
2026-04-03 04:24:16,859 - utils - INFO - Label F1: 0.7877, Acc: 0.9073, Recall: 0.8340, AUC: 0.8295, AP: 0.7641
2026-04-03 04:24:16,859 - train - INFO - Validation AUC: 0.9101
2026-04-03 04:24:16,866 - utils - INFO - Checkpoint saved to checkpoints\best_CARE_amazon.pt
2026-04-03 04:24:16,866 - train - INFO - New best model saved (AUC: 0.9101)
2026-04-03 04:24:22,010 - train - INFO - Epoch: 19, loss: 1.3211, lr: 0.010000, time: 5.14s
2026-04-03 04:24:26,023 - train - INFO - Epoch: 20, loss: 1.3386, lr: 0.010000, time: 4.01s
2026-04-03 04:24:29,896 - train - INFO - Epoch: 21, loss: 1.3049, lr: 0.010000, time: 3.87s
2026-04-03 04:24:53,759 - utils - INFO - GNN F1: 0.8584, Acc: 0.9468, Recall: 0.8837, AUC: 0.9146, AP: 0.8157
2026-04-03 04:24:53,759 - utils - INFO - Label F1: 0.8304, Acc: 0.9320, Recall: 0.8804, AUC: 0.8799, AP: 0.8131
2026-04-03 04:24:59,729 - utils - INFO - GNN F1: 0.8348, Acc: 0.9363, Recall: 0.8453, AUC: 0.9225, AP: 0.7842
2026-04-03 04:24:59,729 - utils - INFO - Label F1: 0.7992, Acc: 0.9147, Recall: 0.8383, AUC: 0.8323, AP: 0.7658
2026-04-03 04:24:59,729 - train - INFO - Validation AUC: 0.9225
2026-04-03 04:24:59,738 - utils - INFO - Checkpoint saved to checkpoints\best_CARE_amazon.pt
2026-04-03 04:24:59,738 - train - INFO - New best model saved (AUC: 0.9225)
2026-04-03 04:25:04,913 - train - INFO - Epoch: 22, loss: 1.2695, lr: 0.010000, time: 5.17s
2026-04-03 04:25:07,913 - train - INFO - Epoch: 23, loss: 1.2715, lr: 0.010000, time: 3.00s
2026-04-03 04:25:11,320 - train - INFO - Epoch: 24, loss: 1.2519, lr: 0.010000, time: 3.40s
2026-04-03 04:25:37,304 - utils - INFO - GNN F1: 0.8685, Acc: 0.9521, Recall: 0.8813, AUC: 0.9152, AP: 0.8188
2026-04-03 04:25:37,304 - utils - INFO - Label F1: 0.8340, Acc: 0.9338, Recall: 0.8821, AUC: 0.8820, AP: 0.8143
2026-04-03 04:25:44,312 - utils - INFO - GNN F1: 0.8522, Acc: 0.9467, Recall: 0.8398, AUC: 0.9200, AP: 0.7867
2026-04-03 04:25:44,313 - utils - INFO - Label F1: 0.8084, Acc: 0.9204, Recall: 0.8414, AUC: 0.8355, AP: 0.7677
2026-04-03 04:25:44,313 - train - INFO - Validation AUC: 0.9200
2026-04-03 04:25:49,074 - train - INFO - Epoch: 25, loss: 1.2117, lr: 0.010000, time: 4.76s
2026-04-03 04:25:53,917 - train - INFO - Epoch: 26, loss: 1.1791, lr: 0.010000, time: 4.84s
2026-04-03 04:25:58,183 - train - INFO - Epoch: 27, loss: 1.1707, lr: 0.010000, time: 4.26s
2026-04-03 04:26:22,278 - utils - INFO - GNN F1: 0.8804, Acc: 0.9574, Recall: 0.8834, AUC: 0.9162, AP: 0.8217
2026-04-03 04:26:22,278 - utils - INFO - Label F1: 0.8685, Acc: 0.9507, Recall: 0.8914, AUC: 0.8869, AP: 0.8162
2026-04-03 04:26:28,944 - utils - INFO - GNN F1: 0.8605, Acc: 0.9505, Recall: 0.8419, AUC: 0.9219, AP: 0.7956
2026-04-03 04:26:28,945 - utils - INFO - Label F1: 0.8448, Acc: 0.9405, Recall: 0.8528, AUC: 0.8438, AP: 0.7713
2026-04-03 04:26:28,961 - train - INFO - Validation AUC: 0.9219
2026-04-03 04:26:33,367 - train - INFO - Epoch: 28, loss: 1.1484, lr: 0.010000, time: 4.41s
2026-04-03 04:26:36,844 - train - INFO - Epoch: 29, loss: 1.1135, lr: 0.010000, time: 3.47s
2026-04-03 04:26:39,768 - train - INFO - Epoch: 30, loss: 1.0755, lr: 0.010000, time: 2.92s
2026-04-03 04:27:04,946 - utils - INFO - GNN F1: 0.8781, Acc: 0.9564, Recall: 0.8875, AUC: 0.9223, AP: 0.8283
2026-04-03 04:27:04,947 - utils - INFO - Label F1: 0.8875, Acc: 0.9598, Recall: 0.8942, AUC: 0.9042, AP: 0.8210
2026-04-03 04:27:11,043 - utils - INFO - GNN F1: 0.8728, Acc: 0.9541, Recall: 0.8617, AUC: 0.9287, AP: 0.8056
2026-04-03 04:27:11,043 - utils - INFO - Label F1: 0.8663, Acc: 0.9523, Recall: 0.8506, AUC: 0.8764, AP: 0.7813
2026-04-03 04:27:11,044 - train - INFO - Validation AUC: 0.9287
2026-04-03 04:27:11,089 - utils - INFO - Checkpoint saved to checkpoints\best_CARE_amazon.pt
2026-04-03 04:27:11,089 - train - INFO - New best model saved (AUC: 0.9287)
2026-04-03 04:27:11,089 - train - INFO - Training complete.
2026-04-03 04:27:11,090 - __main__ - INFO - Experiment lambda_policy=0.01 completed in 1461.4s
2026-04-03 04:27:11,090 - __main__ - INFO - Best GNN AUC: 0.9223051521125213
2026-04-03 04:27:11,090 - __main__ - INFO - 
============================================================
2026-04-03 04:27:11,091 - __main__ - INFO - Running experiment: lambda_policy=0.05
2026-04-03 04:27:11,091 - __main__ - INFO - ============================================================
2026-04-03 04:27:11,091 - __main__ - INFO - Config: {'model': 'CARE', 'use_capn': True, 'lambda_policy': 0.05}
2026-04-03 04:27:11,091 - train - INFO - Using device: cuda
2026-04-03 04:27:11,777 - utils - INFO - Random seed set to 72
2026-04-03 04:27:11,778 - utils - INFO - Loading cached labels/features from amz_labels.npy, amz_features.npy
2026-04-03 04:27:23,568 - utils - INFO - Loaded amazon dataset: 11944 nodes, 25 features
2026-04-03 04:27:23,576 - train - INFO - Split: train=2159, val=1296, test=5184
2026-04-03 04:27:23,613 - train - INFO - Model: CARE, Inter-AGG: GNN, emb_size: 64
2026-04-03 04:27:23,622 - train - INFO - Policy network state_dim=30
2026-04-03 04:27:23,622 - train - INFO - CAPN mode enabled: policy_hidden=64, policy_lr=0.001, lambda_policy=0.05
2026-04-03 04:27:23,624 - train - INFO - Dual optimizer: GNN params=2946, Policy params=4262
2026-04-03 04:27:58,413 - train - INFO - Epoch: 0, loss: 2.1607, lr: 0.010000, time: 34.79s
2026-04-03 04:40:08,185 - utils - INFO - GNN F1: 0.3042, Acc: 0.4007, Recall: 0.2912, AUC: 0.1760, AP: 0.0546
2026-04-03 04:40:08,187 - utils - INFO - Label F1: 0.0886, Acc: 0.0973, Recall: 0.5000, AUC: 0.8218, AP: 0.5400
2026-04-03 04:40:47,910 - __main__ - ERROR - Experiment lambda_policy=0.05 failed: 
2026-04-03 04:40:48,630 - __main__ - INFO - 
============================================================
2026-04-03 04:40:48,631 - __main__ - INFO - Running experiment: lambda_policy=0.1
2026-04-03 04:40:48,631 - __main__ - INFO - ============================================================
2026-04-03 04:40:48,632 - __main__ - INFO - Config: {'model': 'CARE', 'use_capn': True, 'lambda_policy': 0.1}
2026-04-03 04:40:48,632 - train - INFO - Using device: cuda
2026-04-03 04:40:48,646 - utils - INFO - Random seed set to 72
2026-04-03 04:40:48,648 - utils - INFO - Loading cached labels/features from amz_labels.npy, amz_features.npy
2026-04-03 04:40:53,496 - utils - INFO - Loaded amazon dataset: 11944 nodes, 25 features
2026-04-03 04:40:53,503 - train - INFO - Split: train=2159, val=1296, test=5184
2026-04-03 04:40:53,509 - train - INFO - Model: CARE, Inter-AGG: GNN, emb_size: 64
2026-04-03 04:40:53,528 - train - INFO - Policy network state_dim=30
2026-04-03 04:40:53,529 - train - INFO - CAPN mode enabled: policy_hidden=64, policy_lr=0.001, lambda_policy=0.1
2026-04-03 04:40:53,531 - train - INFO - Dual optimizer: GNN params=2946, Policy params=4262
2026-04-03 04:41:31,551 - train - INFO - Epoch: 0, loss: 2.1607, lr: 0.010000, time: 38.02s
2026-04-03 04:54:32,770 - utils - INFO - GNN F1: 0.3042, Acc: 0.4007, Recall: 0.2912, AUC: 0.1760, AP: 0.0546
2026-04-03 04:54:32,771 - utils - INFO - Label F1: 0.0886, Acc: 0.0973, Recall: 0.5000, AUC: 0.8218, AP: 0.5400
2026-04-03 04:55:16,190 - __main__ - ERROR - Experiment lambda_policy=0.1 failed: 
2026-04-03 04:55:16,991 - __main__ - INFO - 
============================================================
2026-04-03 04:55:16,991 - __main__ - INFO - Running experiment: lambda_policy=0.5
2026-04-03 04:55:16,992 - __main__ - INFO - ============================================================
2026-04-03 04:55:16,992 - __main__ - INFO - Config: {'model': 'CARE', 'use_capn': True, 'lambda_policy': 0.5}
2026-04-03 04:55:16,993 - train - INFO - Using device: cuda
2026-04-03 04:55:16,994 - utils - INFO - Random seed set to 72
2026-04-03 04:55:16,994 - utils - INFO - Loading cached labels/features from amz_labels.npy, amz_features.npy
2026-04-03 04:55:21,672 - utils - INFO - Loaded amazon dataset: 11944 nodes, 25 features
2026-04-03 04:55:21,678 - train - INFO - Split: train=2159, val=1296, test=5184
2026-04-03 04:55:21,685 - train - INFO - Model: CARE, Inter-AGG: GNN, emb_size: 64
2026-04-03 04:55:21,693 - train - INFO - Policy network state_dim=30
2026-04-03 04:55:21,694 - train - INFO - CAPN mode enabled: policy_hidden=64, policy_lr=0.001, lambda_policy=0.5
2026-04-03 04:55:21,696 - train - INFO - Dual optimizer: GNN params=2946, Policy params=4262
2026-04-03 04:55:58,886 - train - INFO - Epoch: 0, loss: 2.1613, lr: 0.010000, time: 37.19s
2026-04-03 05:08:42,729 - utils - INFO - GNN F1: 0.3042, Acc: 0.4007, Recall: 0.2912, AUC: 0.1760, AP: 0.0546
2026-04-03 05:08:42,729 - utils - INFO - Label F1: 0.0886, Acc: 0.0973, Recall: 0.5000, AUC: 0.8218, AP: 0.5400
2026-04-03 05:09:25,260 - __main__ - ERROR - Experiment lambda_policy=0.5 failed: 
2026-04-03 05:09:26,067 - __main__ - INFO - Results saved to results/ablation\capn_lambda\ablation_results_20260403_050926.json
